{"pages":["Freehand-Regular.png"],"chars":[{"id":102,"index":32,"char":"f","width":25,"height":49,"xoffset":-5,"yoffset":22,"xadvance":14,"chnl":15,"x":0,"y":0,"page":0},{"id":87,"index":23,"char":"W","width":44,"height":37,"xoffset":-2,"yoffset":22,"xadvance":31,"chnl":15,"x":0,"y":50,"page":0},{"id":77,"index":13,"char":"M","width":43,"height":36,"xoffset":-1,"yoffset":22,"xadvance":37,"chnl":15,"x":26,"y":0,"page":0},{"id":89,"index":25,"char":"Y","width":34,"height":41,"xoffset":-2,"yoffset":22,"xadvance":25,"chnl":15,"x":0,"y":88,"page":0},{"id":106,"index":36,"char":"j","width":28,"height":41,"xoffset":-13,"yoffset":33,"xadvance":10,"chnl":15,"x":0,"y":130,"page":0},{"id":81,"index":17,"char":"Q","width":26,"height":40,"xoffset":0,"yoffset":22,"xadvance":22,"chnl":15,"x":0,"y":172,"page":0},{"id":82,"index":18,"char":"R","width":32,"height":40,"xoffset":-3,"yoffset":23,"xadvance":23,"chnl":15,"x":0,"y":213,"page":0},{"id":56,"index":218,"char":"8","width":29,"height":39,"xoffset":-1,"yoffset":20,"xadvance":19,"chnl":15,"x":27,"y":172,"page":0},{"id":109,"index":39,"char":"m","width":39,"height":19,"xoffset":-4,"yoffset":38,"xadvance":29,"chnl":15,"x":29,"y":130,"page":0},{"id":38,"index":262,"char":"&","width":29,"height":38,"xoffset":-2,"yoffset":22,"xadvance":23,"chnl":15,"x":35,"y":88,"page":0},{"id":71,"index":7,"char":"G","width":37,"height":38,"xoffset":-3,"yoffset":21,"xadvance":25,"chnl":15,"x":45,"y":37,"page":0},{"id":75,"index":11,"char":"K","width":31,"height":38,"xoffset":-3,"yoffset":22,"xadvance":22,"chnl":15,"x":65,"y":76,"page":0},{"id":88,"index":24,"char":"X","width":36,"height":38,"xoffset":-3,"yoffset":22,"xadvance":25,"chnl":15,"x":83,"y":0,"page":0},{"id":123,"index":242,"char":"{","width":24,"height":38,"xoffset":-1,"yoffset":21,"xadvance":12,"chnl":15,"x":0,"y":254,"page":0},{"id":125,"index":243,"char":"}","width":24,"height":38,"xoffset":-7,"yoffset":21,"xadvance":12,"chnl":15,"x":0,"y":293,"page":0},{"id":36,"index":261,"char":"$","width":24,"height":37,"xoffset":-2,"yoffset":22,"xadvance":17,"chnl":15,"x":0,"y":332,"page":0},{"id":40,"index":240,"char":"(","width":20,"height":37,"xoffset":0,"yoffset":22,"xadvance":11,"chnl":15,"x":0,"y":370,"page":0},{"id":41,"index":241,"char":")","width":20,"height":37,"xoffset":-5,"yoffset":22,"xadvance":12,"chnl":15,"x":0,"y":408,"page":0},{"id":49,"index":211,"char":"1","width":22,"height":37,"xoffset":-2,"yoffset":22,"xadvance":15,"chnl":15,"x":0,"y":446,"page":0},{"id":52,"index":214,"char":"4","width":25,"height":37,"xoffset":0,"yoffset":22,"xadvance":19,"chnl":15,"x":21,"y":370,"page":0},{"id":65,"index":1,"char":"A","width":31,"height":37,"xoffset":-1,"yoffset":22,"xadvance":25,"chnl":15,"x":21,"y":408,"page":0},{"id":67,"index":3,"char":"C","width":29,"height":37,"xoffset":-2,"yoffset":22,"xadvance":22,"chnl":15,"x":25,"y":254,"page":0},{"id":70,"index":6,"char":"F","width":27,"height":37,"xoffset":-1,"yoffset":23,"xadvance":18,"chnl":15,"x":33,"y":212,"page":0},{"id":72,"index":8,"char":"H","width":36,"height":37,"xoffset":-3,"yoffset":22,"xadvance":26,"chnl":15,"x":57,"y":150,"page":0},{"id":76,"index":12,"char":"L","width":20,"height":37,"xoffset":-3,"yoffset":22,"xadvance":16,"chnl":15,"x":25,"y":292,"page":0},{"id":78,"index":14,"char":"N","width":31,"height":37,"xoffset":-2,"yoffset":22,"xadvance":25,"chnl":15,"x":25,"y":330,"page":0},{"id":85,"index":21,"char":"U","width":32,"height":37,"xoffset":-1,"yoffset":22,"xadvance":26,"chnl":15,"x":46,"y":292,"page":0},{"id":91,"index":244,"char":"[","width":24,"height":37,"xoffset":-3,"yoffset":21,"xadvance":10,"chnl":15,"x":47,"y":368,"page":0},{"id":93,"index":245,"char":"]","width":24,"height":37,"xoffset":-7,"yoffset":22,"xadvance":9,"chnl":15,"x":57,"y":330,"page":0},{"id":116,"index":46,"char":"t","width":29,"height":37,"xoffset":-3,"yoffset":22,"xadvance":12,"chnl":15,"x":55,"y":250,"page":0},{"id":121,"index":51,"char":"y","width":30,"height":37,"xoffset":-4,"yoffset":37,"xadvance":19,"chnl":15,"x":79,"y":288,"page":0},{"id":33,"index":234,"char":"!","width":22,"height":36,"xoffset":-2,"yoffset":22,"xadvance":13,"chnl":15,"x":83,"y":39,"page":0},{"id":47,"index":238,"char":"/","width":32,"height":36,"xoffset":-6,"yoffset":22,"xadvance":16,"chnl":15,"x":61,"y":188,"page":0},{"id":50,"index":212,"char":"2","width":26,"height":36,"xoffset":-2,"yoffset":22,"xadvance":19,"chnl":15,"x":85,"y":225,"page":0},{"id":51,"index":213,"char":"3","width":26,"height":36,"xoffset":-2,"yoffset":22,"xadvance":21,"chnl":15,"x":94,"y":115,"page":0},{"id":53,"index":215,"char":"5","width":31,"height":36,"xoffset":-2,"yoffset":22,"xadvance":20,"chnl":15,"x":97,"y":76,"page":0},{"id":54,"index":216,"char":"6","width":24,"height":36,"xoffset":0,"yoffset":22,"xadvance":20,"chnl":15,"x":106,"y":39,"page":0},{"id":55,"index":217,"char":"7","width":28,"height":36,"xoffset":-1,"yoffset":22,"xadvance":18,"chnl":15,"x":120,"y":0,"page":0},{"id":57,"index":219,"char":"9","width":20,"height":36,"xoffset":2,"yoffset":22,"xadvance":17,"chnl":15,"x":94,"y":152,"page":0},{"id":63,"index":235,"char":"?","width":26,"height":36,"xoffset":0,"yoffset":22,"xadvance":19,"chnl":15,"x":0,"y":484,"page":0},{"id":66,"index":2,"char":"B","width":31,"height":36,"xoffset":-3,"yoffset":22,"xadvance":23,"chnl":15,"x":23,"y":446,"page":0},{"id":68,"index":4,"char":"D","width":29,"height":36,"xoffset":-1,"yoffset":23,"xadvance":23,"chnl":15,"x":53,"y":406,"page":0},{"id":69,"index":5,"char":"E","width":28,"height":36,"xoffset":-4,"yoffset":23,"xadvance":18,"chnl":15,"x":72,"y":368,"page":0},{"id":73,"index":9,"char":"I","width":27,"height":36,"xoffset":-5,"yoffset":23,"xadvance":12,"chnl":15,"x":82,"y":326,"page":0},{"id":74,"index":10,"char":"J","width":30,"height":36,"xoffset":-7,"yoffset":23,"xadvance":15,"chnl":15,"x":0,"y":521,"page":0},{"id":79,"index":15,"char":"O","width":30,"height":36,"xoffset":0,"yoffset":23,"xadvance":23,"chnl":15,"x":27,"y":483,"page":0},{"id":80,"index":16,"char":"P","width":30,"height":36,"xoffset":-3,"yoffset":23,"xadvance":19,"chnl":15,"x":55,"y":443,"page":0},{"id":83,"index":19,"char":"S","width":29,"height":36,"xoffset":-2,"yoffset":22,"xadvance":20,"chnl":15,"x":83,"y":405,"page":0},{"id":84,"index":20,"char":"T","width":29,"height":36,"xoffset":0,"yoffset":22,"xadvance":16,"chnl":15,"x":101,"y":363,"page":0},{"id":86,"index":22,"char":"V","width":32,"height":36,"xoffset":1,"yoffset":22,"xadvance":21,"chnl":15,"x":110,"y":262,"page":0},{"id":90,"index":26,"char":"Z","width":31,"height":36,"xoffset":-3,"yoffset":22,"xadvance":22,"chnl":15,"x":110,"y":299,"page":0},{"id":92,"index":239,"char":"\\","width":8,"height":36,"xoffset":4,"yoffset":22,"xadvance":11,"chnl":15,"x":70,"y":0,"page":0},{"id":98,"index":28,"char":"b","width":23,"height":36,"xoffset":-2,"yoffset":22,"xadvance":15,"chnl":15,"x":112,"y":189,"page":0},{"id":100,"index":30,"char":"d","width":28,"height":36,"xoffset":-3,"yoffset":22,"xadvance":18,"chnl":15,"x":115,"y":152,"page":0},{"id":103,"index":33,"char":"g","width":27,"height":36,"xoffset":-4,"yoffset":38,"xadvance":18,"chnl":15,"x":121,"y":113,"page":0},{"id":108,"index":38,"char":"l","width":18,"height":36,"xoffset":-2,"yoffset":22,"xadvance":11,"chnl":15,"x":129,"y":76,"page":0},{"id":122,"index":52,"char":"z","width":24,"height":36,"xoffset":-12,"yoffset":37,"xadvance":13,"chnl":15,"x":131,"y":37,"page":0},{"id":124,"index":263,"char":"|","width":20,"height":36,"xoffset":-3,"yoffset":22,"xadvance":11,"chnl":15,"x":149,"y":0,"page":0},{"id":37,"index":271,"char":"%","width":31,"height":35,"xoffset":-1,"yoffset":22,"xadvance":25,"chnl":15,"x":112,"y":226,"page":0},{"id":48,"index":210,"char":"0","width":27,"height":35,"xoffset":0,"yoffset":23,"xadvance":22,"chnl":15,"x":136,"y":189,"page":0},{"id":64,"index":273,"char":"@","width":34,"height":35,"xoffset":1,"yoffset":22,"xadvance":33,"chnl":15,"x":148,"y":74,"page":0},{"id":104,"index":34,"char":"h","width":28,"height":35,"xoffset":-4,"yoffset":23,"xadvance":19,"chnl":15,"x":156,"y":37,"page":0},{"id":107,"index":37,"char":"k","width":28,"height":35,"xoffset":-5,"yoffset":23,"xadvance":19,"chnl":15,"x":170,"y":0,"page":0},{"id":119,"index":49,"char":"w","width":35,"height":20,"xoffset":-3,"yoffset":38,"xadvance":26,"chnl":15,"x":110,"y":336,"page":0},{"id":35,"index":237,"char":"#","width":33,"height":34,"xoffset":-1,"yoffset":23,"xadvance":26,"chnl":15,"x":142,"y":299,"page":0},{"id":113,"index":43,"char":"q","width":19,"height":34,"xoffset":-3,"yoffset":38,"xadvance":15,"chnl":15,"x":69,"y":115,"page":0},{"id":161,"index":0,"char":"¡","width":21,"height":34,"xoffset":0,"yoffset":23,"xadvance":21,"chnl":15,"x":143,"y":262,"page":0},{"id":162,"index":0,"char":"¢","width":21,"height":34,"xoffset":0,"yoffset":23,"xadvance":21,"chnl":15,"x":144,"y":225,"page":0},{"id":163,"index":0,"char":"£","width":21,"height":34,"xoffset":0,"yoffset":23,"xadvance":21,"chnl":15,"x":144,"y":150,"page":0},{"id":164,"index":0,"char":"¤","width":21,"height":34,"xoffset":0,"yoffset":23,"xadvance":21,"chnl":15,"x":165,"y":260,"page":0},{"id":165,"index":0,"char":"¥","width":21,"height":34,"xoffset":0,"yoffset":23,"xadvance":21,"chnl":15,"x":149,"y":110,"page":0},{"id":166,"index":0,"char":"¦","width":21,"height":34,"xoffset":0,"yoffset":23,"xadvance":21,"chnl":15,"x":164,"y":185,"page":0},{"id":167,"index":0,"char":"§","width":21,"height":34,"xoffset":0,"yoffset":23,"xadvance":21,"chnl":15,"x":166,"y":145,"page":0},{"id":168,"index":0,"char":"¨","width":21,"height":34,"xoffset":0,"yoffset":23,"xadvance":21,"chnl":15,"x":171,"y":110,"page":0},{"id":169,"index":0,"char":"©","width":21,"height":34,"xoffset":0,"yoffset":23,"xadvance":21,"chnl":15,"x":183,"y":73,"page":0},{"id":170,"index":0,"char":"ª","width":21,"height":34,"xoffset":0,"yoffset":23,"xadvance":21,"chnl":15,"x":185,"y":36,"page":0},{"id":172,"index":0,"char":"¬","width":21,"height":34,"xoffset":0,"yoffset":23,"xadvance":21,"chnl":15,"x":199,"y":0,"page":0},{"id":173,"index":0,"char":"­","width":21,"height":34,"xoffset":0,"yoffset":23,"xadvance":21,"chnl":15,"x":166,"y":220,"page":0},{"id":174,"index":0,"char":"®","width":21,"height":34,"xoffset":0,"yoffset":23,"xadvance":21,"chnl":15,"x":186,"y":180,"page":0},{"id":175,"index":0,"char":"¯","width":21,"height":34,"xoffset":0,"yoffset":23,"xadvance":21,"chnl":15,"x":188,"y":145,"page":0},{"id":176,"index":0,"char":"°","width":21,"height":34,"xoffset":0,"yoffset":23,"xadvance":21,"chnl":15,"x":193,"y":108,"page":0},{"id":177,"index":0,"char":"±","width":21,"height":34,"xoffset":0,"yoffset":23,"xadvance":21,"chnl":15,"x":205,"y":71,"page":0},{"id":178,"index":0,"char":"²","width":21,"height":34,"xoffset":0,"yoffset":23,"xadvance":21,"chnl":15,"x":207,"y":35,"page":0},{"id":179,"index":0,"char":"³","width":21,"height":34,"xoffset":0,"yoffset":23,"xadvance":21,"chnl":15,"x":221,"y":0,"page":0},{"id":180,"index":0,"char":"´","width":21,"height":34,"xoffset":0,"yoffset":23,"xadvance":21,"chnl":15,"x":0,"y":558,"page":0},{"id":181,"index":0,"char":"µ","width":21,"height":34,"xoffset":0,"yoffset":23,"xadvance":21,"chnl":15,"x":0,"y":593,"page":0},{"id":182,"index":0,"char":"¶","width":21,"height":34,"xoffset":0,"yoffset":23,"xadvance":21,"chnl":15,"x":0,"y":628,"page":0},{"id":183,"index":0,"char":"·","width":21,"height":34,"xoffset":0,"yoffset":23,"xadvance":21,"chnl":15,"x":0,"y":663,"page":0},{"id":184,"index":0,"char":"¸","width":21,"height":34,"xoffset":0,"yoffset":23,"xadvance":21,"chnl":15,"x":0,"y":698,"page":0},{"id":185,"index":0,"char":"¹","width":21,"height":34,"xoffset":0,"yoffset":23,"xadvance":21,"chnl":15,"x":0,"y":733,"page":0},{"id":186,"index":0,"char":"º","width":21,"height":34,"xoffset":0,"yoffset":23,"xadvance":21,"chnl":15,"x":0,"y":768,"page":0},{"id":188,"index":0,"char":"¼","width":21,"height":34,"xoffset":0,"yoffset":23,"xadvance":21,"chnl":15,"x":0,"y":803,"page":0},{"id":189,"index":0,"char":"½","width":21,"height":34,"xoffset":0,"yoffset":23,"xadvance":21,"chnl":15,"x":0,"y":838,"page":0},{"id":190,"index":0,"char":"¾","width":21,"height":34,"xoffset":0,"yoffset":23,"xadvance":21,"chnl":15,"x":0,"y":873,"page":0},{"id":191,"index":0,"char":"¿","width":21,"height":34,"xoffset":0,"yoffset":23,"xadvance":21,"chnl":15,"x":0,"y":908,"page":0},{"id":192,"index":0,"char":"À","width":21,"height":34,"xoffset":0,"yoffset":23,"xadvance":21,"chnl":15,"x":0,"y":943,"page":0},{"id":193,"index":0,"char":"Á","width":21,"height":34,"xoffset":0,"yoffset":23,"xadvance":21,"chnl":15,"x":0,"y":978,"page":0},{"id":194,"index":0,"char":"Â","width":21,"height":34,"xoffset":0,"yoffset":23,"xadvance":21,"chnl":15,"x":22,"y":558,"page":0},{"id":195,"index":0,"char":"Ã","width":21,"height":34,"xoffset":0,"yoffset":23,"xadvance":21,"chnl":15,"x":31,"y":520,"page":0},{"id":196,"index":0,"char":"Ä","width":21,"height":34,"xoffset":0,"yoffset":23,"xadvance":21,"chnl":15,"x":22,"y":593,"page":0},{"id":197,"index":0,"char":"Å","width":21,"height":34,"xoffset":0,"yoffset":23,"xadvance":21,"chnl":15,"x":22,"y":628,"page":0},{"id":198,"index":0,"char":"Æ","width":21,"height":34,"xoffset":0,"yoffset":23,"xadvance":21,"chnl":15,"x":22,"y":663,"page":0},{"id":199,"index":0,"char":"Ç","width":21,"height":34,"xoffset":0,"yoffset":23,"xadvance":21,"chnl":15,"x":22,"y":698,"page":0},{"id":200,"index":0,"char":"È","width":21,"height":34,"xoffset":0,"yoffset":23,"xadvance":21,"chnl":15,"x":22,"y":733,"page":0},{"id":201,"index":0,"char":"É","width":21,"height":34,"xoffset":0,"yoffset":23,"xadvance":21,"chnl":15,"x":22,"y":768,"page":0},{"id":202,"index":0,"char":"Ê","width":21,"height":34,"xoffset":0,"yoffset":23,"xadvance":21,"chnl":15,"x":22,"y":803,"page":0},{"id":203,"index":0,"char":"Ë","width":21,"height":34,"xoffset":0,"yoffset":23,"xadvance":21,"chnl":15,"x":22,"y":838,"page":0},{"id":204,"index":0,"char":"Ì","width":21,"height":34,"xoffset":0,"yoffset":23,"xadvance":21,"chnl":15,"x":22,"y":873,"page":0},{"id":205,"index":0,"char":"Í","width":21,"height":34,"xoffset":0,"yoffset":23,"xadvance":21,"chnl":15,"x":22,"y":908,"page":0},{"id":206,"index":0,"char":"Î","width":21,"height":34,"xoffset":0,"yoffset":23,"xadvance":21,"chnl":15,"x":22,"y":943,"page":0},{"id":207,"index":0,"char":"Ï","width":21,"height":34,"xoffset":0,"yoffset":23,"xadvance":21,"chnl":15,"x":22,"y":978,"page":0},{"id":208,"index":0,"char":"Ð","width":21,"height":34,"xoffset":0,"yoffset":23,"xadvance":21,"chnl":15,"x":44,"y":555,"page":0},{"id":209,"index":0,"char":"Ñ","width":21,"height":34,"xoffset":0,"yoffset":23,"xadvance":21,"chnl":15,"x":53,"y":520,"page":0},{"id":210,"index":0,"char":"Ò","width":21,"height":34,"xoffset":0,"yoffset":23,"xadvance":21,"chnl":15,"x":58,"y":480,"page":0},{"id":211,"index":0,"char":"Ó","width":21,"height":34,"xoffset":0,"yoffset":23,"xadvance":21,"chnl":15,"x":44,"y":590,"page":0},{"id":212,"index":0,"char":"Ô","width":21,"height":34,"xoffset":0,"yoffset":23,"xadvance":21,"chnl":15,"x":44,"y":625,"page":0},{"id":213,"index":0,"char":"Õ","width":21,"height":34,"xoffset":0,"yoffset":23,"xadvance":21,"chnl":15,"x":44,"y":660,"page":0},{"id":214,"index":0,"char":"Ö","width":21,"height":34,"xoffset":0,"yoffset":23,"xadvance":21,"chnl":15,"x":44,"y":695,"page":0},{"id":215,"index":0,"char":"×","width":21,"height":34,"xoffset":0,"yoffset":23,"xadvance":21,"chnl":15,"x":44,"y":730,"page":0},{"id":216,"index":0,"char":"Ø","width":21,"height":34,"xoffset":0,"yoffset":23,"xadvance":21,"chnl":15,"x":44,"y":765,"page":0},{"id":217,"index":0,"char":"Ù","width":21,"height":34,"xoffset":0,"yoffset":23,"xadvance":21,"chnl":15,"x":44,"y":800,"page":0},{"id":218,"index":0,"char":"Ú","width":21,"height":34,"xoffset":0,"yoffset":23,"xadvance":21,"chnl":15,"x":44,"y":835,"page":0},{"id":219,"index":0,"char":"Û","width":21,"height":34,"xoffset":0,"yoffset":23,"xadvance":21,"chnl":15,"x":44,"y":870,"page":0},{"id":220,"index":0,"char":"Ü","width":21,"height":34,"xoffset":0,"yoffset":23,"xadvance":21,"chnl":15,"x":44,"y":905,"page":0},{"id":221,"index":0,"char":"Ý","width":21,"height":34,"xoffset":0,"yoffset":23,"xadvance":21,"chnl":15,"x":44,"y":940,"page":0},{"id":222,"index":0,"char":"Þ","width":21,"height":34,"xoffset":0,"yoffset":23,"xadvance":21,"chnl":15,"x":44,"y":975,"page":0},{"id":223,"index":0,"char":"ß","width":21,"height":34,"xoffset":0,"yoffset":23,"xadvance":21,"chnl":15,"x":66,"y":555,"page":0},{"id":224,"index":0,"char":"à","width":21,"height":34,"xoffset":0,"yoffset":23,"xadvance":21,"chnl":15,"x":75,"y":515,"page":0},{"id":225,"index":0,"char":"á","width":21,"height":34,"xoffset":0,"yoffset":23,"xadvance":21,"chnl":15,"x":80,"y":480,"page":0},{"id":226,"index":0,"char":"â","width":21,"height":34,"xoffset":0,"yoffset":23,"xadvance":21,"chnl":15,"x":86,"y":442,"page":0},{"id":227,"index":0,"char":"ã","width":21,"height":34,"xoffset":0,"yoffset":23,"xadvance":21,"chnl":15,"x":66,"y":590,"page":0},{"id":228,"index":0,"char":"ä","width":21,"height":34,"xoffset":0,"yoffset":23,"xadvance":21,"chnl":15,"x":66,"y":625,"page":0},{"id":229,"index":0,"char":"å","width":21,"height":34,"xoffset":0,"yoffset":23,"xadvance":21,"chnl":15,"x":66,"y":660,"page":0},{"id":230,"index":0,"char":"æ","width":21,"height":34,"xoffset":0,"yoffset":23,"xadvance":21,"chnl":15,"x":66,"y":695,"page":0},{"id":231,"index":0,"char":"ç","width":21,"height":34,"xoffset":0,"yoffset":23,"xadvance":21,"chnl":15,"x":66,"y":730,"page":0},{"id":232,"index":0,"char":"è","width":21,"height":34,"xoffset":0,"yoffset":23,"xadvance":21,"chnl":15,"x":66,"y":765,"page":0},{"id":233,"index":0,"char":"é","width":21,"height":34,"xoffset":0,"yoffset":23,"xadvance":21,"chnl":15,"x":66,"y":800,"page":0},{"id":234,"index":0,"char":"ê","width":21,"height":34,"xoffset":0,"yoffset":23,"xadvance":21,"chnl":15,"x":66,"y":835,"page":0},{"id":235,"index":0,"char":"ë","width":21,"height":34,"xoffset":0,"yoffset":23,"xadvance":21,"chnl":15,"x":66,"y":870,"page":0},{"id":236,"index":0,"char":"ì","width":21,"height":34,"xoffset":0,"yoffset":23,"xadvance":21,"chnl":15,"x":66,"y":905,"page":0},{"id":237,"index":0,"char":"í","width":21,"height":34,"xoffset":0,"yoffset":23,"xadvance":21,"chnl":15,"x":66,"y":940,"page":0},{"id":238,"index":0,"char":"î","width":21,"height":34,"xoffset":0,"yoffset":23,"xadvance":21,"chnl":15,"x":66,"y":975,"page":0},{"id":239,"index":0,"char":"ï","width":21,"height":34,"xoffset":0,"yoffset":23,"xadvance":21,"chnl":15,"x":88,"y":550,"page":0},{"id":240,"index":0,"char":"ð","width":21,"height":34,"xoffset":0,"yoffset":23,"xadvance":21,"chnl":15,"x":97,"y":515,"page":0},{"id":241,"index":0,"char":"ñ","width":21,"height":34,"xoffset":0,"yoffset":23,"xadvance":21,"chnl":15,"x":102,"y":477,"page":0},{"id":242,"index":0,"char":"ò","width":21,"height":34,"xoffset":0,"yoffset":23,"xadvance":21,"chnl":15,"x":108,"y":442,"page":0},{"id":243,"index":0,"char":"ó","width":21,"height":34,"xoffset":0,"yoffset":23,"xadvance":21,"chnl":15,"x":113,"y":400,"page":0},{"id":244,"index":0,"char":"ô","width":21,"height":34,"xoffset":0,"yoffset":23,"xadvance":21,"chnl":15,"x":131,"y":357,"page":0},{"id":245,"index":0,"char":"õ","width":21,"height":34,"xoffset":0,"yoffset":23,"xadvance":21,"chnl":15,"x":88,"y":585,"page":0},{"id":246,"index":0,"char":"ö","width":21,"height":34,"xoffset":0,"yoffset":23,"xadvance":21,"chnl":15,"x":88,"y":620,"page":0},{"id":247,"index":0,"char":"÷","width":21,"height":34,"xoffset":0,"yoffset":23,"xadvance":21,"chnl":15,"x":88,"y":655,"page":0},{"id":248,"index":0,"char":"ø","width":21,"height":34,"xoffset":0,"yoffset":23,"xadvance":21,"chnl":15,"x":88,"y":690,"page":0},{"id":249,"index":0,"char":"ù","width":21,"height":34,"xoffset":0,"yoffset":23,"xadvance":21,"chnl":15,"x":88,"y":725,"page":0},{"id":250,"index":0,"char":"ú","width":21,"height":34,"xoffset":0,"yoffset":23,"xadvance":21,"chnl":15,"x":88,"y":760,"page":0},{"id":251,"index":0,"char":"û","width":21,"height":34,"xoffset":0,"yoffset":23,"xadvance":21,"chnl":15,"x":88,"y":795,"page":0},{"id":252,"index":0,"char":"ü","width":21,"height":34,"xoffset":0,"yoffset":23,"xadvance":21,"chnl":15,"x":88,"y":830,"page":0},{"id":253,"index":0,"char":"ý","width":21,"height":34,"xoffset":0,"yoffset":23,"xadvance":21,"chnl":15,"x":88,"y":865,"page":0},{"id":254,"index":0,"char":"þ","width":21,"height":34,"xoffset":0,"yoffset":23,"xadvance":21,"chnl":15,"x":88,"y":900,"page":0},{"id":255,"index":0,"char":"ÿ","width":21,"height":34,"xoffset":0,"yoffset":23,"xadvance":21,"chnl":15,"x":88,"y":935,"page":0},{"id":256,"index":0,"char":"Ā","width":21,"height":34,"xoffset":0,"yoffset":23,"xadvance":21,"chnl":15,"x":88,"y":970,"page":0},{"id":257,"index":0,"char":"ā","width":21,"height":34,"xoffset":0,"yoffset":23,"xadvance":21,"chnl":15,"x":110,"y":550,"page":0},{"id":258,"index":0,"char":"Ă","width":21,"height":34,"xoffset":0,"yoffset":23,"xadvance":21,"chnl":15,"x":119,"y":512,"page":0},{"id":259,"index":0,"char":"ă","width":21,"height":34,"xoffset":0,"yoffset":23,"xadvance":21,"chnl":15,"x":124,"y":477,"page":0},{"id":260,"index":0,"char":"Ą","width":21,"height":34,"xoffset":0,"yoffset":23,"xadvance":21,"chnl":15,"x":130,"y":435,"page":0},{"id":261,"index":0,"char":"ą","width":21,"height":34,"xoffset":0,"yoffset":23,"xadvance":21,"chnl":15,"x":135,"y":392,"page":0},{"id":262,"index":0,"char":"Ć","width":21,"height":34,"xoffset":0,"yoffset":23,"xadvance":21,"chnl":15,"x":153,"y":334,"page":0},{"id":263,"index":0,"char":"ć","width":21,"height":34,"xoffset":0,"yoffset":23,"xadvance":21,"chnl":15,"x":110,"y":585,"page":0},{"id":264,"index":0,"char":"Ĉ","width":21,"height":34,"xoffset":0,"yoffset":23,"xadvance":21,"chnl":15,"x":110,"y":620,"page":0},{"id":265,"index":0,"char":"ĉ","width":21,"height":34,"xoffset":0,"yoffset":23,"xadvance":21,"chnl":15,"x":110,"y":655,"page":0},{"id":266,"index":0,"char":"Ċ","width":21,"height":34,"xoffset":0,"yoffset":23,"xadvance":21,"chnl":15,"x":110,"y":690,"page":0},{"id":267,"index":0,"char":"ċ","width":21,"height":34,"xoffset":0,"yoffset":23,"xadvance":21,"chnl":15,"x":110,"y":725,"page":0},{"id":268,"index":0,"char":"Č","width":21,"height":34,"xoffset":0,"yoffset":23,"xadvance":21,"chnl":15,"x":110,"y":760,"page":0},{"id":269,"index":0,"char":"č","width":21,"height":34,"xoffset":0,"yoffset":23,"xadvance":21,"chnl":15,"x":110,"y":795,"page":0},{"id":270,"index":0,"char":"Ď","width":21,"height":34,"xoffset":0,"yoffset":23,"xadvance":21,"chnl":15,"x":110,"y":830,"page":0},{"id":271,"index":0,"char":"ď","width":21,"height":34,"xoffset":0,"yoffset":23,"xadvance":21,"chnl":15,"x":110,"y":865,"page":0},{"id":272,"index":0,"char":"Đ","width":21,"height":34,"xoffset":0,"yoffset":23,"xadvance":21,"chnl":15,"x":110,"y":900,"page":0},{"id":273,"index":0,"char":"đ","width":21,"height":34,"xoffset":0,"yoffset":23,"xadvance":21,"chnl":15,"x":110,"y":935,"page":0},{"id":274,"index":0,"char":"Ē","width":21,"height":34,"xoffset":0,"yoffset":23,"xadvance":21,"chnl":15,"x":110,"y":970,"page":0},{"id":275,"index":0,"char":"ē","width":21,"height":34,"xoffset":0,"yoffset":23,"xadvance":21,"chnl":15,"x":132,"y":547,"page":0},{"id":276,"index":0,"char":"Ĕ","width":21,"height":34,"xoffset":0,"yoffset":23,"xadvance":21,"chnl":15,"x":141,"y":512,"page":0},{"id":277,"index":0,"char":"ĕ","width":21,"height":34,"xoffset":0,"yoffset":23,"xadvance":21,"chnl":15,"x":146,"y":470,"page":0},{"id":278,"index":0,"char":"Ė","width":21,"height":34,"xoffset":0,"yoffset":23,"xadvance":21,"chnl":15,"x":152,"y":427,"page":0},{"id":279,"index":0,"char":"ė","width":21,"height":34,"xoffset":0,"yoffset":23,"xadvance":21,"chnl":15,"x":157,"y":369,"page":0},{"id":280,"index":0,"char":"Ę","width":21,"height":34,"xoffset":0,"yoffset":23,"xadvance":21,"chnl":15,"x":175,"y":334,"page":0},{"id":281,"index":0,"char":"ę","width":21,"height":34,"xoffset":0,"yoffset":23,"xadvance":21,"chnl":15,"x":176,"y":295,"page":0},{"id":282,"index":0,"char":"Ě","width":21,"height":34,"xoffset":0,"yoffset":23,"xadvance":21,"chnl":15,"x":187,"y":255,"page":0},{"id":283,"index":0,"char":"ě","width":21,"height":34,"xoffset":0,"yoffset":23,"xadvance":21,"chnl":15,"x":188,"y":215,"page":0},{"id":284,"index":0,"char":"Ĝ","width":21,"height":34,"xoffset":0,"yoffset":23,"xadvance":21,"chnl":15,"x":208,"y":180,"page":0},{"id":285,"index":0,"char":"ĝ","width":21,"height":34,"xoffset":0,"yoffset":23,"xadvance":21,"chnl":15,"x":210,"y":143,"page":0},{"id":286,"index":0,"char":"Ğ","width":21,"height":34,"xoffset":0,"yoffset":23,"xadvance":21,"chnl":15,"x":215,"y":106,"page":0},{"id":287,"index":0,"char":"ğ","width":21,"height":34,"xoffset":0,"yoffset":23,"xadvance":21,"chnl":15,"x":227,"y":70,"page":0},{"id":288,"index":0,"char":"Ġ","width":21,"height":34,"xoffset":0,"yoffset":23,"xadvance":21,"chnl":15,"x":229,"y":35,"page":0},{"id":289,"index":0,"char":"ġ","width":21,"height":34,"xoffset":0,"yoffset":23,"xadvance":21,"chnl":15,"x":243,"y":0,"page":0},{"id":290,"index":0,"char":"Ģ","width":21,"height":34,"xoffset":0,"yoffset":23,"xadvance":21,"chnl":15,"x":132,"y":582,"page":0},{"id":291,"index":0,"char":"ģ","width":21,"height":34,"xoffset":0,"yoffset":23,"xadvance":21,"chnl":15,"x":132,"y":617,"page":0},{"id":292,"index":0,"char":"Ĥ","width":21,"height":34,"xoffset":0,"yoffset":23,"xadvance":21,"chnl":15,"x":132,"y":652,"page":0},{"id":293,"index":0,"char":"ĥ","width":21,"height":34,"xoffset":0,"yoffset":23,"xadvance":21,"chnl":15,"x":132,"y":687,"page":0},{"id":294,"index":0,"char":"Ħ","width":21,"height":34,"xoffset":0,"yoffset":23,"xadvance":21,"chnl":15,"x":132,"y":722,"page":0},{"id":295,"index":0,"char":"ħ","width":21,"height":34,"xoffset":0,"yoffset":23,"xadvance":21,"chnl":15,"x":132,"y":757,"page":0},{"id":296,"index":0,"char":"Ĩ","width":21,"height":34,"xoffset":0,"yoffset":23,"xadvance":21,"chnl":15,"x":132,"y":792,"page":0},{"id":297,"index":0,"char":"ĩ","width":21,"height":34,"xoffset":0,"yoffset":23,"xadvance":21,"chnl":15,"x":132,"y":827,"page":0},{"id":298,"index":0,"char":"Ī","width":21,"height":34,"xoffset":0,"yoffset":23,"xadvance":21,"chnl":15,"x":132,"y":862,"page":0},{"id":299,"index":0,"char":"ī","width":21,"height":34,"xoffset":0,"yoffset":23,"xadvance":21,"chnl":15,"x":132,"y":897,"page":0},{"id":300,"index":0,"char":"Ĭ","width":21,"height":34,"xoffset":0,"yoffset":23,"xadvance":21,"chnl":15,"x":132,"y":932,"page":0},{"id":301,"index":0,"char":"ĭ","width":21,"height":34,"xoffset":0,"yoffset":23,"xadvance":21,"chnl":15,"x":132,"y":967,"page":0},{"id":302,"index":0,"char":"Į","width":21,"height":34,"xoffset":0,"yoffset":23,"xadvance":21,"chnl":15,"x":154,"y":547,"page":0},{"id":303,"index":0,"char":"į","width":21,"height":34,"xoffset":0,"yoffset":23,"xadvance":21,"chnl":15,"x":163,"y":505,"page":0},{"id":304,"index":0,"char":"İ","width":21,"height":34,"xoffset":0,"yoffset":23,"xadvance":21,"chnl":15,"x":168,"y":462,"page":0},{"id":305,"index":0,"char":"ı","width":21,"height":34,"xoffset":0,"yoffset":23,"xadvance":21,"chnl":15,"x":174,"y":404,"page":0},{"id":308,"index":0,"char":"Ĵ","width":21,"height":34,"xoffset":0,"yoffset":23,"xadvance":21,"chnl":15,"x":179,"y":369,"page":0},{"id":309,"index":0,"char":"ĵ","width":21,"height":34,"xoffset":0,"yoffset":23,"xadvance":21,"chnl":15,"x":197,"y":330,"page":0},{"id":310,"index":0,"char":"Ķ","width":21,"height":34,"xoffset":0,"yoffset":23,"xadvance":21,"chnl":15,"x":198,"y":290,"page":0},{"id":311,"index":0,"char":"ķ","width":21,"height":34,"xoffset":0,"yoffset":23,"xadvance":21,"chnl":15,"x":209,"y":250,"page":0},{"id":312,"index":0,"char":"ĸ","width":21,"height":34,"xoffset":0,"yoffset":23,"xadvance":21,"chnl":15,"x":210,"y":215,"page":0},{"id":313,"index":0,"char":"Ĺ","width":21,"height":34,"xoffset":0,"yoffset":23,"xadvance":21,"chnl":15,"x":230,"y":178,"page":0},{"id":314,"index":0,"char":"ĺ","width":21,"height":34,"xoffset":0,"yoffset":23,"xadvance":21,"chnl":15,"x":232,"y":141,"page":0},{"id":315,"index":0,"char":"Ļ","width":21,"height":34,"xoffset":0,"yoffset":23,"xadvance":21,"chnl":15,"x":237,"y":105,"page":0},{"id":316,"index":0,"char":"ļ","width":21,"height":34,"xoffset":0,"yoffset":23,"xadvance":21,"chnl":15,"x":249,"y":70,"page":0},{"id":317,"index":0,"char":"Ľ","width":21,"height":34,"xoffset":0,"yoffset":23,"xadvance":21,"chnl":15,"x":251,"y":35,"page":0},{"id":318,"index":0,"char":"ľ","width":21,"height":34,"xoffset":0,"yoffset":23,"xadvance":21,"chnl":15,"x":265,"y":0,"page":0},{"id":319,"index":0,"char":"Ŀ","width":21,"height":34,"xoffset":0,"yoffset":23,"xadvance":21,"chnl":15,"x":154,"y":582,"page":0},{"id":320,"index":0,"char":"ŀ","width":21,"height":34,"xoffset":0,"yoffset":23,"xadvance":21,"chnl":15,"x":154,"y":617,"page":0},{"id":321,"index":0,"char":"Ł","width":21,"height":34,"xoffset":0,"yoffset":23,"xadvance":21,"chnl":15,"x":154,"y":652,"page":0},{"id":322,"index":0,"char":"ł","width":21,"height":34,"xoffset":0,"yoffset":23,"xadvance":21,"chnl":15,"x":154,"y":687,"page":0},{"id":323,"index":0,"char":"Ń","width":21,"height":34,"xoffset":0,"yoffset":23,"xadvance":21,"chnl":15,"x":154,"y":722,"page":0},{"id":324,"index":0,"char":"ń","width":21,"height":34,"xoffset":0,"yoffset":23,"xadvance":21,"chnl":15,"x":154,"y":757,"page":0},{"id":325,"index":0,"char":"Ņ","width":21,"height":34,"xoffset":0,"yoffset":23,"xadvance":21,"chnl":15,"x":154,"y":792,"page":0},{"id":326,"index":0,"char":"ņ","width":21,"height":34,"xoffset":0,"yoffset":23,"xadvance":21,"chnl":15,"x":154,"y":827,"page":0},{"id":327,"index":0,"char":"Ň","width":21,"height":34,"xoffset":0,"yoffset":23,"xadvance":21,"chnl":15,"x":154,"y":862,"page":0},{"id":328,"index":0,"char":"ň","width":21,"height":34,"xoffset":0,"yoffset":23,"xadvance":21,"chnl":15,"x":154,"y":897,"page":0},{"id":330,"index":0,"char":"Ŋ","width":21,"height":34,"xoffset":0,"yoffset":23,"xadvance":21,"chnl":15,"x":154,"y":932,"page":0},{"id":331,"index":0,"char":"ŋ","width":21,"height":34,"xoffset":0,"yoffset":23,"xadvance":21,"chnl":15,"x":154,"y":967,"page":0},{"id":332,"index":0,"char":"Ō","width":21,"height":34,"xoffset":0,"yoffset":23,"xadvance":21,"chnl":15,"x":176,"y":540,"page":0},{"id":333,"index":0,"char":"ō","width":21,"height":34,"xoffset":0,"yoffset":23,"xadvance":21,"chnl":15,"x":185,"y":497,"page":0},{"id":334,"index":0,"char":"Ŏ","width":21,"height":34,"xoffset":0,"yoffset":23,"xadvance":21,"chnl":15,"x":190,"y":439,"page":0},{"id":335,"index":0,"char":"ŏ","width":21,"height":34,"xoffset":0,"yoffset":23,"xadvance":21,"chnl":15,"x":196,"y":404,"page":0},{"id":336,"index":0,"char":"Ő","width":21,"height":34,"xoffset":0,"yoffset":23,"xadvance":21,"chnl":15,"x":201,"y":365,"page":0},{"id":337,"index":0,"char":"ő","width":21,"height":34,"xoffset":0,"yoffset":23,"xadvance":21,"chnl":15,"x":219,"y":325,"page":0},{"id":338,"index":0,"char":"Œ","width":21,"height":34,"xoffset":0,"yoffset":23,"xadvance":21,"chnl":15,"x":220,"y":285,"page":0},{"id":339,"index":0,"char":"œ","width":21,"height":34,"xoffset":0,"yoffset":23,"xadvance":21,"chnl":15,"x":231,"y":250,"page":0},{"id":340,"index":0,"char":"Ŕ","width":21,"height":34,"xoffset":0,"yoffset":23,"xadvance":21,"chnl":15,"x":232,"y":213,"page":0},{"id":341,"index":0,"char":"ŕ","width":21,"height":34,"xoffset":0,"yoffset":23,"xadvance":21,"chnl":15,"x":252,"y":176,"page":0},{"id":342,"index":0,"char":"Ŗ","width":21,"height":34,"xoffset":0,"yoffset":23,"xadvance":21,"chnl":15,"x":254,"y":140,"page":0},{"id":343,"index":0,"char":"ŗ","width":21,"height":34,"xoffset":0,"yoffset":23,"xadvance":21,"chnl":15,"x":259,"y":105,"page":0},{"id":344,"index":0,"char":"Ř","width":21,"height":34,"xoffset":0,"yoffset":23,"xadvance":21,"chnl":15,"x":271,"y":70,"page":0},{"id":345,"index":0,"char":"ř","width":21,"height":34,"xoffset":0,"yoffset":23,"xadvance":21,"chnl":15,"x":273,"y":35,"page":0},{"id":346,"index":0,"char":"Ś","width":21,"height":34,"xoffset":0,"yoffset":23,"xadvance":21,"chnl":15,"x":287,"y":0,"page":0},{"id":347,"index":0,"char":"ś","width":21,"height":34,"xoffset":0,"yoffset":23,"xadvance":21,"chnl":15,"x":176,"y":575,"page":0},{"id":348,"index":0,"char":"Ŝ","width":21,"height":34,"xoffset":0,"yoffset":23,"xadvance":21,"chnl":15,"x":176,"y":610,"page":0},{"id":349,"index":0,"char":"ŝ","width":21,"height":34,"xoffset":0,"yoffset":23,"xadvance":21,"chnl":15,"x":176,"y":645,"page":0},{"id":350,"index":0,"char":"Ş","width":21,"height":34,"xoffset":0,"yoffset":23,"xadvance":21,"chnl":15,"x":176,"y":680,"page":0},{"id":351,"index":0,"char":"ş","width":21,"height":34,"xoffset":0,"yoffset":23,"xadvance":21,"chnl":15,"x":176,"y":715,"page":0},{"id":352,"index":0,"char":"Š","width":21,"height":34,"xoffset":0,"yoffset":23,"xadvance":21,"chnl":15,"x":176,"y":750,"page":0},{"id":353,"index":0,"char":"š","width":21,"height":34,"xoffset":0,"yoffset":23,"xadvance":21,"chnl":15,"x":176,"y":785,"page":0},{"id":354,"index":0,"char":"Ţ","width":21,"height":34,"xoffset":0,"yoffset":23,"xadvance":21,"chnl":15,"x":176,"y":820,"page":0},{"id":355,"index":0,"char":"ţ","width":21,"height":34,"xoffset":0,"yoffset":23,"xadvance":21,"chnl":15,"x":176,"y":855,"page":0},{"id":356,"index":0,"char":"Ť","width":21,"height":34,"xoffset":0,"yoffset":23,"xadvance":21,"chnl":15,"x":176,"y":890,"page":0},{"id":357,"index":0,"char":"ť","width":21,"height":34,"xoffset":0,"yoffset":23,"xadvance":21,"chnl":15,"x":176,"y":925,"page":0},{"id":358,"index":0,"char":"Ŧ","width":21,"height":34,"xoffset":0,"yoffset":23,"xadvance":21,"chnl":15,"x":176,"y":960,"page":0},{"id":359,"index":0,"char":"ŧ","width":21,"height":34,"xoffset":0,"yoffset":23,"xadvance":21,"chnl":15,"x":198,"y":532,"page":0},{"id":360,"index":0,"char":"Ũ","width":21,"height":34,"xoffset":0,"yoffset":23,"xadvance":21,"chnl":15,"x":207,"y":474,"page":0},{"id":361,"index":0,"char":"ũ","width":21,"height":34,"xoffset":0,"yoffset":23,"xadvance":21,"chnl":15,"x":212,"y":439,"page":0},{"id":362,"index":0,"char":"Ū","width":21,"height":34,"xoffset":0,"yoffset":23,"xadvance":21,"chnl":15,"x":218,"y":400,"page":0},{"id":363,"index":0,"char":"ū","width":21,"height":34,"xoffset":0,"yoffset":23,"xadvance":21,"chnl":15,"x":223,"y":360,"page":0},{"id":364,"index":0,"char":"Ŭ","width":21,"height":34,"xoffset":0,"yoffset":23,"xadvance":21,"chnl":15,"x":241,"y":320,"page":0},{"id":365,"index":0,"char":"ŭ","width":21,"height":34,"xoffset":0,"yoffset":23,"xadvance":21,"chnl":15,"x":242,"y":285,"page":0},{"id":366,"index":0,"char":"Ů","width":21,"height":34,"xoffset":0,"yoffset":23,"xadvance":21,"chnl":15,"x":253,"y":248,"page":0},{"id":367,"index":0,"char":"ů","width":21,"height":34,"xoffset":0,"yoffset":23,"xadvance":21,"chnl":15,"x":254,"y":211,"page":0},{"id":368,"index":0,"char":"Ű","width":21,"height":34,"xoffset":0,"yoffset":23,"xadvance":21,"chnl":15,"x":274,"y":175,"page":0},{"id":369,"index":0,"char":"ű","width":21,"height":34,"xoffset":0,"yoffset":23,"xadvance":21,"chnl":15,"x":276,"y":140,"page":0},{"id":370,"index":0,"char":"Ų","width":21,"height":34,"xoffset":0,"yoffset":23,"xadvance":21,"chnl":15,"x":281,"y":105,"page":0},{"id":371,"index":0,"char":"ų","width":21,"height":34,"xoffset":0,"yoffset":23,"xadvance":21,"chnl":15,"x":293,"y":70,"page":0},{"id":372,"index":0,"char":"Ŵ","width":21,"height":34,"xoffset":0,"yoffset":23,"xadvance":21,"chnl":15,"x":295,"y":35,"page":0},{"id":373,"index":0,"char":"ŵ","width":21,"height":34,"xoffset":0,"yoffset":23,"xadvance":21,"chnl":15,"x":309,"y":0,"page":0},{"id":374,"index":0,"char":"Ŷ","width":21,"height":34,"xoffset":0,"yoffset":23,"xadvance":21,"chnl":15,"x":198,"y":567,"page":0},{"id":375,"index":0,"char":"ŷ","width":21,"height":34,"xoffset":0,"yoffset":23,"xadvance":21,"chnl":15,"x":198,"y":602,"page":0},{"id":376,"index":0,"char":"Ÿ","width":21,"height":34,"xoffset":0,"yoffset":23,"xadvance":21,"chnl":15,"x":198,"y":637,"page":0},{"id":377,"index":0,"char":"Ź","width":21,"height":34,"xoffset":0,"yoffset":23,"xadvance":21,"chnl":15,"x":198,"y":672,"page":0},{"id":378,"index":0,"char":"ź","width":21,"height":34,"xoffset":0,"yoffset":23,"xadvance":21,"chnl":15,"x":198,"y":707,"page":0},{"id":379,"index":0,"char":"Ż","width":21,"height":34,"xoffset":0,"yoffset":23,"xadvance":21,"chnl":15,"x":198,"y":742,"page":0},{"id":380,"index":0,"char":"ż","width":21,"height":34,"xoffset":0,"yoffset":23,"xadvance":21,"chnl":15,"x":198,"y":777,"page":0},{"id":381,"index":0,"char":"Ž","width":21,"height":34,"xoffset":0,"yoffset":23,"xadvance":21,"chnl":15,"x":198,"y":812,"page":0},{"id":382,"index":0,"char":"ž","width":21,"height":34,"xoffset":0,"yoffset":23,"xadvance":21,"chnl":15,"x":198,"y":847,"page":0},{"id":399,"index":0,"char":"Ə","width":21,"height":34,"xoffset":0,"yoffset":23,"xadvance":21,"chnl":15,"x":198,"y":882,"page":0},{"id":402,"index":0,"char":"ƒ","width":21,"height":34,"xoffset":0,"yoffset":23,"xadvance":21,"chnl":15,"x":198,"y":917,"page":0},{"id":416,"index":0,"char":"Ơ","width":21,"height":34,"xoffset":0,"yoffset":23,"xadvance":21,"chnl":15,"x":198,"y":952,"page":0},{"id":417,"index":0,"char":"ơ","width":21,"height":34,"xoffset":0,"yoffset":23,"xadvance":21,"chnl":15,"x":198,"y":987,"page":0},{"id":431,"index":0,"char":"Ư","width":21,"height":34,"xoffset":0,"yoffset":23,"xadvance":21,"chnl":15,"x":220,"y":509,"page":0},{"id":432,"index":0,"char":"ư","width":21,"height":34,"xoffset":0,"yoffset":23,"xadvance":21,"chnl":15,"x":229,"y":474,"page":0},{"id":452,"index":0,"char":"Ǆ","width":21,"height":34,"xoffset":0,"yoffset":23,"xadvance":21,"chnl":15,"x":234,"y":435,"page":0},{"id":453,"index":0,"char":"ǅ","width":21,"height":34,"xoffset":0,"yoffset":23,"xadvance":21,"chnl":15,"x":240,"y":395,"page":0},{"id":454,"index":0,"char":"ǆ","width":21,"height":34,"xoffset":0,"yoffset":23,"xadvance":21,"chnl":15,"x":245,"y":355,"page":0},{"id":455,"index":0,"char":"Ǉ","width":21,"height":34,"xoffset":0,"yoffset":23,"xadvance":21,"chnl":15,"x":263,"y":320,"page":0},{"id":456,"index":0,"char":"ǈ","width":21,"height":34,"xoffset":0,"yoffset":23,"xadvance":21,"chnl":15,"x":264,"y":283,"page":0},{"id":457,"index":0,"char":"ǉ","width":21,"height":34,"xoffset":0,"yoffset":23,"xadvance":21,"chnl":15,"x":275,"y":246,"page":0},{"id":458,"index":0,"char":"Ǌ","width":21,"height":34,"xoffset":0,"yoffset":23,"xadvance":21,"chnl":15,"x":276,"y":210,"page":0},{"id":459,"index":0,"char":"ǋ","width":21,"height":34,"xoffset":0,"yoffset":23,"xadvance":21,"chnl":15,"x":296,"y":175,"page":0},{"id":460,"index":0,"char":"ǌ","width":21,"height":34,"xoffset":0,"yoffset":23,"xadvance":21,"chnl":15,"x":298,"y":140,"page":0},{"id":461,"index":0,"char":"Ǎ","width":21,"height":34,"xoffset":0,"yoffset":23,"xadvance":21,"chnl":15,"x":303,"y":105,"page":0},{"id":462,"index":0,"char":"ǎ","width":21,"height":34,"xoffset":0,"yoffset":23,"xadvance":21,"chnl":15,"x":315,"y":70,"page":0},{"id":463,"index":0,"char":"Ǐ","width":21,"height":34,"xoffset":0,"yoffset":23,"xadvance":21,"chnl":15,"x":317,"y":35,"page":0},{"id":464,"index":0,"char":"ǐ","width":21,"height":34,"xoffset":0,"yoffset":23,"xadvance":21,"chnl":15,"x":331,"y":0,"page":0},{"id":465,"index":0,"char":"Ǒ","width":21,"height":34,"xoffset":0,"yoffset":23,"xadvance":21,"chnl":15,"x":220,"y":544,"page":0},{"id":466,"index":0,"char":"ǒ","width":21,"height":34,"xoffset":0,"yoffset":23,"xadvance":21,"chnl":15,"x":220,"y":579,"page":0},{"id":467,"index":0,"char":"Ǔ","width":21,"height":34,"xoffset":0,"yoffset":23,"xadvance":21,"chnl":15,"x":220,"y":614,"page":0},{"id":468,"index":0,"char":"ǔ","width":21,"height":34,"xoffset":0,"yoffset":23,"xadvance":21,"chnl":15,"x":220,"y":649,"page":0},{"id":469,"index":0,"char":"Ǖ","width":21,"height":34,"xoffset":0,"yoffset":23,"xadvance":21,"chnl":15,"x":220,"y":684,"page":0},{"id":470,"index":0,"char":"ǖ","width":21,"height":34,"xoffset":0,"yoffset":23,"xadvance":21,"chnl":15,"x":220,"y":719,"page":0},{"id":471,"index":0,"char":"Ǘ","width":21,"height":34,"xoffset":0,"yoffset":23,"xadvance":21,"chnl":15,"x":220,"y":754,"page":0},{"id":472,"index":0,"char":"ǘ","width":21,"height":34,"xoffset":0,"yoffset":23,"xadvance":21,"chnl":15,"x":220,"y":789,"page":0},{"id":473,"index":0,"char":"Ǚ","width":21,"height":34,"xoffset":0,"yoffset":23,"xadvance":21,"chnl":15,"x":220,"y":824,"page":0},{"id":474,"index":0,"char":"ǚ","width":21,"height":34,"xoffset":0,"yoffset":23,"xadvance":21,"chnl":15,"x":220,"y":859,"page":0},{"id":475,"index":0,"char":"Ǜ","width":21,"height":34,"xoffset":0,"yoffset":23,"xadvance":21,"chnl":15,"x":220,"y":894,"page":0},{"id":476,"index":0,"char":"ǜ","width":21,"height":34,"xoffset":0,"yoffset":23,"xadvance":21,"chnl":15,"x":220,"y":929,"page":0},{"id":486,"index":0,"char":"Ǧ","width":21,"height":34,"xoffset":0,"yoffset":23,"xadvance":21,"chnl":15,"x":220,"y":964,"page":0},{"id":487,"index":0,"char":"ǧ","width":21,"height":34,"xoffset":0,"yoffset":23,"xadvance":21,"chnl":15,"x":242,"y":509,"page":0},{"id":490,"index":0,"char":"Ǫ","width":21,"height":34,"xoffset":0,"yoffset":23,"xadvance":21,"chnl":15,"x":251,"y":470,"page":0},{"id":491,"index":0,"char":"ǫ","width":21,"height":34,"xoffset":0,"yoffset":23,"xadvance":21,"chnl":15,"x":256,"y":430,"page":0},{"id":506,"index":0,"char":"Ǻ","width":21,"height":34,"xoffset":0,"yoffset":23,"xadvance":21,"chnl":15,"x":262,"y":390,"page":0},{"id":507,"index":0,"char":"ǻ","width":21,"height":34,"xoffset":0,"yoffset":23,"xadvance":21,"chnl":15,"x":267,"y":355,"page":0},{"id":508,"index":0,"char":"Ǽ","width":21,"height":34,"xoffset":0,"yoffset":23,"xadvance":21,"chnl":15,"x":285,"y":318,"page":0},{"id":509,"index":0,"char":"ǽ","width":21,"height":34,"xoffset":0,"yoffset":23,"xadvance":21,"chnl":15,"x":286,"y":281,"page":0},{"id":510,"index":0,"char":"Ǿ","width":21,"height":34,"xoffset":0,"yoffset":23,"xadvance":21,"chnl":15,"x":297,"y":245,"page":0},{"id":511,"index":0,"char":"ǿ","width":21,"height":34,"xoffset":0,"yoffset":23,"xadvance":21,"chnl":15,"x":298,"y":210,"page":0},{"id":512,"index":0,"char":"Ȁ","width":21,"height":34,"xoffset":0,"yoffset":23,"xadvance":21,"chnl":15,"x":318,"y":175,"page":0},{"id":513,"index":0,"char":"ȁ","width":21,"height":34,"xoffset":0,"yoffset":23,"xadvance":21,"chnl":15,"x":320,"y":140,"page":0},{"id":514,"index":0,"char":"Ȃ","width":21,"height":34,"xoffset":0,"yoffset":23,"xadvance":21,"chnl":15,"x":325,"y":105,"page":0},{"id":515,"index":0,"char":"ȃ","width":21,"height":34,"xoffset":0,"yoffset":23,"xadvance":21,"chnl":15,"x":337,"y":70,"page":0},{"id":516,"index":0,"char":"Ȅ","width":21,"height":34,"xoffset":0,"yoffset":23,"xadvance":21,"chnl":15,"x":339,"y":35,"page":0},{"id":517,"index":0,"char":"ȅ","width":21,"height":34,"xoffset":0,"yoffset":23,"xadvance":21,"chnl":15,"x":353,"y":0,"page":0},{"id":518,"index":0,"char":"Ȇ","width":21,"height":34,"xoffset":0,"yoffset":23,"xadvance":21,"chnl":15,"x":242,"y":544,"page":0},{"id":519,"index":0,"char":"ȇ","width":21,"height":34,"xoffset":0,"yoffset":23,"xadvance":21,"chnl":15,"x":242,"y":579,"page":0},{"id":520,"index":0,"char":"Ȉ","width":21,"height":34,"xoffset":0,"yoffset":23,"xadvance":21,"chnl":15,"x":242,"y":614,"page":0},{"id":521,"index":0,"char":"ȉ","width":21,"height":34,"xoffset":0,"yoffset":23,"xadvance":21,"chnl":15,"x":242,"y":649,"page":0},{"id":522,"index":0,"char":"Ȋ","width":21,"height":34,"xoffset":0,"yoffset":23,"xadvance":21,"chnl":15,"x":242,"y":684,"page":0},{"id":523,"index":0,"char":"ȋ","width":21,"height":34,"xoffset":0,"yoffset":23,"xadvance":21,"chnl":15,"x":242,"y":719,"page":0},{"id":524,"index":0,"char":"Ȍ","width":21,"height":34,"xoffset":0,"yoffset":23,"xadvance":21,"chnl":15,"x":242,"y":754,"page":0},{"id":525,"index":0,"char":"ȍ","width":21,"height":34,"xoffset":0,"yoffset":23,"xadvance":21,"chnl":15,"x":242,"y":789,"page":0},{"id":526,"index":0,"char":"Ȏ","width":21,"height":34,"xoffset":0,"yoffset":23,"xadvance":21,"chnl":15,"x":242,"y":824,"page":0},{"id":527,"index":0,"char":"ȏ","width":21,"height":34,"xoffset":0,"yoffset":23,"xadvance":21,"chnl":15,"x":242,"y":859,"page":0},{"id":528,"index":0,"char":"Ȑ","width":21,"height":34,"xoffset":0,"yoffset":23,"xadvance":21,"chnl":15,"x":242,"y":894,"page":0},{"id":529,"index":0,"char":"ȑ","width":21,"height":34,"xoffset":0,"yoffset":23,"xadvance":21,"chnl":15,"x":242,"y":929,"page":0},{"id":530,"index":0,"char":"Ȓ","width":21,"height":34,"xoffset":0,"yoffset":23,"xadvance":21,"chnl":15,"x":242,"y":964,"page":0},{"id":531,"index":0,"char":"ȓ","width":21,"height":34,"xoffset":0,"yoffset":23,"xadvance":21,"chnl":15,"x":264,"y":505,"page":0},{"id":532,"index":0,"char":"Ȕ","width":21,"height":34,"xoffset":0,"yoffset":23,"xadvance":21,"chnl":15,"x":273,"y":465,"page":0},{"id":533,"index":0,"char":"ȕ","width":21,"height":34,"xoffset":0,"yoffset":23,"xadvance":21,"chnl":15,"x":278,"y":425,"page":0},{"id":534,"index":0,"char":"Ȗ","width":21,"height":34,"xoffset":0,"yoffset":23,"xadvance":21,"chnl":15,"x":284,"y":390,"page":0},{"id":535,"index":0,"char":"ȗ","width":21,"height":34,"xoffset":0,"yoffset":23,"xadvance":21,"chnl":15,"x":289,"y":353,"page":0},{"id":536,"index":0,"char":"Ș","width":21,"height":34,"xoffset":0,"yoffset":23,"xadvance":21,"chnl":15,"x":307,"y":316,"page":0},{"id":537,"index":0,"char":"ș","width":21,"height":34,"xoffset":0,"yoffset":23,"xadvance":21,"chnl":15,"x":308,"y":280,"page":0},{"id":538,"index":0,"char":"Ț","width":21,"height":34,"xoffset":0,"yoffset":23,"xadvance":21,"chnl":15,"x":319,"y":245,"page":0},{"id":539,"index":0,"char":"ț","width":21,"height":34,"xoffset":0,"yoffset":23,"xadvance":21,"chnl":15,"x":320,"y":210,"page":0},{"id":554,"index":0,"char":"Ȫ","width":21,"height":34,"xoffset":0,"yoffset":23,"xadvance":21,"chnl":15,"x":340,"y":175,"page":0},{"id":555,"index":0,"char":"ȫ","width":21,"height":34,"xoffset":0,"yoffset":23,"xadvance":21,"chnl":15,"x":342,"y":140,"page":0},{"id":556,"index":0,"char":"Ȭ","width":21,"height":34,"xoffset":0,"yoffset":23,"xadvance":21,"chnl":15,"x":347,"y":105,"page":0},{"id":557,"index":0,"char":"ȭ","width":21,"height":34,"xoffset":0,"yoffset":23,"xadvance":21,"chnl":15,"x":359,"y":70,"page":0},{"id":560,"index":0,"char":"Ȱ","width":21,"height":34,"xoffset":0,"yoffset":23,"xadvance":21,"chnl":15,"x":361,"y":35,"page":0},{"id":561,"index":0,"char":"ȱ","width":21,"height":34,"xoffset":0,"yoffset":23,"xadvance":21,"chnl":15,"x":375,"y":0,"page":0},{"id":562,"index":0,"char":"Ȳ","width":21,"height":34,"xoffset":0,"yoffset":23,"xadvance":21,"chnl":15,"x":264,"y":540,"page":0},{"id":563,"index":0,"char":"ȳ","width":21,"height":34,"xoffset":0,"yoffset":23,"xadvance":21,"chnl":15,"x":264,"y":575,"page":0},{"id":567,"index":0,"char":"ȷ","width":21,"height":34,"xoffset":0,"yoffset":23,"xadvance":21,"chnl":15,"x":264,"y":610,"page":0},{"id":601,"index":0,"char":"ə","width":21,"height":34,"xoffset":0,"yoffset":23,"xadvance":21,"chnl":15,"x":264,"y":645,"page":0},{"id":697,"index":0,"char":"ʹ","width":21,"height":34,"xoffset":0,"yoffset":23,"xadvance":21,"chnl":15,"x":264,"y":680,"page":0},{"id":698,"index":0,"char":"ʺ","width":21,"height":34,"xoffset":0,"yoffset":23,"xadvance":21,"chnl":15,"x":264,"y":715,"page":0},{"id":699,"index":0,"char":"ʻ","width":21,"height":34,"xoffset":0,"yoffset":23,"xadvance":21,"chnl":15,"x":264,"y":750,"page":0},{"id":700,"index":0,"char":"ʼ","width":21,"height":34,"xoffset":0,"yoffset":23,"xadvance":21,"chnl":15,"x":264,"y":785,"page":0},{"id":702,"index":0,"char":"ʾ","width":21,"height":34,"xoffset":0,"yoffset":23,"xadvance":21,"chnl":15,"x":264,"y":820,"page":0},{"id":703,"index":0,"char":"ʿ","width":21,"height":34,"xoffset":0,"yoffset":23,"xadvance":21,"chnl":15,"x":264,"y":855,"page":0},{"id":710,"index":0,"char":"ˆ","width":21,"height":34,"xoffset":0,"yoffset":23,"xadvance":21,"chnl":15,"x":264,"y":890,"page":0},{"id":711,"index":0,"char":"ˇ","width":21,"height":34,"xoffset":0,"yoffset":23,"xadvance":21,"chnl":15,"x":264,"y":925,"page":0},{"id":712,"index":0,"char":"ˈ","width":21,"height":34,"xoffset":0,"yoffset":23,"xadvance":21,"chnl":15,"x":264,"y":960,"page":0},{"id":713,"index":0,"char":"ˉ","width":21,"height":34,"xoffset":0,"yoffset":23,"xadvance":21,"chnl":15,"x":286,"y":500,"page":0},{"id":714,"index":0,"char":"ˊ","width":21,"height":34,"xoffset":0,"yoffset":23,"xadvance":21,"chnl":15,"x":295,"y":460,"page":0},{"id":715,"index":0,"char":"ˋ","width":21,"height":34,"xoffset":0,"yoffset":23,"xadvance":21,"chnl":15,"x":300,"y":425,"page":0},{"id":716,"index":0,"char":"ˌ","width":21,"height":34,"xoffset":0,"yoffset":23,"xadvance":21,"chnl":15,"x":306,"y":388,"page":0},{"id":728,"index":0,"char":"˘","width":21,"height":34,"xoffset":0,"yoffset":23,"xadvance":21,"chnl":15,"x":311,"y":351,"page":0},{"id":729,"index":0,"char":"˙","width":21,"height":34,"xoffset":0,"yoffset":23,"xadvance":21,"chnl":15,"x":329,"y":315,"page":0},{"id":730,"index":0,"char":"˚","width":21,"height":34,"xoffset":0,"yoffset":23,"xadvance":21,"chnl":15,"x":330,"y":280,"page":0},{"id":731,"index":0,"char":"˛","width":21,"height":34,"xoffset":0,"yoffset":23,"xadvance":21,"chnl":15,"x":341,"y":245,"page":0},{"id":732,"index":0,"char":"˜","width":21,"height":34,"xoffset":0,"yoffset":23,"xadvance":21,"chnl":15,"x":342,"y":210,"page":0},{"id":733,"index":0,"char":"˝","width":21,"height":34,"xoffset":0,"yoffset":23,"xadvance":21,"chnl":15,"x":362,"y":175,"page":0},{"id":7688,"index":0,"char":"Ḉ","width":21,"height":34,"xoffset":0,"yoffset":23,"xadvance":21,"chnl":15,"x":364,"y":140,"page":0},{"id":7689,"index":0,"char":"ḉ","width":21,"height":34,"xoffset":0,"yoffset":23,"xadvance":21,"chnl":15,"x":369,"y":105,"page":0},{"id":7692,"index":0,"char":"Ḍ","width":21,"height":34,"xoffset":0,"yoffset":23,"xadvance":21,"chnl":15,"x":381,"y":70,"page":0},{"id":7693,"index":0,"char":"ḍ","width":21,"height":34,"xoffset":0,"yoffset":23,"xadvance":21,"chnl":15,"x":383,"y":35,"page":0},{"id":7694,"index":0,"char":"Ḏ","width":21,"height":34,"xoffset":0,"yoffset":23,"xadvance":21,"chnl":15,"x":397,"y":0,"page":0},{"id":7695,"index":0,"char":"ḏ","width":21,"height":34,"xoffset":0,"yoffset":23,"xadvance":21,"chnl":15,"x":286,"y":535,"page":0},{"id":7700,"index":0,"char":"Ḕ","width":21,"height":34,"xoffset":0,"yoffset":23,"xadvance":21,"chnl":15,"x":286,"y":570,"page":0},{"id":7701,"index":0,"char":"ḕ","width":21,"height":34,"xoffset":0,"yoffset":23,"xadvance":21,"chnl":15,"x":286,"y":605,"page":0},{"id":7702,"index":0,"char":"Ḗ","width":21,"height":34,"xoffset":0,"yoffset":23,"xadvance":21,"chnl":15,"x":286,"y":640,"page":0},{"id":7703,"index":0,"char":"ḗ","width":21,"height":34,"xoffset":0,"yoffset":23,"xadvance":21,"chnl":15,"x":286,"y":675,"page":0},{"id":7708,"index":0,"char":"Ḝ","width":21,"height":34,"xoffset":0,"yoffset":23,"xadvance":21,"chnl":15,"x":286,"y":710,"page":0},{"id":7709,"index":0,"char":"ḝ","width":21,"height":34,"xoffset":0,"yoffset":23,"xadvance":21,"chnl":15,"x":286,"y":745,"page":0},{"id":7712,"index":0,"char":"Ḡ","width":21,"height":34,"xoffset":0,"yoffset":23,"xadvance":21,"chnl":15,"x":286,"y":780,"page":0},{"id":7713,"index":0,"char":"ḡ","width":21,"height":34,"xoffset":0,"yoffset":23,"xadvance":21,"chnl":15,"x":286,"y":815,"page":0},{"id":7716,"index":0,"char":"Ḥ","width":21,"height":34,"xoffset":0,"yoffset":23,"xadvance":21,"chnl":15,"x":286,"y":850,"page":0},{"id":7717,"index":0,"char":"ḥ","width":21,"height":34,"xoffset":0,"yoffset":23,"xadvance":21,"chnl":15,"x":286,"y":885,"page":0},{"id":7722,"index":0,"char":"Ḫ","width":21,"height":34,"xoffset":0,"yoffset":23,"xadvance":21,"chnl":15,"x":286,"y":920,"page":0},{"id":7723,"index":0,"char":"ḫ","width":21,"height":34,"xoffset":0,"yoffset":23,"xadvance":21,"chnl":15,"x":286,"y":955,"page":0},{"id":7726,"index":0,"char":"Ḯ","width":21,"height":34,"xoffset":0,"yoffset":23,"xadvance":21,"chnl":15,"x":286,"y":990,"page":0},{"id":7727,"index":0,"char":"ḯ","width":21,"height":34,"xoffset":0,"yoffset":23,"xadvance":21,"chnl":15,"x":308,"y":495,"page":0},{"id":7728,"index":0,"char":"Ḱ","width":21,"height":34,"xoffset":0,"yoffset":23,"xadvance":21,"chnl":15,"x":317,"y":460,"page":0},{"id":7729,"index":0,"char":"ḱ","width":21,"height":34,"xoffset":0,"yoffset":23,"xadvance":21,"chnl":15,"x":322,"y":423,"page":0},{"id":7734,"index":0,"char":"Ḷ","width":21,"height":34,"xoffset":0,"yoffset":23,"xadvance":21,"chnl":15,"x":328,"y":386,"page":0},{"id":7735,"index":0,"char":"ḷ","width":21,"height":34,"xoffset":0,"yoffset":23,"xadvance":21,"chnl":15,"x":333,"y":350,"page":0},{"id":7738,"index":0,"char":"Ḻ","width":21,"height":34,"xoffset":0,"yoffset":23,"xadvance":21,"chnl":15,"x":351,"y":315,"page":0},{"id":7739,"index":0,"char":"ḻ","width":21,"height":34,"xoffset":0,"yoffset":23,"xadvance":21,"chnl":15,"x":352,"y":280,"page":0},{"id":7746,"index":0,"char":"Ṃ","width":21,"height":34,"xoffset":0,"yoffset":23,"xadvance":21,"chnl":15,"x":363,"y":245,"page":0},{"id":7747,"index":0,"char":"ṃ","width":21,"height":34,"xoffset":0,"yoffset":23,"xadvance":21,"chnl":15,"x":364,"y":210,"page":0},{"id":7748,"index":0,"char":"Ṅ","width":21,"height":34,"xoffset":0,"yoffset":23,"xadvance":21,"chnl":15,"x":384,"y":175,"page":0},{"id":7749,"index":0,"char":"ṅ","width":21,"height":34,"xoffset":0,"yoffset":23,"xadvance":21,"chnl":15,"x":386,"y":140,"page":0},{"id":7750,"index":0,"char":"Ṇ","width":21,"height":34,"xoffset":0,"yoffset":23,"xadvance":21,"chnl":15,"x":391,"y":105,"page":0},{"id":7751,"index":0,"char":"ṇ","width":21,"height":34,"xoffset":0,"yoffset":23,"xadvance":21,"chnl":15,"x":403,"y":70,"page":0},{"id":7752,"index":0,"char":"Ṉ","width":21,"height":34,"xoffset":0,"yoffset":23,"xadvance":21,"chnl":15,"x":405,"y":35,"page":0},{"id":7753,"index":0,"char":"ṉ","width":21,"height":34,"xoffset":0,"yoffset":23,"xadvance":21,"chnl":15,"x":419,"y":0,"page":0},{"id":7756,"index":0,"char":"Ṍ","width":21,"height":34,"xoffset":0,"yoffset":23,"xadvance":21,"chnl":15,"x":308,"y":530,"page":0},{"id":7757,"index":0,"char":"ṍ","width":21,"height":34,"xoffset":0,"yoffset":23,"xadvance":21,"chnl":15,"x":308,"y":565,"page":0},{"id":7758,"index":0,"char":"Ṏ","width":21,"height":34,"xoffset":0,"yoffset":23,"xadvance":21,"chnl":15,"x":308,"y":600,"page":0},{"id":7759,"index":0,"char":"ṏ","width":21,"height":34,"xoffset":0,"yoffset":23,"xadvance":21,"chnl":15,"x":308,"y":635,"page":0},{"id":7760,"index":0,"char":"Ṑ","width":21,"height":34,"xoffset":0,"yoffset":23,"xadvance":21,"chnl":15,"x":308,"y":670,"page":0},{"id":7761,"index":0,"char":"ṑ","width":21,"height":34,"xoffset":0,"yoffset":23,"xadvance":21,"chnl":15,"x":308,"y":705,"page":0},{"id":7762,"index":0,"char":"Ṓ","width":21,"height":34,"xoffset":0,"yoffset":23,"xadvance":21,"chnl":15,"x":308,"y":740,"page":0},{"id":7763,"index":0,"char":"ṓ","width":21,"height":34,"xoffset":0,"yoffset":23,"xadvance":21,"chnl":15,"x":308,"y":775,"page":0},{"id":7770,"index":0,"char":"Ṛ","width":21,"height":34,"xoffset":0,"yoffset":23,"xadvance":21,"chnl":15,"x":308,"y":810,"page":0},{"id":7771,"index":0,"char":"ṛ","width":21,"height":34,"xoffset":0,"yoffset":23,"xadvance":21,"chnl":15,"x":308,"y":845,"page":0},{"id":7774,"index":0,"char":"Ṟ","width":21,"height":34,"xoffset":0,"yoffset":23,"xadvance":21,"chnl":15,"x":308,"y":880,"page":0},{"id":7775,"index":0,"char":"ṟ","width":21,"height":34,"xoffset":0,"yoffset":23,"xadvance":21,"chnl":15,"x":308,"y":915,"page":0},{"id":7776,"index":0,"char":"Ṡ","width":21,"height":34,"xoffset":0,"yoffset":23,"xadvance":21,"chnl":15,"x":308,"y":950,"page":0},{"id":7777,"index":0,"char":"ṡ","width":21,"height":34,"xoffset":0,"yoffset":23,"xadvance":21,"chnl":15,"x":308,"y":985,"page":0},{"id":7778,"index":0,"char":"Ṣ","width":21,"height":34,"xoffset":0,"yoffset":23,"xadvance":21,"chnl":15,"x":330,"y":495,"page":0},{"id":7779,"index":0,"char":"ṣ","width":21,"height":34,"xoffset":0,"yoffset":23,"xadvance":21,"chnl":15,"x":339,"y":458,"page":0},{"id":7780,"index":0,"char":"Ṥ","width":21,"height":34,"xoffset":0,"yoffset":23,"xadvance":21,"chnl":15,"x":344,"y":421,"page":0},{"id":7781,"index":0,"char":"ṥ","width":21,"height":34,"xoffset":0,"yoffset":23,"xadvance":21,"chnl":15,"x":350,"y":385,"page":0},{"id":7782,"index":0,"char":"Ṧ","width":21,"height":34,"xoffset":0,"yoffset":23,"xadvance":21,"chnl":15,"x":355,"y":350,"page":0},{"id":7783,"index":0,"char":"ṧ","width":21,"height":34,"xoffset":0,"yoffset":23,"xadvance":21,"chnl":15,"x":373,"y":315,"page":0},{"id":7784,"index":0,"char":"Ṩ","width":21,"height":34,"xoffset":0,"yoffset":23,"xadvance":21,"chnl":15,"x":374,"y":280,"page":0},{"id":7785,"index":0,"char":"ṩ","width":21,"height":34,"xoffset":0,"yoffset":23,"xadvance":21,"chnl":15,"x":385,"y":245,"page":0},{"id":7788,"index":0,"char":"Ṭ","width":21,"height":34,"xoffset":0,"yoffset":23,"xadvance":21,"chnl":15,"x":386,"y":210,"page":0},{"id":7789,"index":0,"char":"ṭ","width":21,"height":34,"xoffset":0,"yoffset":23,"xadvance":21,"chnl":15,"x":406,"y":175,"page":0},{"id":7790,"index":0,"char":"Ṯ","width":21,"height":34,"xoffset":0,"yoffset":23,"xadvance":21,"chnl":15,"x":408,"y":140,"page":0},{"id":7791,"index":0,"char":"ṯ","width":21,"height":34,"xoffset":0,"yoffset":23,"xadvance":21,"chnl":15,"x":413,"y":105,"page":0},{"id":7800,"index":0,"char":"Ṹ","width":21,"height":34,"xoffset":0,"yoffset":23,"xadvance":21,"chnl":15,"x":425,"y":70,"page":0},{"id":7801,"index":0,"char":"ṹ","width":21,"height":34,"xoffset":0,"yoffset":23,"xadvance":21,"chnl":15,"x":427,"y":35,"page":0},{"id":7802,"index":0,"char":"Ṻ","width":21,"height":34,"xoffset":0,"yoffset":23,"xadvance":21,"chnl":15,"x":441,"y":0,"page":0},{"id":7803,"index":0,"char":"ṻ","width":21,"height":34,"xoffset":0,"yoffset":23,"xadvance":21,"chnl":15,"x":330,"y":530,"page":0},{"id":7808,"index":0,"char":"Ẁ","width":21,"height":34,"xoffset":0,"yoffset":23,"xadvance":21,"chnl":15,"x":330,"y":565,"page":0},{"id":7809,"index":0,"char":"ẁ","width":21,"height":34,"xoffset":0,"yoffset":23,"xadvance":21,"chnl":15,"x":330,"y":600,"page":0},{"id":7810,"index":0,"char":"Ẃ","width":21,"height":34,"xoffset":0,"yoffset":23,"xadvance":21,"chnl":15,"x":330,"y":635,"page":0},{"id":7811,"index":0,"char":"ẃ","width":21,"height":34,"xoffset":0,"yoffset":23,"xadvance":21,"chnl":15,"x":330,"y":670,"page":0},{"id":7812,"index":0,"char":"Ẅ","width":21,"height":34,"xoffset":0,"yoffset":23,"xadvance":21,"chnl":15,"x":330,"y":705,"page":0},{"id":7813,"index":0,"char":"ẅ","width":21,"height":34,"xoffset":0,"yoffset":23,"xadvance":21,"chnl":15,"x":330,"y":740,"page":0},{"id":7822,"index":0,"char":"Ẏ","width":21,"height":34,"xoffset":0,"yoffset":23,"xadvance":21,"chnl":15,"x":330,"y":775,"page":0},{"id":7823,"index":0,"char":"ẏ","width":21,"height":34,"xoffset":0,"yoffset":23,"xadvance":21,"chnl":15,"x":330,"y":810,"page":0},{"id":7826,"index":0,"char":"Ẓ","width":21,"height":34,"xoffset":0,"yoffset":23,"xadvance":21,"chnl":15,"x":330,"y":845,"page":0},{"id":7827,"index":0,"char":"ẓ","width":21,"height":34,"xoffset":0,"yoffset":23,"xadvance":21,"chnl":15,"x":330,"y":880,"page":0},{"id":7831,"index":0,"char":"ẗ","width":21,"height":34,"xoffset":0,"yoffset":23,"xadvance":21,"chnl":15,"x":330,"y":915,"page":0},{"id":7838,"index":0,"char":"ẞ","width":21,"height":34,"xoffset":0,"yoffset":23,"xadvance":21,"chnl":15,"x":330,"y":950,"page":0},{"id":7840,"index":0,"char":"Ạ","width":21,"height":34,"xoffset":0,"yoffset":23,"xadvance":21,"chnl":15,"x":330,"y":985,"page":0},{"id":7841,"index":0,"char":"ạ","width":21,"height":34,"xoffset":0,"yoffset":23,"xadvance":21,"chnl":15,"x":352,"y":493,"page":0},{"id":7842,"index":0,"char":"Ả","width":21,"height":34,"xoffset":0,"yoffset":23,"xadvance":21,"chnl":15,"x":361,"y":456,"page":0},{"id":7843,"index":0,"char":"ả","width":21,"height":34,"xoffset":0,"yoffset":23,"xadvance":21,"chnl":15,"x":366,"y":420,"page":0},{"id":7844,"index":0,"char":"Ấ","width":21,"height":34,"xoffset":0,"yoffset":23,"xadvance":21,"chnl":15,"x":372,"y":385,"page":0},{"id":7845,"index":0,"char":"ấ","width":21,"height":34,"xoffset":0,"yoffset":23,"xadvance":21,"chnl":15,"x":377,"y":350,"page":0},{"id":7846,"index":0,"char":"Ầ","width":21,"height":34,"xoffset":0,"yoffset":23,"xadvance":21,"chnl":15,"x":395,"y":315,"page":0},{"id":7847,"index":0,"char":"ầ","width":21,"height":34,"xoffset":0,"yoffset":23,"xadvance":21,"chnl":15,"x":396,"y":280,"page":0},{"id":7848,"index":0,"char":"Ẩ","width":21,"height":34,"xoffset":0,"yoffset":23,"xadvance":21,"chnl":15,"x":407,"y":245,"page":0},{"id":7849,"index":0,"char":"ẩ","width":21,"height":34,"xoffset":0,"yoffset":23,"xadvance":21,"chnl":15,"x":408,"y":210,"page":0},{"id":7850,"index":0,"char":"Ẫ","width":21,"height":34,"xoffset":0,"yoffset":23,"xadvance":21,"chnl":15,"x":428,"y":175,"page":0},{"id":7851,"index":0,"char":"ẫ","width":21,"height":34,"xoffset":0,"yoffset":23,"xadvance":21,"chnl":15,"x":430,"y":140,"page":0},{"id":7852,"index":0,"char":"Ậ","width":21,"height":34,"xoffset":0,"yoffset":23,"xadvance":21,"chnl":15,"x":435,"y":105,"page":0},{"id":7853,"index":0,"char":"ậ","width":21,"height":34,"xoffset":0,"yoffset":23,"xadvance":21,"chnl":15,"x":447,"y":70,"page":0},{"id":7854,"index":0,"char":"Ắ","width":21,"height":34,"xoffset":0,"yoffset":23,"xadvance":21,"chnl":15,"x":449,"y":35,"page":0},{"id":7855,"index":0,"char":"ắ","width":21,"height":34,"xoffset":0,"yoffset":23,"xadvance":21,"chnl":15,"x":463,"y":0,"page":0},{"id":7856,"index":0,"char":"Ằ","width":21,"height":34,"xoffset":0,"yoffset":23,"xadvance":21,"chnl":15,"x":352,"y":528,"page":0},{"id":7857,"index":0,"char":"ằ","width":21,"height":34,"xoffset":0,"yoffset":23,"xadvance":21,"chnl":15,"x":352,"y":563,"page":0},{"id":7858,"index":0,"char":"Ẳ","width":21,"height":34,"xoffset":0,"yoffset":23,"xadvance":21,"chnl":15,"x":352,"y":598,"page":0},{"id":7859,"index":0,"char":"ẳ","width":21,"height":34,"xoffset":0,"yoffset":23,"xadvance":21,"chnl":15,"x":352,"y":633,"page":0},{"id":7860,"index":0,"char":"Ẵ","width":21,"height":34,"xoffset":0,"yoffset":23,"xadvance":21,"chnl":15,"x":352,"y":668,"page":0},{"id":7861,"index":0,"char":"ẵ","width":21,"height":34,"xoffset":0,"yoffset":23,"xadvance":21,"chnl":15,"x":352,"y":703,"page":0},{"id":7862,"index":0,"char":"Ặ","width":21,"height":34,"xoffset":0,"yoffset":23,"xadvance":21,"chnl":15,"x":352,"y":738,"page":0},{"id":7863,"index":0,"char":"ặ","width":21,"height":34,"xoffset":0,"yoffset":23,"xadvance":21,"chnl":15,"x":352,"y":773,"page":0},{"id":7864,"index":0,"char":"Ẹ","width":21,"height":34,"xoffset":0,"yoffset":23,"xadvance":21,"chnl":15,"x":352,"y":808,"page":0},{"id":7865,"index":0,"char":"ẹ","width":21,"height":34,"xoffset":0,"yoffset":23,"xadvance":21,"chnl":15,"x":352,"y":843,"page":0},{"id":7866,"index":0,"char":"Ẻ","width":21,"height":34,"xoffset":0,"yoffset":23,"xadvance":21,"chnl":15,"x":352,"y":878,"page":0},{"id":7867,"index":0,"char":"ẻ","width":21,"height":34,"xoffset":0,"yoffset":23,"xadvance":21,"chnl":15,"x":352,"y":913,"page":0},{"id":7868,"index":0,"char":"Ẽ","width":21,"height":34,"xoffset":0,"yoffset":23,"xadvance":21,"chnl":15,"x":352,"y":948,"page":0},{"id":7869,"index":0,"char":"ẽ","width":21,"height":34,"xoffset":0,"yoffset":23,"xadvance":21,"chnl":15,"x":352,"y":983,"page":0},{"id":7870,"index":0,"char":"Ế","width":21,"height":34,"xoffset":0,"yoffset":23,"xadvance":21,"chnl":15,"x":374,"y":491,"page":0},{"id":7871,"index":0,"char":"ế","width":21,"height":34,"xoffset":0,"yoffset":23,"xadvance":21,"chnl":15,"x":383,"y":455,"page":0},{"id":7872,"index":0,"char":"Ề","width":21,"height":34,"xoffset":0,"yoffset":23,"xadvance":21,"chnl":15,"x":388,"y":420,"page":0},{"id":7873,"index":0,"char":"ề","width":21,"height":34,"xoffset":0,"yoffset":23,"xadvance":21,"chnl":15,"x":394,"y":385,"page":0},{"id":7874,"index":0,"char":"Ể","width":21,"height":34,"xoffset":0,"yoffset":23,"xadvance":21,"chnl":15,"x":399,"y":350,"page":0},{"id":7875,"index":0,"char":"ể","width":21,"height":34,"xoffset":0,"yoffset":23,"xadvance":21,"chnl":15,"x":417,"y":315,"page":0},{"id":7876,"index":0,"char":"Ễ","width":21,"height":34,"xoffset":0,"yoffset":23,"xadvance":21,"chnl":15,"x":418,"y":280,"page":0},{"id":7877,"index":0,"char":"ễ","width":21,"height":34,"xoffset":0,"yoffset":23,"xadvance":21,"chnl":15,"x":429,"y":245,"page":0},{"id":7878,"index":0,"char":"Ệ","width":21,"height":34,"xoffset":0,"yoffset":23,"xadvance":21,"chnl":15,"x":430,"y":210,"page":0},{"id":7879,"index":0,"char":"ệ","width":21,"height":34,"xoffset":0,"yoffset":23,"xadvance":21,"chnl":15,"x":450,"y":175,"page":0},{"id":7880,"index":0,"char":"Ỉ","width":21,"height":34,"xoffset":0,"yoffset":23,"xadvance":21,"chnl":15,"x":452,"y":140,"page":0},{"id":7881,"index":0,"char":"ỉ","width":21,"height":34,"xoffset":0,"yoffset":23,"xadvance":21,"chnl":15,"x":457,"y":105,"page":0},{"id":7882,"index":0,"char":"Ị","width":21,"height":34,"xoffset":0,"yoffset":23,"xadvance":21,"chnl":15,"x":469,"y":70,"page":0},{"id":7883,"index":0,"char":"ị","width":21,"height":34,"xoffset":0,"yoffset":23,"xadvance":21,"chnl":15,"x":471,"y":35,"page":0},{"id":7884,"index":0,"char":"Ọ","width":21,"height":34,"xoffset":0,"yoffset":23,"xadvance":21,"chnl":15,"x":485,"y":0,"page":0},{"id":7885,"index":0,"char":"ọ","width":21,"height":34,"xoffset":0,"yoffset":23,"xadvance":21,"chnl":15,"x":374,"y":526,"page":0},{"id":7886,"index":0,"char":"Ỏ","width":21,"height":34,"xoffset":0,"yoffset":23,"xadvance":21,"chnl":15,"x":374,"y":561,"page":0},{"id":7887,"index":0,"char":"ỏ","width":21,"height":34,"xoffset":0,"yoffset":23,"xadvance":21,"chnl":15,"x":374,"y":596,"page":0},{"id":7888,"index":0,"char":"Ố","width":21,"height":34,"xoffset":0,"yoffset":23,"xadvance":21,"chnl":15,"x":374,"y":631,"page":0},{"id":7889,"index":0,"char":"ố","width":21,"height":34,"xoffset":0,"yoffset":23,"xadvance":21,"chnl":15,"x":374,"y":666,"page":0},{"id":7890,"index":0,"char":"Ồ","width":21,"height":34,"xoffset":0,"yoffset":23,"xadvance":21,"chnl":15,"x":374,"y":701,"page":0},{"id":7891,"index":0,"char":"ồ","width":21,"height":34,"xoffset":0,"yoffset":23,"xadvance":21,"chnl":15,"x":374,"y":736,"page":0},{"id":7892,"index":0,"char":"Ổ","width":21,"height":34,"xoffset":0,"yoffset":23,"xadvance":21,"chnl":15,"x":374,"y":771,"page":0},{"id":7893,"index":0,"char":"ổ","width":21,"height":34,"xoffset":0,"yoffset":23,"xadvance":21,"chnl":15,"x":374,"y":806,"page":0},{"id":7894,"index":0,"char":"Ỗ","width":21,"height":34,"xoffset":0,"yoffset":23,"xadvance":21,"chnl":15,"x":374,"y":841,"page":0},{"id":7895,"index":0,"char":"ỗ","width":21,"height":34,"xoffset":0,"yoffset":23,"xadvance":21,"chnl":15,"x":374,"y":876,"page":0},{"id":7896,"index":0,"char":"Ộ","width":21,"height":34,"xoffset":0,"yoffset":23,"xadvance":21,"chnl":15,"x":374,"y":911,"page":0},{"id":7897,"index":0,"char":"ộ","width":21,"height":34,"xoffset":0,"yoffset":23,"xadvance":21,"chnl":15,"x":374,"y":946,"page":0},{"id":7898,"index":0,"char":"Ớ","width":21,"height":34,"xoffset":0,"yoffset":23,"xadvance":21,"chnl":15,"x":374,"y":981,"page":0},{"id":7899,"index":0,"char":"ớ","width":21,"height":34,"xoffset":0,"yoffset":23,"xadvance":21,"chnl":15,"x":507,"y":0,"page":0},{"id":7900,"index":0,"char":"Ờ","width":21,"height":34,"xoffset":0,"yoffset":23,"xadvance":21,"chnl":15,"x":529,"y":0,"page":0},{"id":7901,"index":0,"char":"ờ","width":21,"height":34,"xoffset":0,"yoffset":23,"xadvance":21,"chnl":15,"x":551,"y":0,"page":0},{"id":7902,"index":0,"char":"Ở","width":21,"height":34,"xoffset":0,"yoffset":23,"xadvance":21,"chnl":15,"x":573,"y":0,"page":0},{"id":7903,"index":0,"char":"ở","width":21,"height":34,"xoffset":0,"yoffset":23,"xadvance":21,"chnl":15,"x":595,"y":0,"page":0},{"id":7904,"index":0,"char":"Ỡ","width":21,"height":34,"xoffset":0,"yoffset":23,"xadvance":21,"chnl":15,"x":617,"y":0,"page":0},{"id":7905,"index":0,"char":"ỡ","width":21,"height":34,"xoffset":0,"yoffset":23,"xadvance":21,"chnl":15,"x":639,"y":0,"page":0},{"id":7906,"index":0,"char":"Ợ","width":21,"height":34,"xoffset":0,"yoffset":23,"xadvance":21,"chnl":15,"x":661,"y":0,"page":0},{"id":7907,"index":0,"char":"ợ","width":21,"height":34,"xoffset":0,"yoffset":23,"xadvance":21,"chnl":15,"x":683,"y":0,"page":0},{"id":7908,"index":0,"char":"Ụ","width":21,"height":34,"xoffset":0,"yoffset":23,"xadvance":21,"chnl":15,"x":705,"y":0,"page":0},{"id":7909,"index":0,"char":"ụ","width":21,"height":34,"xoffset":0,"yoffset":23,"xadvance":21,"chnl":15,"x":727,"y":0,"page":0},{"id":7910,"index":0,"char":"Ủ","width":21,"height":34,"xoffset":0,"yoffset":23,"xadvance":21,"chnl":15,"x":749,"y":0,"page":0},{"id":7911,"index":0,"char":"ủ","width":21,"height":34,"xoffset":0,"yoffset":23,"xadvance":21,"chnl":15,"x":771,"y":0,"page":0},{"id":7912,"index":0,"char":"Ứ","width":21,"height":34,"xoffset":0,"yoffset":23,"xadvance":21,"chnl":15,"x":793,"y":0,"page":0},{"id":7913,"index":0,"char":"ứ","width":21,"height":34,"xoffset":0,"yoffset":23,"xadvance":21,"chnl":15,"x":815,"y":0,"page":0},{"id":7914,"index":0,"char":"Ừ","width":21,"height":34,"xoffset":0,"yoffset":23,"xadvance":21,"chnl":15,"x":837,"y":0,"page":0},{"id":7915,"index":0,"char":"ừ","width":21,"height":34,"xoffset":0,"yoffset":23,"xadvance":21,"chnl":15,"x":859,"y":0,"page":0},{"id":7916,"index":0,"char":"Ử","width":21,"height":34,"xoffset":0,"yoffset":23,"xadvance":21,"chnl":15,"x":881,"y":0,"page":0},{"id":7917,"index":0,"char":"ử","width":21,"height":34,"xoffset":0,"yoffset":23,"xadvance":21,"chnl":15,"x":903,"y":0,"page":0},{"id":7918,"index":0,"char":"Ữ","width":21,"height":34,"xoffset":0,"yoffset":23,"xadvance":21,"chnl":15,"x":925,"y":0,"page":0},{"id":7919,"index":0,"char":"ữ","width":21,"height":34,"xoffset":0,"yoffset":23,"xadvance":21,"chnl":15,"x":947,"y":0,"page":0},{"id":7920,"index":0,"char":"Ự","width":21,"height":34,"xoffset":0,"yoffset":23,"xadvance":21,"chnl":15,"x":969,"y":0,"page":0},{"id":7921,"index":0,"char":"ự","width":21,"height":34,"xoffset":0,"yoffset":23,"xadvance":21,"chnl":15,"x":991,"y":0,"page":0},{"id":7922,"index":0,"char":"Ỳ","width":21,"height":34,"xoffset":0,"yoffset":23,"xadvance":21,"chnl":15,"x":396,"y":490,"page":0},{"id":7923,"index":0,"char":"ỳ","width":21,"height":34,"xoffset":0,"yoffset":23,"xadvance":21,"chnl":15,"x":405,"y":455,"page":0},{"id":7924,"index":0,"char":"Ỵ","width":21,"height":34,"xoffset":0,"yoffset":23,"xadvance":21,"chnl":15,"x":410,"y":420,"page":0},{"id":7925,"index":0,"char":"ỵ","width":21,"height":34,"xoffset":0,"yoffset":23,"xadvance":21,"chnl":15,"x":416,"y":385,"page":0},{"id":7926,"index":0,"char":"Ỷ","width":21,"height":34,"xoffset":0,"yoffset":23,"xadvance":21,"chnl":15,"x":421,"y":350,"page":0},{"id":7927,"index":0,"char":"ỷ","width":21,"height":34,"xoffset":0,"yoffset":23,"xadvance":21,"chnl":15,"x":439,"y":315,"page":0},{"id":7928,"index":0,"char":"Ỹ","width":21,"height":34,"xoffset":0,"yoffset":23,"xadvance":21,"chnl":15,"x":440,"y":280,"page":0},{"id":7929,"index":0,"char":"ỹ","width":21,"height":34,"xoffset":0,"yoffset":23,"xadvance":21,"chnl":15,"x":451,"y":245,"page":0},{"id":8192,"index":0,"char":" ","width":21,"height":34,"xoffset":0,"yoffset":23,"xadvance":21,"chnl":15,"x":452,"y":210,"page":0},{"id":8193,"index":0,"char":" ","width":21,"height":34,"xoffset":0,"yoffset":23,"xadvance":21,"chnl":15,"x":472,"y":175,"page":0},{"id":8194,"index":0,"char":" ","width":21,"height":34,"xoffset":0,"yoffset":23,"xadvance":21,"chnl":15,"x":474,"y":140,"page":0},{"id":8195,"index":0,"char":" ","width":21,"height":34,"xoffset":0,"yoffset":23,"xadvance":21,"chnl":15,"x":479,"y":105,"page":0},{"id":8196,"index":0,"char":" ","width":21,"height":34,"xoffset":0,"yoffset":23,"xadvance":21,"chnl":15,"x":491,"y":70,"page":0},{"id":8197,"index":0,"char":" ","width":21,"height":34,"xoffset":0,"yoffset":23,"xadvance":21,"chnl":15,"x":493,"y":35,"page":0},{"id":8198,"index":0,"char":" ","width":21,"height":34,"xoffset":0,"yoffset":23,"xadvance":21,"chnl":15,"x":396,"y":525,"page":0},{"id":8199,"index":0,"char":" ","width":21,"height":34,"xoffset":0,"yoffset":23,"xadvance":21,"chnl":15,"x":396,"y":560,"page":0},{"id":8200,"index":0,"char":" ","width":21,"height":34,"xoffset":0,"yoffset":23,"xadvance":21,"chnl":15,"x":396,"y":595,"page":0},{"id":8201,"index":0,"char":" ","width":21,"height":34,"xoffset":0,"yoffset":23,"xadvance":21,"chnl":15,"x":396,"y":630,"page":0},{"id":8202,"index":0,"char":" ","width":21,"height":34,"xoffset":0,"yoffset":23,"xadvance":21,"chnl":15,"x":396,"y":665,"page":0},{"id":8203,"index":0,"char":"​","width":21,"height":34,"xoffset":0,"yoffset":23,"xadvance":21,"chnl":15,"x":396,"y":700,"page":0},{"id":8208,"index":0,"char":"‐","width":21,"height":34,"xoffset":0,"yoffset":23,"xadvance":21,"chnl":15,"x":396,"y":735,"page":0},{"id":8209,"index":0,"char":"‑","width":21,"height":34,"xoffset":0,"yoffset":23,"xadvance":21,"chnl":15,"x":396,"y":770,"page":0},{"id":8210,"index":0,"char":"‒","width":21,"height":34,"xoffset":0,"yoffset":23,"xadvance":21,"chnl":15,"x":396,"y":805,"page":0},{"id":8211,"index":0,"char":"–","width":21,"height":34,"xoffset":0,"yoffset":23,"xadvance":21,"chnl":15,"x":396,"y":840,"page":0},{"id":8212,"index":0,"char":"—","width":21,"height":34,"xoffset":0,"yoffset":23,"xadvance":21,"chnl":15,"x":396,"y":875,"page":0},{"id":8213,"index":0,"char":"―","width":21,"height":34,"xoffset":0,"yoffset":23,"xadvance":21,"chnl":15,"x":396,"y":910,"page":0},{"id":8216,"index":0,"char":"‘","width":21,"height":34,"xoffset":0,"yoffset":23,"xadvance":21,"chnl":15,"x":396,"y":945,"page":0},{"id":8217,"index":0,"char":"’","width":21,"height":34,"xoffset":0,"yoffset":23,"xadvance":21,"chnl":15,"x":396,"y":980,"page":0},{"id":8218,"index":0,"char":"‚","width":21,"height":34,"xoffset":0,"yoffset":23,"xadvance":21,"chnl":15,"x":515,"y":35,"page":0},{"id":8220,"index":0,"char":"“","width":21,"height":34,"xoffset":0,"yoffset":23,"xadvance":21,"chnl":15,"x":537,"y":35,"page":0},{"id":8221,"index":0,"char":"”","width":21,"height":34,"xoffset":0,"yoffset":23,"xadvance":21,"chnl":15,"x":559,"y":35,"page":0},{"id":8222,"index":0,"char":"„","width":21,"height":34,"xoffset":0,"yoffset":23,"xadvance":21,"chnl":15,"x":581,"y":35,"page":0},{"id":8224,"index":0,"char":"†","width":21,"height":34,"xoffset":0,"yoffset":23,"xadvance":21,"chnl":15,"x":603,"y":35,"page":0},{"id":8225,"index":0,"char":"‡","width":21,"height":34,"xoffset":0,"yoffset":23,"xadvance":21,"chnl":15,"x":625,"y":35,"page":0},{"id":8226,"index":0,"char":"•","width":21,"height":34,"xoffset":0,"yoffset":23,"xadvance":21,"chnl":15,"x":647,"y":35,"page":0},{"id":8230,"index":0,"char":"…","width":21,"height":34,"xoffset":0,"yoffset":23,"xadvance":21,"chnl":15,"x":669,"y":35,"page":0},{"id":8240,"index":0,"char":"‰","width":21,"height":34,"xoffset":0,"yoffset":23,"xadvance":21,"chnl":15,"x":691,"y":35,"page":0},{"id":8242,"index":0,"char":"′","width":21,"height":34,"xoffset":0,"yoffset":23,"xadvance":21,"chnl":15,"x":713,"y":35,"page":0},{"id":8243,"index":0,"char":"″","width":21,"height":34,"xoffset":0,"yoffset":23,"xadvance":21,"chnl":15,"x":735,"y":35,"page":0},{"id":8244,"index":0,"char":"‴","width":21,"height":34,"xoffset":0,"yoffset":23,"xadvance":21,"chnl":15,"x":757,"y":35,"page":0},{"id":8245,"index":0,"char":"‵","width":21,"height":34,"xoffset":0,"yoffset":23,"xadvance":21,"chnl":15,"x":779,"y":35,"page":0},{"id":8249,"index":0,"char":"‹","width":21,"height":34,"xoffset":0,"yoffset":23,"xadvance":21,"chnl":15,"x":801,"y":35,"page":0},{"id":8250,"index":0,"char":"›","width":21,"height":34,"xoffset":0,"yoffset":23,"xadvance":21,"chnl":15,"x":823,"y":35,"page":0},{"id":8260,"index":0,"char":"⁄","width":21,"height":34,"xoffset":0,"yoffset":23,"xadvance":21,"chnl":15,"x":845,"y":35,"page":0},{"id":8274,"index":0,"char":"⁒","width":21,"height":34,"xoffset":0,"yoffset":23,"xadvance":21,"chnl":15,"x":867,"y":35,"page":0},{"id":8353,"index":0,"char":"₡","width":21,"height":34,"xoffset":0,"yoffset":23,"xadvance":21,"chnl":15,"x":889,"y":35,"page":0},{"id":8355,"index":0,"char":"₣","width":21,"height":34,"xoffset":0,"yoffset":23,"xadvance":21,"chnl":15,"x":911,"y":35,"page":0},{"id":8356,"index":0,"char":"₤","width":21,"height":34,"xoffset":0,"yoffset":23,"xadvance":21,"chnl":15,"x":933,"y":35,"page":0},{"id":8358,"index":0,"char":"₦","width":21,"height":34,"xoffset":0,"yoffset":23,"xadvance":21,"chnl":15,"x":955,"y":35,"page":0},{"id":8359,"index":0,"char":"₧","width":21,"height":34,"xoffset":0,"yoffset":23,"xadvance":21,"chnl":15,"x":977,"y":35,"page":0},{"id":8361,"index":0,"char":"₩","width":21,"height":34,"xoffset":0,"yoffset":23,"xadvance":21,"chnl":15,"x":999,"y":35,"page":0},{"id":8363,"index":0,"char":"₫","width":21,"height":34,"xoffset":0,"yoffset":23,"xadvance":21,"chnl":15,"x":513,"y":70,"page":0},{"id":8364,"index":0,"char":"€","width":21,"height":34,"xoffset":0,"yoffset":23,"xadvance":21,"chnl":15,"x":535,"y":70,"page":0},{"id":8365,"index":0,"char":"₭","width":21,"height":34,"xoffset":0,"yoffset":23,"xadvance":21,"chnl":15,"x":557,"y":70,"page":0},{"id":8366,"index":0,"char":"₮","width":21,"height":34,"xoffset":0,"yoffset":23,"xadvance":21,"chnl":15,"x":579,"y":70,"page":0},{"id":8369,"index":0,"char":"₱","width":21,"height":34,"xoffset":0,"yoffset":23,"xadvance":21,"chnl":15,"x":601,"y":70,"page":0},{"id":8370,"index":0,"char":"₲","width":21,"height":34,"xoffset":0,"yoffset":23,"xadvance":21,"chnl":15,"x":623,"y":70,"page":0},{"id":8372,"index":0,"char":"₴","width":21,"height":34,"xoffset":0,"yoffset":23,"xadvance":21,"chnl":15,"x":645,"y":70,"page":0},{"id":8373,"index":0,"char":"₵","width":21,"height":34,"xoffset":0,"yoffset":23,"xadvance":21,"chnl":15,"x":667,"y":70,"page":0},{"id":8376,"index":0,"char":"₸","width":21,"height":34,"xoffset":0,"yoffset":23,"xadvance":21,"chnl":15,"x":689,"y":70,"page":0},{"id":8377,"index":0,"char":"₹","width":21,"height":34,"xoffset":0,"yoffset":23,"xadvance":21,"chnl":15,"x":711,"y":70,"page":0},{"id":8378,"index":0,"char":"₺","width":21,"height":34,"xoffset":0,"yoffset":23,"xadvance":21,"chnl":15,"x":733,"y":70,"page":0},{"id":8380,"index":0,"char":"₼","width":21,"height":34,"xoffset":0,"yoffset":23,"xadvance":21,"chnl":15,"x":755,"y":70,"page":0},{"id":8381,"index":0,"char":"₽","width":21,"height":34,"xoffset":0,"yoffset":23,"xadvance":21,"chnl":15,"x":777,"y":70,"page":0},{"id":8592,"index":0,"char":"←","width":21,"height":34,"xoffset":0,"yoffset":23,"xadvance":21,"chnl":15,"x":799,"y":70,"page":0},{"id":8593,"index":0,"char":"↑","width":21,"height":34,"xoffset":0,"yoffset":23,"xadvance":21,"chnl":15,"x":821,"y":70,"page":0},{"id":8594,"index":0,"char":"→","width":21,"height":34,"xoffset":0,"yoffset":23,"xadvance":21,"chnl":15,"x":843,"y":70,"page":0},{"id":8595,"index":0,"char":"↓","width":21,"height":34,"xoffset":0,"yoffset":23,"xadvance":21,"chnl":15,"x":865,"y":70,"page":0},{"id":8706,"index":0,"char":"∂","width":21,"height":34,"xoffset":0,"yoffset":23,"xadvance":21,"chnl":15,"x":887,"y":70,"page":0},{"id":8709,"index":0,"char":"∅","width":21,"height":34,"xoffset":0,"yoffset":23,"xadvance":21,"chnl":15,"x":909,"y":70,"page":0},{"id":8710,"index":0,"char":"∆","width":21,"height":34,"xoffset":0,"yoffset":23,"xadvance":21,"chnl":15,"x":931,"y":70,"page":0},{"id":8719,"index":0,"char":"∏","width":21,"height":34,"xoffset":0,"yoffset":23,"xadvance":21,"chnl":15,"x":953,"y":70,"page":0},{"id":8721,"index":0,"char":"∑","width":21,"height":34,"xoffset":0,"yoffset":23,"xadvance":21,"chnl":15,"x":975,"y":70,"page":0},{"id":8722,"index":0,"char":"−","width":21,"height":34,"xoffset":0,"yoffset":23,"xadvance":21,"chnl":15,"x":997,"y":70,"page":0},{"id":8725,"index":0,"char":"∕","width":21,"height":34,"xoffset":0,"yoffset":23,"xadvance":21,"chnl":15,"x":418,"y":490,"page":0},{"id":8729,"index":0,"char":"∙","width":21,"height":34,"xoffset":0,"yoffset":23,"xadvance":21,"chnl":15,"x":427,"y":455,"page":0},{"id":8730,"index":0,"char":"√","width":21,"height":34,"xoffset":0,"yoffset":23,"xadvance":21,"chnl":15,"x":432,"y":420,"page":0},{"id":8734,"index":0,"char":"∞","width":21,"height":34,"xoffset":0,"yoffset":23,"xadvance":21,"chnl":15,"x":438,"y":385,"page":0},{"id":8747,"index":0,"char":"∫","width":21,"height":34,"xoffset":0,"yoffset":23,"xadvance":21,"chnl":15,"x":443,"y":350,"page":0},{"id":8758,"index":0,"char":"∶","width":21,"height":34,"xoffset":0,"yoffset":23,"xadvance":21,"chnl":15,"x":461,"y":315,"page":0},{"id":8776,"index":0,"char":"≈","width":21,"height":34,"xoffset":0,"yoffset":23,"xadvance":21,"chnl":15,"x":462,"y":280,"page":0},{"id":8800,"index":0,"char":"≠","width":21,"height":34,"xoffset":0,"yoffset":23,"xadvance":21,"chnl":15,"x":473,"y":245,"page":0},{"id":8801,"index":0,"char":"≡","width":21,"height":34,"xoffset":0,"yoffset":23,"xadvance":21,"chnl":15,"x":474,"y":210,"page":0},{"id":8802,"index":0,"char":"≢","width":21,"height":34,"xoffset":0,"yoffset":23,"xadvance":21,"chnl":15,"x":494,"y":175,"page":0},{"id":8804,"index":0,"char":"≤","width":21,"height":34,"xoffset":0,"yoffset":23,"xadvance":21,"chnl":15,"x":496,"y":140,"page":0},{"id":8805,"index":0,"char":"≥","width":21,"height":34,"xoffset":0,"yoffset":23,"xadvance":21,"chnl":15,"x":501,"y":105,"page":0},{"id":112,"index":42,"char":"p","width":30,"height":33,"xoffset":-10,"yoffset":39,"xadvance":16,"chnl":15,"x":418,"y":525,"page":0},{"id":120,"index":50,"char":"x","width":29,"height":20,"xoffset":-7,"yoffset":38,"xadvance":16,"chnl":15,"x":132,"y":1002,"page":0},{"id":110,"index":40,"char":"n","width":27,"height":20,"xoffset":-4,"yoffset":38,"xadvance":18,"chnl":15,"x":29,"y":150,"page":0},{"id":117,"index":47,"char":"u","width":27,"height":19,"xoffset":-4,"yoffset":39,"xadvance":18,"chnl":15,"x":88,"y":1005,"page":0},{"id":60,"index":268,"char":"<","width":26,"height":20,"xoffset":0,"yoffset":31,"xadvance":21,"chnl":15,"x":162,"y":1002,"page":0},{"id":62,"index":267,"char":">","width":26,"height":20,"xoffset":-3,"yoffset":31,"xadvance":20,"chnl":15,"x":220,"y":999,"page":0},{"id":97,"index":27,"char":"a","width":26,"height":19,"xoffset":-4,"yoffset":39,"xadvance":17,"chnl":15,"x":247,"y":999,"page":0},{"id":105,"index":35,"char":"i","width":18,"height":26,"xoffset":-2,"yoffset":32,"xadvance":11,"chnl":15,"x":440,"y":490,"page":0},{"id":111,"index":41,"char":"o","width":26,"height":19,"xoffset":-3,"yoffset":39,"xadvance":16,"chnl":15,"x":449,"y":455,"page":0},{"id":114,"index":44,"char":"r","width":26,"height":21,"xoffset":-5,"yoffset":37,"xadvance":16,"chnl":15,"x":454,"y":420,"page":0},{"id":118,"index":48,"char":"v","width":25,"height":20,"xoffset":-2,"yoffset":38,"xadvance":16,"chnl":15,"x":460,"y":385,"page":0},{"id":94,"index":270,"char":"^","width":24,"height":24,"xoffset":0,"yoffset":22,"xadvance":22,"chnl":15,"x":85,"y":262,"page":0},{"id":95,"index":247,"char":"_","width":24,"height":7,"xoffset":-6,"yoffset":51,"xadvance":16,"chnl":15,"x":440,"y":517,"page":0},{"id":99,"index":29,"char":"c","width":23,"height":21,"xoffset":-3,"yoffset":37,"xadvance":14,"chnl":15,"x":61,"y":225,"page":0},{"id":115,"index":45,"char":"s","width":19,"height":23,"xoffset":-7,"yoffset":35,"xadvance":13,"chnl":15,"x":465,"y":350,"page":0},{"id":171,"index":248,"char":"«","width":23,"height":20,"xoffset":-3,"yoffset":38,"xadvance":18,"chnl":15,"x":483,"y":315,"page":0},{"id":187,"index":249,"char":"»","width":23,"height":20,"xoffset":-5,"yoffset":38,"xadvance":16,"chnl":15,"x":484,"y":280,"page":0},{"id":43,"index":265,"char":"+","width":20,"height":22,"xoffset":1,"yoffset":31,"xadvance":19,"chnl":15,"x":495,"y":245,"page":0},{"id":59,"index":233,"char":";","width":13,"height":22,"xoffset":-4,"yoffset":38,"xadvance":8,"chnl":15,"x":157,"y":404,"page":0},{"id":101,"index":31,"char":"e","width":22,"height":21,"xoffset":-3,"yoffset":38,"xadvance":14,"chnl":15,"x":496,"y":210,"page":0},{"id":61,"index":266,"char":"=","width":21,"height":11,"xoffset":1,"yoffset":36,"xadvance":19,"chnl":15,"x":0,"y":1013,"page":0},{"id":58,"index":232,"char":":","width":13,"height":20,"xoffset":-4,"yoffset":38,"xadvance":8,"chnl":15,"x":174,"y":439,"page":0},{"id":42,"index":236,"char":"*","width":19,"height":18,"xoffset":3,"yoffset":22,"xadvance":15,"chnl":15,"x":516,"y":175,"page":0},{"id":126,"index":269,"char":"~","width":19,"height":8,"xoffset":1,"yoffset":38,"xadvance":18,"chnl":15,"x":45,"y":76,"page":0},{"id":45,"index":246,"char":"-","width":18,"height":7,"xoffset":1,"yoffset":39,"xadvance":17,"chnl":15,"x":26,"y":37,"page":0},{"id":34,"index":250,"char":"\"","width":16,"height":15,"xoffset":3,"yoffset":22,"xadvance":11,"chnl":15,"x":190,"y":474,"page":0},{"id":39,"index":251,"char":"'","width":11,"height":15,"xoffset":3,"yoffset":22,"xadvance":6,"chnl":15,"x":1013,"y":0,"page":0},{"id":96,"index":274,"char":"`","width":10,"height":11,"xoffset":10,"yoffset":21,"xadvance":23,"chnl":15,"x":495,"y":268,"page":0},{"id":44,"index":231,"char":",","width":8,"height":10,"xoffset":-3,"yoffset":50,"xadvance":6,"chnl":15,"x":189,"y":995,"page":0},{"id":46,"index":230,"char":".","width":8,"height":9,"xoffset":-3,"yoffset":49,"xadvance":6,"chnl":15,"x":396,"y":1015,"page":0},{"id":32,"index":259,"char":" ","width":0,"height":0,"xoffset":-2,"yoffset":53,"xadvance":14,"chnl":15,"x":27,"y":212,"page":0}],"info":{"face":"Freehand-Regular","size":42,"bold":0,"italic":0,"charset":["!","\"","#","$","%","&","'","(",")","*","+",",","-",".","/","0","1","2","3","4","5","6","7","8","9",":",";","<","=",">","?","@","A","B","C","D","E","F","G","H","I","J","K","L","M","N","O","P","Q","R","S","T","U","V","W","X","Y","Z","[","\\","]","^","_","`","a","b","c","d","e","f","g","h","i","j","k","l","m","n","o","p","q","r","s","t","u","v","w","x","y","z","{","|","}","~"," ","¡","¢","£","¤","¥","¦","§","¨","©","ª","«","¬","­","®","¯","°","±","²","³","´","µ","¶","·","¸","¹","º","»","¼","½","¾","¿","À","Á","Â","Ã","Ä","Å","Æ","Ç","È","É","Ê","Ë","Ì","Í","Î","Ï","Ð","Ñ","Ò","Ó","Ô","Õ","Ö","×","Ø","Ù","Ú","Û","Ü","Ý","Þ","ß","à","á","â","ã","ä","å","æ","ç","è","é","ê","ë","ì","í","î","ï","ð","ñ","ò","ó","ô","õ","ö","÷","ø","ù","ú","û","ü","ý","þ","ÿ","Ā","ā","Ă","ă","Ą","ą","Ć","ć","Ĉ","ĉ","Ċ","ċ","Č","č","Ď","ď","Đ","đ","Ē","ē","Ĕ","ĕ","Ė","ė","Ę","ę","Ě","ě","Ĝ","ĝ","Ğ","ğ","Ġ","ġ","Ģ","ģ","Ĥ","ĥ","Ħ","ħ","Ĩ","ĩ","Ī","ī","Ĭ","ĭ","Į","į","İ","ı","Ĵ","ĵ","Ķ","ķ","ĸ","Ĺ","ĺ","Ļ","ļ","Ľ","ľ","Ŀ","ŀ","Ł","ł","Ń","ń","Ņ","ņ","Ň","ň","Ŋ","ŋ","Ō","ō","Ŏ","ŏ","Ő","ő","Œ","œ","Ŕ","ŕ","Ŗ","ŗ","Ř","ř","Ś","ś","Ŝ","ŝ","Ş","ş","Š","š","Ţ","ţ","Ť","ť","Ŧ","ŧ","Ũ","ũ","Ū","ū","Ŭ","ŭ","Ů","ů","Ű","ű","Ų","ų","Ŵ","ŵ","Ŷ","ŷ","Ÿ","Ź","ź","Ż","ż","Ž","ž","Ə","ƒ","Ơ","ơ","Ư","ư","Ǆ","ǅ","ǆ","Ǉ","ǈ","ǉ","Ǌ","ǋ","ǌ","Ǎ","ǎ","Ǐ","ǐ","Ǒ","ǒ","Ǔ","ǔ","Ǖ","ǖ","Ǘ","ǘ","Ǚ","ǚ","Ǜ","ǜ","Ǧ","ǧ","Ǫ","ǫ","Ǻ","ǻ","Ǽ","ǽ","Ǿ","ǿ","Ȁ","ȁ","Ȃ","ȃ","Ȅ","ȅ","Ȇ","ȇ","Ȉ","ȉ","Ȋ","ȋ","Ȍ","ȍ","Ȏ","ȏ","Ȑ","ȑ","Ȓ","ȓ","Ȕ","ȕ","Ȗ","ȗ","Ș","ș","Ț","ț","Ȫ","ȫ","Ȭ","ȭ","Ȱ","ȱ","Ȳ","ȳ","ȷ","ə","ʹ","ʺ","ʻ","ʼ","ʾ","ʿ","ˆ","ˇ","ˈ","ˉ","ˊ","ˋ","ˌ","˘","˙","˚","˛","˜","˝","Ḉ","ḉ","Ḍ","ḍ","Ḏ","ḏ","Ḕ","ḕ","Ḗ","ḗ","Ḝ","ḝ","Ḡ","ḡ","Ḥ","ḥ","Ḫ","ḫ","Ḯ","ḯ","Ḱ","ḱ","Ḷ","ḷ","Ḻ","ḻ","Ṃ","ṃ","Ṅ","ṅ","Ṇ","ṇ","Ṉ","ṉ","Ṍ","ṍ","Ṏ","ṏ","Ṑ","ṑ","Ṓ","ṓ","Ṛ","ṛ","Ṟ","ṟ","Ṡ","ṡ","Ṣ","ṣ","Ṥ","ṥ","Ṧ","ṧ","Ṩ","ṩ","Ṭ","ṭ","Ṯ","ṯ","Ṹ","ṹ","Ṻ","ṻ","Ẁ","ẁ","Ẃ","ẃ","Ẅ","ẅ","Ẏ","ẏ","Ẓ","ẓ","ẗ","ẞ","Ạ","ạ","Ả","ả","Ấ","ấ","Ầ","ầ","Ẩ","ẩ","Ẫ","ẫ","Ậ","ậ","Ắ","ắ","Ằ","ằ","Ẳ","ẳ","Ẵ","ẵ","Ặ","ặ","Ẹ","ẹ","Ẻ","ẻ","Ẽ","ẽ","Ế","ế","Ề","ề","Ể","ể","Ễ","ễ","Ệ","ệ","Ỉ","ỉ","Ị","ị","Ọ","ọ","Ỏ","ỏ","Ố","ố","Ồ","ồ","Ổ","ổ","Ỗ","ỗ","Ộ","ộ","Ớ","ớ","Ờ","ờ","Ở","ở","Ỡ","ỡ","Ợ","ợ","Ụ","ụ","Ủ","ủ","Ứ","ứ","Ừ","ừ","Ử","ử","Ữ","ữ","Ự","ự","Ỳ","ỳ","Ỵ","ỵ","Ỷ","ỷ","Ỹ","ỹ"," "," "," "," "," "," "," "," "," "," "," ","​","‐","‑","‒","–","—","―","‘","’","‚","“","”","„","†","‡","•","…","‰","′","″","‴","‵","‹","›","⁄","⁒","₡","₣","₤","₦","₧","₩","₫","€","₭","₮","₱","₲","₴","₵","₸","₹","₺","₼","₽","←","↑","→","↓","∂","∅","∆","∏","∑","−","∕","∙","√","∞","∫","∶","≈","≠","≡","≢","≤","≥"],"unicode":1,"stretchH":100,"smooth":1,"aa":1,"padding":[2,2,2,2],"spacing":[0,0]},"common":{"lineHeight":76,"base":53,"scaleW":1024,"scaleH":1024,"pages":1,"packed":0,"alphaChnl":0,"redChnl":0,"greenChnl":0,"blueChnl":0},"distanceField":{"fieldType":"msdf","distanceRange":4},"kernings":[{"first":34,"second":65,"amount":-3},{"first":34,"second":103,"amount":-2},{"first":39,"second":65,"amount":-3},{"first":39,"second":103,"amount":-2},{"first":42,"second":44,"amount":-5},{"first":42,"second":46,"amount":-5},{"first":42,"second":65,"amount":-2},{"first":65,"second":34,"amount":-3},{"first":65,"second":39,"amount":-3},{"first":65,"second":42,"amount":-3},{"first":65,"second":63,"amount":-3},{"first":65,"second":67,"amount":-1},{"first":65,"second":71,"amount":-1},{"first":65,"second":79,"amount":-1},{"first":65,"second":81,"amount":-1},{"first":65,"second":84,"amount":-3},{"first":65,"second":85,"amount":-1},{"first":65,"second":86,"amount":-3},{"first":65,"second":87,"amount":-3},{"first":65,"second":89,"amount":-3},{"first":65,"second":99,"amount":-1},{"first":65,"second":100,"amount":-1},{"first":65,"second":101,"amount":-1},{"first":65,"second":103,"amount":-1},{"first":65,"second":111,"amount":-1},{"first":65,"second":113,"amount":-1},{"first":65,"second":117,"amount":-1},{"first":65,"second":118,"amount":-3},{"first":65,"second":119,"amount":-1},{"first":65,"second":121,"amount":-2},{"first":66,"second":42,"amount":-1},{"first":66,"second":63,"amount":-1},{"first":66,"second":65,"amount":-1},{"first":66,"second":84,"amount":-1},{"first":66,"second":86,"amount":-2},{"first":66,"second":87,"amount":-1},{"first":66,"second":88,"amount":-1},{"first":66,"second":89,"amount":-2},{"first":66,"second":90,"amount":-1},{"first":66,"second":119,"amount":0},{"first":66,"second":121,"amount":-1},{"first":68,"second":63,"amount":-1},{"first":68,"second":65,"amount":-1},{"first":68,"second":84,"amount":-1},{"first":68,"second":86,"amount":-1},{"first":68,"second":87,"amount":-1},{"first":68,"second":88,"amount":-1},{"first":68,"second":89,"amount":-1},{"first":69,"second":86,"amount":-1},{"first":69,"second":87,"amount":-1},{"first":69,"second":89,"amount":-1},{"first":70,"second":65,"amount":-3},{"first":70,"second":97,"amount":-2},{"first":70,"second":99,"amount":-2},{"first":70,"second":100,"amount":-2},{"first":70,"second":101,"amount":-2},{"first":70,"second":103,"amount":-2},{"first":70,"second":111,"amount":-2},{"first":70,"second":113,"amount":-2},{"first":71,"second":63,"amount":-1},{"first":71,"second":84,"amount":-1},{"first":71,"second":86,"amount":-1},{"first":71,"second":87,"amount":-1},{"first":71,"second":89,"amount":-1},{"first":75,"second":67,"amount":-1},{"first":75,"second":71,"amount":-1},{"first":75,"second":79,"amount":-1},{"first":75,"second":81,"amount":-1},{"first":75,"second":99,"amount":-1},{"first":75,"second":100,"amount":-1},{"first":75,"second":101,"amount":-1},{"first":75,"second":103,"amount":-1},{"first":75,"second":111,"amount":-1},{"first":75,"second":113,"amount":-1},{"first":75,"second":117,"amount":-1},{"first":75,"second":119,"amount":-1},{"first":75,"second":121,"amount":-1},{"first":76,"second":34,"amount":-3},{"first":76,"second":39,"amount":-3},{"first":76,"second":42,"amount":-3},{"first":76,"second":63,"amount":-3},{"first":76,"second":84,"amount":-3},{"first":76,"second":86,"amount":-2},{"first":76,"second":87,"amount":-2},{"first":76,"second":89,"amount":-3},{"first":79,"second":63,"amount":-1},{"first":79,"second":65,"amount":-1},{"first":79,"second":84,"amount":-1},{"first":79,"second":86,"amount":-1},{"first":79,"second":87,"amount":-1},{"first":79,"second":88,"amount":-1},{"first":79,"second":89,"amount":-1},{"first":80,"second":44,"amount":-5},{"first":80,"second":46,"amount":-5},{"first":80,"second":65,"amount":-2},{"first":81,"second":63,"amount":-1},{"first":81,"second":65,"amount":-1},{"first":81,"second":84,"amount":-1},{"first":81,"second":86,"amount":-1},{"first":81,"second":87,"amount":-1},{"first":81,"second":88,"amount":-1},{"first":81,"second":89,"amount":-1},{"first":82,"second":42,"amount":-1},{"first":82,"second":63,"amount":-1},{"first":82,"second":67,"amount":-1},{"first":82,"second":71,"amount":-1},{"first":82,"second":79,"amount":-1},{"first":82,"second":81,"amount":-1},{"first":82,"second":84,"amount":-1},{"first":82,"second":85,"amount":0},{"first":82,"second":86,"amount":-1},{"first":82,"second":87,"amount":-1},{"first":82,"second":89,"amount":-1},{"first":82,"second":119,"amount":-1},{"first":82,"second":121,"amount":-1},{"first":83,"second":63,"amount":-1},{"first":83,"second":65,"amount":-1},{"first":83,"second":84,"amount":-1},{"first":83,"second":86,"amount":-1},{"first":83,"second":87,"amount":-1},{"first":83,"second":88,"amount":-1},{"first":83,"second":89,"amount":-1},{"first":83,"second":119,"amount":0},{"first":83,"second":121,"amount":-1},{"first":84,"second":44,"amount":-4},{"first":84,"second":46,"amount":-4},{"first":84,"second":65,"amount":-3},{"first":84,"second":67,"amount":-1},{"first":84,"second":71,"amount":-1},{"first":84,"second":79,"amount":-1},{"first":84,"second":81,"amount":-1},{"first":84,"second":97,"amount":-1},{"first":84,"second":99,"amount":-1},{"first":84,"second":100,"amount":-1},{"first":84,"second":101,"amount":-1},{"first":84,"second":103,"amount":-1},{"first":84,"second":111,"amount":-1},{"first":84,"second":113,"amount":-1},{"first":85,"second":65,"amount":-1},{"first":86,"second":44,"amount":-5},{"first":86,"second":46,"amount":-5},{"first":86,"second":65,"amount":-3},{"first":86,"second":67,"amount":-1},{"first":86,"second":71,"amount":-1},{"first":86,"second":79,"amount":-1},{"first":86,"second":81,"amount":-1},{"first":86,"second":97,"amount":-3},{"first":86,"second":99,"amount":-3},{"first":86,"second":100,"amount":-3},{"first":86,"second":101,"amount":-3},{"first":86,"second":103,"amount":-3},{"first":86,"second":111,"amount":-3},{"first":86,"second":113,"amount":-3},{"first":86,"second":115,"amount":-2},{"first":87,"second":44,"amount":-4},{"first":87,"second":46,"amount":-4},{"first":87,"second":65,"amount":-3},{"first":87,"second":67,"amount":-1},{"first":87,"second":71,"amount":-1},{"first":87,"second":79,"amount":-1},{"first":87,"second":81,"amount":-1},{"first":87,"second":97,"amount":-2},{"first":87,"second":99,"amount":-3},{"first":87,"second":100,"amount":-3},{"first":87,"second":101,"amount":-3},{"first":87,"second":103,"amount":-3},{"first":87,"second":111,"amount":-3},{"first":87,"second":113,"amount":-3},{"first":88,"second":67,"amount":-1},{"first":88,"second":71,"amount":-1},{"first":88,"second":79,"amount":-1},{"first":88,"second":81,"amount":-1},{"first":88,"second":83,"amount":0},{"first":88,"second":119,"amount":-1},{"first":88,"second":121,"amount":-2},{"first":89,"second":44,"amount":-3},{"first":89,"second":46,"amount":-3},{"first":89,"second":65,"amount":-3},{"first":89,"second":67,"amount":-1},{"first":89,"second":71,"amount":-1},{"first":89,"second":79,"amount":-1},{"first":89,"second":81,"amount":-1},{"first":89,"second":83,"amount":-1},{"first":89,"second":97,"amount":-3},{"first":89,"second":99,"amount":-3},{"first":89,"second":100,"amount":-3},{"first":89,"second":101,"amount":-3},{"first":89,"second":103,"amount":-3},{"first":89,"second":111,"amount":-3},{"first":89,"second":113,"amount":-3},{"first":89,"second":115,"amount":-3},{"first":97,"second":34,"amount":-2},{"first":97,"second":39,"amount":-2},{"first":97,"second":121,"amount":-1},{"first":98,"second":121,"amount":-1},{"first":102,"second":34,"amount":3},{"first":102,"second":39,"amount":3},{"first":102,"second":41,"amount":4},{"first":102,"second":42,"amount":3},{"first":102,"second":93,"amount":4},{"first":102,"second":125,"amount":4},{"first":104,"second":34,"amount":-2},{"first":104,"second":121,"amount":-1},{"first":107,"second":99,"amount":-1},{"first":107,"second":100,"amount":-1},{"first":107,"second":101,"amount":-1},{"first":107,"second":103,"amount":-1},{"first":107,"second":111,"amount":-1},{"first":107,"second":113,"amount":-1},{"first":110,"second":34,"amount":-2},{"first":110,"second":39,"amount":-2},{"first":110,"second":121,"amount":-1},{"first":111,"second":121,"amount":-1},{"first":112,"second":121,"amount":-1},{"first":114,"second":42,"amount":1},{"first":114,"second":97,"amount":-1},{"first":118,"second":44,"amount":-2},{"first":118,"second":46,"amount":-3},{"first":119,"second":44,"amount":-3},{"first":119,"second":46,"amount":-3},{"first":121,"second":44,"amount":-4},{"first":121,"second":46,"amount":-4}]}