{"pages":["Lancelot-Regular.png"],"chars":[{"id":81,"index":52,"char":"Q","width":50,"height":38,"xoffset":-1,"yoffset":11,"xadvance":26,"chnl":15,"x":0,"y":0,"page":0},{"id":254,"index":190,"char":"þ","width":21,"height":46,"xoffset":-1,"yoffset":7,"xadvance":20,"chnl":15,"x":0,"y":39,"page":0},{"id":106,"index":77,"char":"j","width":10,"height":44,"xoffset":-1,"yoffset":8,"xadvance":9,"chnl":15,"x":0,"y":86,"page":0},{"id":8212,"index":207,"char":"—","width":44,"height":6,"xoffset":0,"yoffset":25,"xadvance":44,"chnl":15,"x":0,"y":131,"page":0},{"id":87,"index":58,"char":"W","width":43,"height":28,"xoffset":-3,"yoffset":11,"xadvance":38,"chnl":15,"x":11,"y":86,"page":0},{"id":253,"index":189,"char":"ý","width":25,"height":43,"xoffset":-5,"yoffset":10,"xadvance":17,"chnl":15,"x":22,"y":39,"page":0},{"id":124,"index":95,"char":"|","width":6,"height":42,"xoffset":2,"yoffset":7,"xadvance":10,"chnl":15,"x":48,"y":39,"page":0},{"id":90,"index":61,"char":"Z","width":41,"height":33,"xoffset":-1,"yoffset":11,"xadvance":24,"chnl":15,"x":51,"y":0,"page":0},{"id":167,"index":104,"char":"§","width":19,"height":41,"xoffset":3,"yoffset":6,"xadvance":28,"chnl":15,"x":0,"y":138,"page":0},{"id":255,"index":191,"char":"ÿ","width":25,"height":41,"xoffset":-5,"yoffset":12,"xadvance":17,"chnl":15,"x":0,"y":180,"page":0},{"id":182,"index":118,"char":"¶","width":21,"height":40,"xoffset":0,"yoffset":11,"xadvance":28,"chnl":15,"x":20,"y":138,"page":0},{"id":72,"index":43,"char":"H","width":39,"height":37,"xoffset":-2,"yoffset":11,"xadvance":36,"chnl":15,"x":0,"y":222,"page":0},{"id":166,"index":103,"char":"¦","width":5,"height":38,"xoffset":2,"yoffset":8,"xadvance":10,"chnl":15,"x":26,"y":179,"page":0},{"id":199,"index":135,"char":"Ç","width":25,"height":38,"xoffset":-1,"yoffset":10,"xadvance":24,"chnl":15,"x":32,"y":179,"page":0},{"id":36,"index":7,"char":"$","width":18,"height":37,"xoffset":0,"yoffset":7,"xadvance":18,"chnl":15,"x":42,"y":138,"page":0},{"id":71,"index":42,"char":"G","width":27,"height":37,"xoffset":-1,"yoffset":10,"xadvance":26,"chnl":15,"x":55,"y":34,"page":0},{"id":74,"index":45,"char":"J","width":17,"height":37,"xoffset":-1,"yoffset":11,"xadvance":15,"chnl":15,"x":55,"y":72,"page":0},{"id":123,"index":94,"char":"{","width":14,"height":37,"xoffset":2,"yoffset":10,"xadvance":16,"chnl":15,"x":0,"y":260,"page":0},{"id":125,"index":96,"char":"}","width":14,"height":37,"xoffset":2,"yoffset":10,"xadvance":28,"chnl":15,"x":0,"y":298,"page":0},{"id":194,"index":130,"char":"Â","width":27,"height":37,"xoffset":-3,"yoffset":2,"xadvance":27,"chnl":15,"x":0,"y":336,"page":0},{"id":202,"index":138,"char":"Ê","width":20,"height":37,"xoffset":-1,"yoffset":2,"xadvance":19,"chnl":15,"x":15,"y":260,"page":0},{"id":206,"index":142,"char":"Î","width":14,"height":37,"xoffset":2,"yoffset":2,"xadvance":14,"chnl":15,"x":15,"y":298,"page":0},{"id":210,"index":146,"char":"Ò","width":27,"height":37,"xoffset":-1,"yoffset":3,"xadvance":25,"chnl":15,"x":0,"y":374,"page":0},{"id":211,"index":147,"char":"Ó","width":27,"height":37,"xoffset":-1,"yoffset":3,"xadvance":25,"chnl":15,"x":0,"y":412,"page":0},{"id":212,"index":148,"char":"Ô","width":27,"height":37,"xoffset":-1,"yoffset":2,"xadvance":25,"chnl":15,"x":0,"y":450,"page":0},{"id":217,"index":153,"char":"Ù","width":27,"height":37,"xoffset":-1,"yoffset":3,"xadvance":24,"chnl":15,"x":0,"y":488,"page":0},{"id":218,"index":154,"char":"Ú","width":27,"height":37,"xoffset":-2,"yoffset":3,"xadvance":24,"chnl":15,"x":0,"y":526,"page":0},{"id":219,"index":155,"char":"Û","width":27,"height":37,"xoffset":-2,"yoffset":2,"xadvance":25,"chnl":15,"x":0,"y":564,"page":0},{"id":268,"index":192,"char":"Č","width":25,"height":37,"xoffset":-1,"yoffset":3,"xadvance":24,"chnl":15,"x":0,"y":602,"page":0},{"id":352,"index":195,"char":"Š","width":18,"height":37,"xoffset":0,"yoffset":3,"xadvance":18,"chnl":15,"x":0,"y":640,"page":0},{"id":192,"index":128,"char":"À","width":27,"height":36,"xoffset":-3,"yoffset":3,"xadvance":22,"chnl":15,"x":0,"y":678,"page":0},{"id":200,"index":136,"char":"È","width":20,"height":36,"xoffset":-1,"yoffset":3,"xadvance":19,"chnl":15,"x":19,"y":640,"page":0},{"id":201,"index":137,"char":"É","width":20,"height":36,"xoffset":-1,"yoffset":3,"xadvance":19,"chnl":15,"x":26,"y":602,"page":0},{"id":204,"index":140,"char":"Ì","width":12,"height":36,"xoffset":3,"yoffset":3,"xadvance":14,"chnl":15,"x":28,"y":336,"page":0},{"id":205,"index":141,"char":"Í","width":12,"height":36,"xoffset":3,"yoffset":3,"xadvance":14,"chnl":15,"x":30,"y":298,"page":0},{"id":214,"index":150,"char":"Ö","width":27,"height":36,"xoffset":-1,"yoffset":4,"xadvance":25,"chnl":15,"x":36,"y":260,"page":0},{"id":220,"index":156,"char":"Ü","width":27,"height":36,"xoffset":-2,"yoffset":4,"xadvance":24,"chnl":15,"x":40,"y":218,"page":0},{"id":221,"index":157,"char":"Ý","width":28,"height":36,"xoffset":-2,"yoffset":3,"xadvance":15,"chnl":15,"x":58,"y":176,"page":0},{"id":103,"index":74,"char":"g","width":21,"height":35,"xoffset":0,"yoffset":18,"xadvance":19,"chnl":15,"x":61,"y":110,"page":0},{"id":112,"index":83,"char":"p","width":21,"height":35,"xoffset":-1,"yoffset":18,"xadvance":19,"chnl":15,"x":73,"y":72,"page":0},{"id":113,"index":84,"char":"q","width":22,"height":35,"xoffset":-1,"yoffset":18,"xadvance":20,"chnl":15,"x":83,"y":34,"page":0},{"id":193,"index":129,"char":"Á","width":27,"height":35,"xoffset":-3,"yoffset":4,"xadvance":24,"chnl":15,"x":83,"y":108,"page":0},{"id":196,"index":132,"char":"Ä","width":27,"height":35,"xoffset":-3,"yoffset":4,"xadvance":22,"chnl":15,"x":95,"y":70,"page":0},{"id":198,"index":134,"char":"Æ","width":35,"height":28,"xoffset":-1,"yoffset":11,"xadvance":35,"chnl":15,"x":61,"y":146,"page":0},{"id":203,"index":139,"char":"Ë","width":20,"height":35,"xoffset":-1,"yoffset":4,"xadvance":19,"chnl":15,"x":106,"y":0,"page":0},{"id":207,"index":143,"char":"Ï","width":13,"height":35,"xoffset":-2,"yoffset":4,"xadvance":10,"chnl":15,"x":28,"y":373,"page":0},{"id":209,"index":145,"char":"Ñ","width":30,"height":35,"xoffset":-2,"yoffset":5,"xadvance":27,"chnl":15,"x":41,"y":335,"page":0},{"id":213,"index":149,"char":"Õ","width":27,"height":35,"xoffset":-1,"yoffset":5,"xadvance":25,"chnl":15,"x":43,"y":297,"page":0},{"id":376,"index":197,"char":"Ÿ","width":28,"height":35,"xoffset":-2,"yoffset":4,"xadvance":23,"chnl":15,"x":64,"y":255,"page":0},{"id":40,"index":11,"char":"(","width":11,"height":34,"xoffset":3,"yoffset":9,"xadvance":12,"chnl":15,"x":68,"y":213,"page":0},{"id":41,"index":12,"char":")","width":11,"height":34,"xoffset":0,"yoffset":9,"xadvance":11,"chnl":15,"x":80,"y":213,"page":0},{"id":77,"index":48,"char":"M","width":34,"height":29,"xoffset":-1,"yoffset":11,"xadvance":33,"chnl":15,"x":106,"y":36,"page":0},{"id":121,"index":92,"char":"y","width":25,"height":34,"xoffset":-5,"yoffset":19,"xadvance":17,"chnl":15,"x":127,"y":0,"page":0},{"id":181,"index":117,"char":"µ","width":22,"height":34,"xoffset":-1,"yoffset":18,"xadvance":20,"chnl":15,"x":87,"y":175,"page":0},{"id":195,"index":131,"char":"Ã","width":27,"height":34,"xoffset":-3,"yoffset":5,"xadvance":17,"chnl":15,"x":71,"y":291,"page":0},{"id":197,"index":133,"char":"Å","width":27,"height":34,"xoffset":0,"yoffset":5,"xadvance":27,"chnl":15,"x":92,"y":210,"page":0},{"id":55,"index":26,"char":"7","width":25,"height":33,"xoffset":-1,"yoffset":14,"xadvance":22,"chnl":15,"x":93,"y":245,"page":0},{"id":88,"index":59,"char":"X","width":33,"height":30,"xoffset":-2,"yoffset":9,"xadvance":29,"chnl":15,"x":97,"y":144,"page":0},{"id":91,"index":62,"char":"[","width":11,"height":33,"xoffset":2,"yoffset":10,"xadvance":10,"chnl":15,"x":93,"y":0,"page":0},{"id":93,"index":64,"char":"]","width":11,"height":33,"xoffset":2,"yoffset":10,"xadvance":14,"chnl":15,"x":110,"y":175,"page":0},{"id":98,"index":69,"char":"b","width":21,"height":33,"xoffset":-1,"yoffset":7,"xadvance":20,"chnl":15,"x":111,"y":106,"page":0},{"id":100,"index":71,"char":"d","width":22,"height":33,"xoffset":-1,"yoffset":7,"xadvance":20,"chnl":15,"x":123,"y":66,"page":0},{"id":109,"index":80,"char":"m","width":33,"height":21,"xoffset":-1,"yoffset":18,"xadvance":32,"chnl":15,"x":141,"y":35,"page":0},{"id":169,"index":106,"char":"©","width":33,"height":33,"xoffset":-1,"yoffset":10,"xadvance":28,"chnl":15,"x":153,"y":0,"page":0},{"id":174,"index":110,"char":"®","width":33,"height":33,"xoffset":-1,"yoffset":10,"xadvance":30,"chnl":15,"x":28,"y":409,"page":0},{"id":75,"index":46,"char":"K","width":32,"height":28,"xoffset":-1,"yoffset":11,"xadvance":29,"chnl":15,"x":42,"y":371,"page":0},{"id":102,"index":73,"char":"f","width":17,"height":32,"xoffset":0,"yoffset":7,"xadvance":11,"chnl":15,"x":72,"y":326,"page":0},{"id":104,"index":75,"char":"h","width":22,"height":32,"xoffset":-1,"yoffset":7,"xadvance":21,"chnl":15,"x":28,"y":443,"page":0},{"id":107,"index":78,"char":"k","width":21,"height":32,"xoffset":-1,"yoffset":7,"xadvance":18,"chnl":15,"x":28,"y":476,"page":0},{"id":108,"index":79,"char":"l","width":12,"height":32,"xoffset":-1,"yoffset":7,"xadvance":10,"chnl":15,"x":28,"y":509,"page":0},{"id":190,"index":126,"char":"¾","width":32,"height":30,"xoffset":0,"yoffset":10,"xadvance":32,"chnl":15,"x":28,"y":542,"page":0},{"id":223,"index":159,"char":"ß","width":23,"height":32,"xoffset":0,"yoffset":7,"xadvance":23,"chnl":15,"x":41,"y":509,"page":0},{"id":64,"index":35,"char":"@","width":31,"height":30,"xoffset":-1,"yoffset":16,"xadvance":31,"chnl":15,"x":50,"y":476,"page":0},{"id":68,"index":39,"char":"D","width":31,"height":28,"xoffset":-1,"yoffset":11,"xadvance":29,"chnl":15,"x":28,"y":573,"page":0},{"id":82,"index":53,"char":"R","width":31,"height":29,"xoffset":-1,"yoffset":11,"xadvance":29,"chnl":15,"x":51,"y":443,"page":0},{"id":84,"index":55,"char":"T","width":30,"height":31,"xoffset":-1,"yoffset":8,"xadvance":29,"chnl":15,"x":62,"y":400,"page":0},{"id":105,"index":76,"char":"i","width":12,"height":31,"xoffset":-1,"yoffset":8,"xadvance":11,"chnl":15,"x":75,"y":359,"page":0},{"id":119,"index":90,"char":"w","width":31,"height":21,"xoffset":-2,"yoffset":19,"xadvance":27,"chnl":15,"x":88,"y":359,"page":0},{"id":37,"index":8,"char":"%","width":25,"height":30,"xoffset":0,"yoffset":10,"xadvance":25,"chnl":15,"x":90,"y":326,"page":0},{"id":38,"index":9,"char":"&","width":28,"height":30,"xoffset":0,"yoffset":10,"xadvance":28,"chnl":15,"x":99,"y":279,"page":0},{"id":47,"index":18,"char":"/","width":21,"height":30,"xoffset":2,"yoffset":10,"xadvance":28,"chnl":15,"x":119,"y":245,"page":0},{"id":53,"index":24,"char":"5","width":21,"height":30,"xoffset":0,"yoffset":17,"xadvance":22,"chnl":15,"x":120,"y":209,"page":0},{"id":73,"index":44,"char":"I","width":16,"height":30,"xoffset":-1,"yoffset":9,"xadvance":14,"chnl":15,"x":122,"y":175,"page":0},{"id":86,"index":57,"char":"V","width":30,"height":28,"xoffset":-3,"yoffset":11,"xadvance":25,"chnl":15,"x":131,"y":140,"page":0},{"id":92,"index":63,"char":"\\","width":21,"height":30,"xoffset":2,"yoffset":10,"xadvance":28,"chnl":15,"x":133,"y":100,"page":0},{"id":163,"index":100,"char":"£","width":23,"height":30,"xoffset":-3,"yoffset":10,"xadvance":24,"chnl":15,"x":139,"y":169,"page":0},{"id":188,"index":124,"char":"¼","width":29,"height":30,"xoffset":2,"yoffset":10,"xadvance":31,"chnl":15,"x":146,"y":57,"page":0},{"id":189,"index":125,"char":"½","width":28,"height":30,"xoffset":0,"yoffset":10,"xadvance":30,"chnl":15,"x":116,"y":310,"page":0},{"id":216,"index":152,"char":"Ø","width":27,"height":30,"xoffset":-1,"yoffset":10,"xadvance":25,"chnl":15,"x":128,"y":276,"page":0},{"id":224,"index":160,"char":"à","width":19,"height":30,"xoffset":0,"yoffset":10,"xadvance":17,"chnl":15,"x":141,"y":240,"page":0},{"id":225,"index":161,"char":"á","width":19,"height":30,"xoffset":0,"yoffset":10,"xadvance":17,"chnl":15,"x":142,"y":200,"page":0},{"id":226,"index":162,"char":"â","width":19,"height":30,"xoffset":0,"yoffset":9,"xadvance":17,"chnl":15,"x":155,"y":88,"page":0},{"id":231,"index":167,"char":"ç","width":18,"height":30,"xoffset":-1,"yoffset":18,"xadvance":16,"chnl":15,"x":162,"y":119,"page":0},{"id":232,"index":168,"char":"è","width":17,"height":30,"xoffset":-1,"yoffset":10,"xadvance":15,"chnl":15,"x":175,"y":88,"page":0},{"id":233,"index":169,"char":"é","width":17,"height":30,"xoffset":-1,"yoffset":10,"xadvance":15,"chnl":15,"x":176,"y":34,"page":0},{"id":234,"index":170,"char":"ê","width":17,"height":30,"xoffset":-1,"yoffset":9,"xadvance":15,"chnl":15,"x":187,"y":0,"page":0},{"id":238,"index":174,"char":"î","width":14,"height":30,"xoffset":-2,"yoffset":9,"xadvance":11,"chnl":15,"x":0,"y":715,"page":0},{"id":240,"index":176,"char":"ð","width":19,"height":30,"xoffset":-1,"yoffset":10,"xadvance":20,"chnl":15,"x":0,"y":746,"page":0},{"id":242,"index":178,"char":"ò","width":19,"height":30,"xoffset":-1,"yoffset":10,"xadvance":17,"chnl":15,"x":15,"y":715,"page":0},{"id":243,"index":179,"char":"ó","width":19,"height":30,"xoffset":-1,"yoffset":10,"xadvance":17,"chnl":15,"x":28,"y":677,"page":0},{"id":244,"index":180,"char":"ô","width":19,"height":30,"xoffset":-1,"yoffset":9,"xadvance":17,"chnl":15,"x":40,"y":639,"page":0},{"id":249,"index":185,"char":"ù","width":22,"height":30,"xoffset":-1,"yoffset":10,"xadvance":20,"chnl":15,"x":47,"y":602,"page":0},{"id":250,"index":186,"char":"ú","width":22,"height":30,"xoffset":-1,"yoffset":10,"xadvance":12,"chnl":15,"x":61,"y":542,"page":0},{"id":251,"index":187,"char":"û","width":22,"height":30,"xoffset":-1,"yoffset":9,"xadvance":12,"chnl":15,"x":65,"y":507,"page":0},{"id":8260,"index":218,"char":"⁄","width":21,"height":30,"xoffset":2,"yoffset":10,"xadvance":28,"chnl":15,"x":82,"y":473,"page":0},{"id":33,"index":4,"char":"!","width":8,"height":29,"xoffset":3,"yoffset":11,"xadvance":12,"chnl":15,"x":83,"y":432,"page":0},{"id":35,"index":6,"char":"#","width":29,"height":27,"xoffset":-3,"yoffset":12,"xadvance":28,"chnl":15,"x":60,"y":573,"page":0},{"id":51,"index":22,"char":"3","width":19,"height":29,"xoffset":-1,"yoffset":18,"xadvance":17,"chnl":15,"x":84,"y":538,"page":0},{"id":52,"index":23,"char":"4","width":21,"height":29,"xoffset":-1,"yoffset":18,"xadvance":19,"chnl":15,"x":88,"y":504,"page":0},{"id":54,"index":25,"char":"6","width":20,"height":29,"xoffset":0,"yoffset":10,"xadvance":19,"chnl":15,"x":92,"y":432,"page":0},{"id":56,"index":27,"char":"8","width":19,"height":29,"xoffset":-1,"yoffset":11,"xadvance":18,"chnl":15,"x":104,"y":462,"page":0},{"id":57,"index":28,"char":"9","width":20,"height":29,"xoffset":-2,"yoffset":18,"xadvance":18,"chnl":15,"x":93,"y":381,"page":0},{"id":63,"index":34,"char":"?","width":17,"height":29,"xoffset":-1,"yoffset":10,"xadvance":16,"chnl":15,"x":113,"y":411,"page":0},{"id":65,"index":36,"char":"A","width":27,"height":29,"xoffset":-3,"yoffset":10,"xadvance":22,"chnl":15,"x":114,"y":381,"page":0},{"id":67,"index":38,"char":"C","width":25,"height":29,"xoffset":-1,"yoffset":10,"xadvance":24,"chnl":15,"x":120,"y":341,"page":0},{"id":78,"index":49,"char":"N","width":29,"height":29,"xoffset":-1,"yoffset":10,"xadvance":27,"chnl":15,"x":145,"y":307,"page":0},{"id":79,"index":50,"char":"O","width":27,"height":29,"xoffset":-1,"yoffset":11,"xadvance":25,"chnl":15,"x":156,"y":271,"page":0},{"id":83,"index":54,"char":"S","width":18,"height":29,"xoffset":0,"yoffset":10,"xadvance":18,"chnl":15,"x":161,"y":231,"page":0},{"id":85,"index":56,"char":"U","width":27,"height":29,"xoffset":-2,"yoffset":11,"xadvance":24,"chnl":15,"x":162,"y":200,"page":0},{"id":161,"index":98,"char":"¡","width":8,"height":29,"xoffset":0,"yoffset":19,"xadvance":7,"chnl":15,"x":180,"y":230,"page":0},{"id":162,"index":99,"char":"¢","width":18,"height":29,"xoffset":-1,"yoffset":14,"xadvance":16,"chnl":15,"x":163,"y":150,"page":0},{"id":191,"index":127,"char":"¿","width":17,"height":29,"xoffset":-1,"yoffset":19,"xadvance":15,"chnl":15,"x":181,"y":119,"page":0},{"id":229,"index":165,"char":"å","width":19,"height":29,"xoffset":0,"yoffset":11,"xadvance":17,"chnl":15,"x":182,"y":149,"page":0},{"id":236,"index":172,"char":"ì","width":12,"height":29,"xoffset":-1,"yoffset":10,"xadvance":11,"chnl":15,"x":193,"y":65,"page":0},{"id":237,"index":173,"char":"í","width":12,"height":29,"xoffset":-1,"yoffset":10,"xadvance":11,"chnl":15,"x":194,"y":31,"page":0},{"id":269,"index":193,"char":"č","width":18,"height":29,"xoffset":-1,"yoffset":11,"xadvance":16,"chnl":15,"x":205,"y":0,"page":0},{"id":353,"index":196,"char":"š","width":14,"height":29,"xoffset":-1,"yoffset":11,"xadvance":13,"chnl":15,"x":199,"y":95,"page":0},{"id":66,"index":37,"char":"B","width":21,"height":28,"xoffset":-1,"yoffset":11,"xadvance":20,"chnl":15,"x":206,"y":61,"page":0},{"id":69,"index":40,"char":"E","width":20,"height":28,"xoffset":-1,"yoffset":11,"xadvance":19,"chnl":15,"x":207,"y":30,"page":0},{"id":70,"index":41,"char":"F","width":19,"height":28,"xoffset":-1,"yoffset":11,"xadvance":16,"chnl":15,"x":224,"y":0,"page":0},{"id":76,"index":47,"char":"L","width":20,"height":28,"xoffset":-1,"yoffset":11,"xadvance":18,"chnl":15,"x":0,"y":777,"page":0},{"id":80,"index":51,"char":"P","width":26,"height":28,"xoffset":-1,"yoffset":11,"xadvance":23,"chnl":15,"x":20,"y":746,"page":0},{"id":89,"index":60,"char":"Y","width":28,"height":28,"xoffset":-2,"yoffset":11,"xadvance":23,"chnl":15,"x":35,"y":708,"page":0},{"id":165,"index":102,"char":"¥","width":28,"height":28,"xoffset":-3,"yoffset":11,"xadvance":22,"chnl":15,"x":48,"y":670,"page":0},{"id":208,"index":144,"char":"Ð","width":27,"height":28,"xoffset":6,"yoffset":11,"xadvance":33,"chnl":15,"x":60,"y":633,"page":0},{"id":222,"index":158,"char":"Þ","width":21,"height":28,"xoffset":0,"yoffset":11,"xadvance":28,"chnl":15,"x":70,"y":601,"page":0},{"id":227,"index":163,"char":"ã","width":19,"height":28,"xoffset":0,"yoffset":12,"xadvance":17,"chnl":15,"x":90,"y":568,"page":0},{"id":228,"index":164,"char":"ä","width":19,"height":28,"xoffset":0,"yoffset":12,"xadvance":17,"chnl":15,"x":104,"y":534,"page":0},{"id":235,"index":171,"char":"ë","width":17,"height":28,"xoffset":-1,"yoffset":12,"xadvance":15,"chnl":15,"x":110,"y":492,"page":0},{"id":245,"index":181,"char":"õ","width":19,"height":28,"xoffset":-1,"yoffset":12,"xadvance":17,"chnl":15,"x":124,"y":441,"page":0},{"id":246,"index":182,"char":"ö","width":19,"height":28,"xoffset":-1,"yoffset":12,"xadvance":17,"chnl":15,"x":131,"y":411,"page":0},{"id":252,"index":188,"char":"ü","width":22,"height":28,"xoffset":-1,"yoffset":12,"xadvance":20,"chnl":15,"x":142,"y":371,"page":0},{"id":239,"index":175,"char":"ï","width":13,"height":27,"xoffset":-1,"yoffset":12,"xadvance":11,"chnl":15,"x":146,"y":337,"page":0},{"id":241,"index":177,"char":"ñ","width":22,"height":27,"xoffset":-1,"yoffset":12,"xadvance":21,"chnl":15,"x":160,"y":337,"page":0},{"id":230,"index":166,"char":"æ","width":26,"height":22,"xoffset":0,"yoffset":18,"xadvance":25,"chnl":15,"x":199,"y":125,"page":0},{"id":116,"index":87,"char":"t","width":14,"height":25,"xoffset":-2,"yoffset":15,"xadvance":11,"chnl":15,"x":214,"y":90,"page":0},{"id":59,"index":30,"char":";","width":9,"height":24,"xoffset":0,"yoffset":20,"xadvance":8,"chnl":15,"x":175,"y":301,"page":0},{"id":8211,"index":206,"char":"–","width":24,"height":6,"xoffset":0,"yoffset":25,"xadvance":24,"chnl":15,"x":68,"y":248,"page":0},{"id":248,"index":184,"char":"ø","width":21,"height":23,"xoffset":-2,"yoffset":17,"xadvance":17,"chnl":15,"x":184,"y":260,"page":0},{"id":8230,"index":215,"char":"…","width":23,"height":8,"xoffset":0,"yoffset":32,"xadvance":23,"chnl":15,"x":133,"y":131,"page":0},{"id":48,"index":19,"char":"0","width":22,"height":21,"xoffset":-1,"yoffset":18,"xadvance":21,"chnl":15,"x":124,"y":470,"page":0},{"id":60,"index":31,"char":"<","width":22,"height":20,"xoffset":0,"yoffset":14,"xadvance":28,"chnl":15,"x":182,"y":179,"page":0},{"id":62,"index":33,"char":">","width":22,"height":20,"xoffset":0,"yoffset":14,"xadvance":28,"chnl":15,"x":189,"y":230,"page":0},{"id":97,"index":68,"char":"a","width":19,"height":22,"xoffset":0,"yoffset":18,"xadvance":17,"chnl":15,"x":144,"y":440,"page":0},{"id":99,"index":70,"char":"c","width":18,"height":22,"xoffset":-1,"yoffset":18,"xadvance":16,"chnl":15,"x":190,"y":200,"page":0},{"id":101,"index":72,"char":"e","width":17,"height":22,"xoffset":-1,"yoffset":18,"xadvance":15,"chnl":15,"x":202,"y":148,"page":0},{"id":110,"index":81,"char":"n","width":22,"height":21,"xoffset":-1,"yoffset":18,"xadvance":21,"chnl":15,"x":205,"y":171,"page":0},{"id":115,"index":86,"char":"s","width":14,"height":22,"xoffset":-1,"yoffset":18,"xadvance":13,"chnl":15,"x":45,"y":115,"page":0},{"id":117,"index":88,"char":"u","width":22,"height":21,"xoffset":-1,"yoffset":19,"xadvance":20,"chnl":15,"x":220,"y":148,"page":0},{"id":120,"index":91,"char":"x","width":22,"height":20,"xoffset":-2,"yoffset":19,"xadvance":18,"chnl":15,"x":226,"y":116,"page":0},{"id":172,"index":109,"char":"¬","width":22,"height":13,"xoffset":0,"yoffset":20,"xadvance":28,"chnl":15,"x":11,"y":115,"page":0},{"id":49,"index":20,"char":"1","width":17,"height":21,"xoffset":0,"yoffset":18,"xadvance":17,"chnl":15,"x":209,"y":193,"page":0},{"id":50,"index":21,"char":"2","width":17,"height":21,"xoffset":0,"yoffset":18,"xadvance":17,"chnl":15,"x":151,"y":400,"page":0},{"id":95,"index":66,"char":"_","width":21,"height":6,"xoffset":-2,"yoffset":38,"xadvance":17,"chnl":15,"x":120,"y":371,"page":0},{"id":111,"index":82,"char":"o","width":19,"height":21,"xoffset":-1,"yoffset":18,"xadvance":17,"chnl":15,"x":165,"y":365,"page":0},{"id":114,"index":85,"char":"r","width":16,"height":21,"xoffset":-1,"yoffset":18,"xadvance":13,"chnl":15,"x":176,"y":65,"page":0},{"id":118,"index":89,"char":"v","width":21,"height":21,"xoffset":-2,"yoffset":19,"xadvance":16,"chnl":15,"x":183,"y":326,"page":0},{"id":305,"index":194,"char":"ı","width":12,"height":21,"xoffset":-1,"yoffset":18,"xadvance":11,"chnl":15,"x":185,"y":284,"page":0},{"id":122,"index":93,"char":"z","width":17,"height":20,"xoffset":-1,"yoffset":19,"xadvance":15,"chnl":15,"x":93,"y":411,"page":0},{"id":164,"index":101,"char":"¤","width":20,"height":20,"xoffset":-1,"yoffset":14,"xadvance":18,"chnl":15,"x":198,"y":284,"page":0},{"id":58,"index":29,"char":":","width":8,"height":19,"xoffset":0,"yoffset":20,"xadvance":7,"chnl":15,"x":163,"y":180,"page":0},{"id":171,"index":108,"char":"«","width":17,"height":19,"xoffset":2,"yoffset":18,"xadvance":20,"chnl":15,"x":185,"y":306,"page":0},{"id":177,"index":113,"char":"±","width":17,"height":19,"xoffset":2,"yoffset":20,"xadvance":23,"chnl":15,"x":203,"y":305,"page":0},{"id":187,"index":123,"char":"»","width":17,"height":19,"xoffset":2,"yoffset":18,"xadvance":16,"chnl":15,"x":206,"y":251,"page":0},{"id":8249,"index":216,"char":"‹","width":12,"height":19,"xoffset":2,"yoffset":18,"xadvance":15,"chnl":15,"x":219,"y":271,"page":0},{"id":8250,"index":217,"char":"›","width":12,"height":19,"xoffset":2,"yoffset":18,"xadvance":12,"chnl":15,"x":212,"y":215,"page":0},{"id":94,"index":65,"char":"^","width":18,"height":16,"xoffset":-1,"yoffset":12,"xadvance":19,"chnl":15,"x":183,"y":348,"page":0},{"id":170,"index":107,"char":"ª","width":16,"height":18,"xoffset":-1,"yoffset":11,"xadvance":14,"chnl":15,"x":224,"y":235,"page":0},{"id":179,"index":115,"char":"³","width":13,"height":18,"xoffset":-1,"yoffset":11,"xadvance":10,"chnl":15,"x":225,"y":215,"page":0},{"id":185,"index":121,"char":"¹","width":10,"height":18,"xoffset":-2,"yoffset":11,"xadvance":9,"chnl":15,"x":113,"y":441,"page":0},{"id":186,"index":122,"char":"º","width":16,"height":18,"xoffset":-3,"yoffset":11,"xadvance":17,"chnl":15,"x":227,"y":193,"page":0},{"id":42,"index":13,"char":"*","width":17,"height":17,"xoffset":-1,"yoffset":9,"xadvance":15,"chnl":15,"x":151,"y":422,"page":0},{"id":43,"index":14,"char":"+","width":17,"height":17,"xoffset":0,"yoffset":18,"xadvance":15,"chnl":15,"x":228,"y":170,"page":0},{"id":61,"index":32,"char":"=","width":17,"height":11,"xoffset":0,"yoffset":22,"xadvance":19,"chnl":15,"x":110,"y":521,"page":0},{"id":126,"index":97,"char":"~","width":17,"height":7,"xoffset":2,"yoffset":22,"xadvance":19,"chnl":15,"x":75,"y":391,"page":0},{"id":178,"index":114,"char":"²","width":13,"height":17,"xoffset":0,"yoffset":11,"xadvance":12,"chnl":15,"x":239,"y":212,"page":0},{"id":247,"index":183,"char":"÷","width":17,"height":17,"xoffset":0,"yoffset":19,"xadvance":16,"chnl":15,"x":244,"y":188,"page":0},{"id":733,"index":205,"char":"˝","width":15,"height":10,"xoffset":4,"yoffset":11,"xadvance":21,"chnl":15,"x":62,"y":432,"page":0},{"id":8220,"index":211,"char":"“","width":15,"height":13,"xoffset":4,"yoffset":8,"xadvance":21,"chnl":15,"x":219,"y":291,"page":0},{"id":8221,"index":212,"char":"”","width":15,"height":13,"xoffset":2,"yoffset":8,"xadvance":18,"chnl":15,"x":99,"y":310,"page":0},{"id":8222,"index":213,"char":"„","width":15,"height":13,"xoffset":0,"yoffset":32,"xadvance":15,"chnl":15,"x":224,"y":254,"page":0},{"id":8722,"index":221,"char":"−","width":15,"height":6,"xoffset":0,"yoffset":24,"xadvance":18,"chnl":15,"x":144,"y":463,"page":0},{"id":45,"index":16,"char":"-","width":14,"height":6,"xoffset":0,"yoffset":25,"xadvance":13,"chnl":15,"x":190,"y":223,"page":0},{"id":176,"index":112,"char":"°","width":14,"height":14,"xoffset":0,"yoffset":10,"xadvance":14,"chnl":15,"x":232,"y":268,"page":0},{"id":184,"index":120,"char":"¸","width":11,"height":14,"xoffset":3,"yoffset":35,"xadvance":19,"chnl":15,"x":212,"y":235,"page":0},{"id":710,"index":198,"char":"ˆ","width":14,"height":10,"xoffset":-1,"yoffset":9,"xadvance":13,"chnl":15,"x":83,"y":462,"page":0},{"id":44,"index":15,"char":",","width":9,"height":13,"xoffset":0,"yoffset":32,"xadvance":8,"chnl":15,"x":172,"y":180,"page":0},{"id":168,"index":105,"char":"¨","width":13,"height":7,"xoffset":2,"yoffset":12,"xadvance":14,"chnl":15,"x":60,"y":662,"page":0},{"id":175,"index":111,"char":"¯","width":13,"height":6,"xoffset":-1,"yoffset":13,"xadvance":12,"chnl":15,"x":232,"y":283,"page":0},{"id":711,"index":199,"char":"ˇ","width":13,"height":10,"xoffset":-1,"yoffset":11,"xadvance":11,"chnl":15,"x":226,"y":137,"page":0},{"id":731,"index":203,"char":"˛","width":12,"height":13,"xoffset":3,"yoffset":35,"xadvance":16,"chnl":15,"x":240,"y":254,"page":0},{"id":8216,"index":208,"char":"‘","width":9,"height":13,"xoffset":4,"yoffset":8,"xadvance":19,"chnl":15,"x":34,"y":115,"page":0},{"id":8217,"index":209,"char":"’","width":9,"height":13,"xoffset":2,"yoffset":8,"xadvance":9,"chnl":15,"x":241,"y":230,"page":0},{"id":8218,"index":210,"char":"‚","width":9,"height":13,"xoffset":0,"yoffset":32,"xadvance":8,"chnl":15,"x":251,"y":230,"page":0},{"id":34,"index":5,"char":"\"","width":12,"height":12,"xoffset":1,"yoffset":9,"xadvance":12,"chnl":15,"x":165,"y":387,"page":0},{"id":39,"index":10,"char":"'","width":8,"height":12,"xoffset":1,"yoffset":9,"xadvance":8,"chnl":15,"x":206,"y":271,"page":0},{"id":215,"index":151,"char":"×","width":12,"height":12,"xoffset":5,"yoffset":18,"xadvance":28,"chnl":15,"x":253,"y":206,"page":0},{"id":728,"index":200,"char":"˘","width":12,"height":8,"xoffset":2,"yoffset":12,"xadvance":16,"chnl":15,"x":42,"y":400,"page":0},{"id":732,"index":204,"char":"˜","width":12,"height":8,"xoffset":2,"yoffset":12,"xadvance":18,"chnl":15,"x":142,"y":231,"page":0},{"id":8226,"index":214,"char":"•","width":12,"height":12,"xoffset":2,"yoffset":21,"xadvance":17,"chnl":15,"x":243,"y":137,"page":0},{"id":96,"index":67,"char":"`","width":10,"height":10,"xoffset":3,"yoffset":10,"xadvance":15,"chnl":15,"x":253,"y":219,"page":0},{"id":180,"index":116,"char":"´","width":10,"height":10,"xoffset":2,"yoffset":10,"xadvance":11,"chnl":15,"x":243,"y":150,"page":0},{"id":730,"index":202,"char":"˚","width":10,"height":10,"xoffset":6,"yoffset":11,"xadvance":28,"chnl":15,"x":246,"y":161,"page":0},{"id":46,"index":17,"char":".","width":8,"height":8,"xoffset":0,"yoffset":32,"xadvance":8,"chnl":15,"x":146,"y":88,"page":0},{"id":183,"index":119,"char":"·","width":8,"height":8,"xoffset":5,"yoffset":25,"xadvance":18,"chnl":15,"x":35,"y":737,"page":0},{"id":729,"index":201,"char":"˙","width":8,"height":8,"xoffset":4,"yoffset":12,"xadvance":13,"chnl":15,"x":48,"y":699,"page":0},{"id":32,"index":3,"char":" ","width":0,"height":0,"xoffset":-2,"yoffset":35,"xadvance":8,"chnl":15,"x":20,"y":179,"page":0},{"id":173,"index":0,"char":"­","width":0,"height":0,"xoffset":-2,"yoffset":35,"xadvance":8,"chnl":15,"x":30,"y":335,"page":0},{"id":256,"index":0,"char":"Ā","width":0,"height":0,"xoffset":-2,"yoffset":35,"xadvance":8,"chnl":15,"x":36,"y":297,"page":0},{"id":257,"index":0,"char":"ā","width":0,"height":0,"xoffset":-2,"yoffset":35,"xadvance":8,"chnl":15,"x":61,"y":175,"page":0},{"id":258,"index":0,"char":"Ă","width":0,"height":0,"xoffset":-2,"yoffset":35,"xadvance":8,"chnl":15,"x":105,"y":0,"page":0},{"id":259,"index":0,"char":"ă","width":0,"height":0,"xoffset":-2,"yoffset":35,"xadvance":8,"chnl":15,"x":127,"y":35,"page":0},{"id":260,"index":0,"char":"Ą","width":0,"height":0,"xoffset":-2,"yoffset":35,"xadvance":8,"chnl":15,"x":41,"y":371,"page":0},{"id":261,"index":0,"char":"ą","width":0,"height":0,"xoffset":-2,"yoffset":35,"xadvance":8,"chnl":15,"x":71,"y":326,"page":0},{"id":262,"index":0,"char":"Ć","width":0,"height":0,"xoffset":-2,"yoffset":35,"xadvance":8,"chnl":15,"x":110,"y":209,"page":0},{"id":263,"index":0,"char":"ć","width":0,"height":0,"xoffset":-2,"yoffset":35,"xadvance":8,"chnl":15,"x":153,"y":34,"page":0},{"id":264,"index":0,"char":"Ĉ","width":0,"height":0,"xoffset":-2,"yoffset":35,"xadvance":8,"chnl":15,"x":175,"y":34,"page":0},{"id":265,"index":0,"char":"ĉ","width":0,"height":0,"xoffset":-2,"yoffset":35,"xadvance":8,"chnl":15,"x":19,"y":677,"page":0},{"id":266,"index":0,"char":"Ċ","width":0,"height":0,"xoffset":-2,"yoffset":35,"xadvance":8,"chnl":15,"x":26,"y":639,"page":0},{"id":267,"index":0,"char":"ċ","width":0,"height":0,"xoffset":-2,"yoffset":35,"xadvance":8,"chnl":15,"x":162,"y":230,"page":0},{"id":270,"index":0,"char":"Ď","width":0,"height":0,"xoffset":-2,"yoffset":35,"xadvance":8,"chnl":15,"x":162,"y":150,"page":0},{"id":271,"index":0,"char":"ď","width":0,"height":0,"xoffset":-2,"yoffset":35,"xadvance":8,"chnl":15,"x":181,"y":149,"page":0},{"id":272,"index":0,"char":"Đ","width":0,"height":0,"xoffset":-2,"yoffset":35,"xadvance":8,"chnl":15,"x":205,"y":30,"page":0},{"id":273,"index":0,"char":"đ","width":0,"height":0,"xoffset":-2,"yoffset":35,"xadvance":8,"chnl":15,"x":224,"y":29,"page":0},{"id":274,"index":0,"char":"Ē","width":0,"height":0,"xoffset":-2,"yoffset":35,"xadvance":8,"chnl":15,"x":60,"y":601,"page":0},{"id":275,"index":0,"char":"ē","width":0,"height":0,"xoffset":-2,"yoffset":35,"xadvance":8,"chnl":15,"x":145,"y":337,"page":0},{"id":276,"index":0,"char":"Ĕ","width":0,"height":0,"xoffset":-2,"yoffset":35,"xadvance":8,"chnl":15,"x":92,"y":245,"page":0},{"id":277,"index":0,"char":"ĕ","width":0,"height":0,"xoffset":-2,"yoffset":35,"xadvance":8,"chnl":15,"x":131,"y":440,"page":0},{"id":278,"index":0,"char":"Ė","width":0,"height":0,"xoffset":-2,"yoffset":35,"xadvance":8,"chnl":15,"x":199,"y":148,"page":0},{"id":279,"index":0,"char":"ė","width":0,"height":0,"xoffset":-2,"yoffset":35,"xadvance":8,"chnl":15,"x":60,"y":110,"page":0},{"id":280,"index":0,"char":"Ę","width":0,"height":0,"xoffset":-2,"yoffset":35,"xadvance":8,"chnl":15,"x":176,"y":87,"page":0},{"id":281,"index":0,"char":"ę","width":0,"height":0,"xoffset":-2,"yoffset":35,"xadvance":8,"chnl":15,"x":184,"y":284,"page":0},{"id":282,"index":0,"char":"Ě","width":0,"height":0,"xoffset":-2,"yoffset":35,"xadvance":8,"chnl":15,"x":198,"y":305,"page":0},{"id":283,"index":0,"char":"ě","width":0,"height":0,"xoffset":-2,"yoffset":35,"xadvance":8,"chnl":15,"x":203,"y":325,"page":0},{"id":284,"index":0,"char":"Ĝ","width":0,"height":0,"xoffset":-2,"yoffset":35,"xadvance":8,"chnl":15,"x":220,"y":170,"page":0},{"id":285,"index":0,"char":"ĝ","width":0,"height":0,"xoffset":-2,"yoffset":35,"xadvance":8,"chnl":15,"x":110,"y":533,"page":0},{"id":286,"index":0,"char":"Ğ","width":0,"height":0,"xoffset":-2,"yoffset":35,"xadvance":8,"chnl":15,"x":75,"y":399,"page":0},{"id":287,"index":0,"char":"ğ","width":0,"height":0,"xoffset":-2,"yoffset":35,"xadvance":8,"chnl":15,"x":115,"y":310,"page":0},{"id":288,"index":0,"char":"Ġ","width":0,"height":0,"xoffset":-2,"yoffset":35,"xadvance":8,"chnl":15,"x":212,"y":250,"page":0},{"id":289,"index":0,"char":"ġ","width":0,"height":0,"xoffset":-2,"yoffset":35,"xadvance":8,"chnl":15,"x":232,"y":290,"page":0},{"id":290,"index":0,"char":"Ģ","width":0,"height":0,"xoffset":-2,"yoffset":35,"xadvance":8,"chnl":15,"x":44,"y":115,"page":0},{"id":291,"index":0,"char":"ģ","width":0,"height":0,"xoffset":-2,"yoffset":35,"xadvance":8,"chnl":15,"x":225,"y":234,"page":0},{"id":292,"index":0,"char":"Ĥ","width":0,"height":0,"xoffset":-2,"yoffset":35,"xadvance":8,"chnl":15,"x":21,"y":179,"page":0},{"id":293,"index":0,"char":"ĥ","width":0,"height":0,"xoffset":-2,"yoffset":35,"xadvance":8,"chnl":15,"x":31,"y":335,"page":0},{"id":294,"index":0,"char":"Ħ","width":0,"height":0,"xoffset":-2,"yoffset":35,"xadvance":8,"chnl":15,"x":37,"y":297,"page":0},{"id":295,"index":0,"char":"ħ","width":0,"height":0,"xoffset":-2,"yoffset":35,"xadvance":8,"chnl":15,"x":62,"y":175,"page":0},{"id":296,"index":0,"char":"Ĩ","width":0,"height":0,"xoffset":-2,"yoffset":35,"xadvance":8,"chnl":15,"x":105,"y":1,"page":0},{"id":297,"index":0,"char":"ĩ","width":0,"height":0,"xoffset":-2,"yoffset":35,"xadvance":8,"chnl":15,"x":128,"y":35,"page":0},{"id":298,"index":0,"char":"Ī","width":0,"height":0,"xoffset":-2,"yoffset":35,"xadvance":8,"chnl":15,"x":41,"y":372,"page":0},{"id":299,"index":0,"char":"ī","width":0,"height":0,"xoffset":-2,"yoffset":35,"xadvance":8,"chnl":15,"x":71,"y":327,"page":0},{"id":300,"index":0,"char":"Ĭ","width":0,"height":0,"xoffset":-2,"yoffset":35,"xadvance":8,"chnl":15,"x":111,"y":209,"page":0},{"id":301,"index":0,"char":"ĭ","width":0,"height":0,"xoffset":-2,"yoffset":35,"xadvance":8,"chnl":15,"x":175,"y":35,"page":0},{"id":302,"index":0,"char":"Į","width":0,"height":0,"xoffset":-2,"yoffset":35,"xadvance":8,"chnl":15,"x":154,"y":34,"page":0},{"id":303,"index":0,"char":"į","width":0,"height":0,"xoffset":-2,"yoffset":35,"xadvance":8,"chnl":15,"x":20,"y":677,"page":0},{"id":304,"index":0,"char":"İ","width":0,"height":0,"xoffset":-2,"yoffset":35,"xadvance":8,"chnl":15,"x":27,"y":639,"page":0},{"id":308,"index":0,"char":"Ĵ","width":0,"height":0,"xoffset":-2,"yoffset":35,"xadvance":8,"chnl":15,"x":163,"y":230,"page":0},{"id":309,"index":0,"char":"ĵ","width":0,"height":0,"xoffset":-2,"yoffset":35,"xadvance":8,"chnl":15,"x":162,"y":151,"page":0},{"id":310,"index":0,"char":"Ķ","width":0,"height":0,"xoffset":-2,"yoffset":35,"xadvance":8,"chnl":15,"x":206,"y":30,"page":0},{"id":311,"index":0,"char":"ķ","width":0,"height":0,"xoffset":-2,"yoffset":35,"xadvance":8,"chnl":15,"x":225,"y":29,"page":0},{"id":312,"index":0,"char":"ĸ","width":0,"height":0,"xoffset":-2,"yoffset":35,"xadvance":8,"chnl":15,"x":61,"y":601,"page":0},{"id":313,"index":0,"char":"Ĺ","width":0,"height":0,"xoffset":-2,"yoffset":35,"xadvance":8,"chnl":15,"x":145,"y":338,"page":0},{"id":314,"index":0,"char":"ĺ","width":0,"height":0,"xoffset":-2,"yoffset":35,"xadvance":8,"chnl":15,"x":92,"y":246,"page":0},{"id":315,"index":0,"char":"Ļ","width":0,"height":0,"xoffset":-2,"yoffset":35,"xadvance":8,"chnl":15,"x":132,"y":440,"page":0},{"id":316,"index":0,"char":"ļ","width":0,"height":0,"xoffset":-2,"yoffset":35,"xadvance":8,"chnl":15,"x":200,"y":148,"page":0},{"id":317,"index":0,"char":"Ľ","width":0,"height":0,"xoffset":-2,"yoffset":35,"xadvance":8,"chnl":15,"x":60,"y":111,"page":0},{"id":318,"index":0,"char":"ľ","width":0,"height":0,"xoffset":-2,"yoffset":35,"xadvance":8,"chnl":15,"x":177,"y":87,"page":0},{"id":319,"index":0,"char":"Ŀ","width":0,"height":0,"xoffset":-2,"yoffset":35,"xadvance":8,"chnl":15,"x":184,"y":285,"page":0},{"id":320,"index":0,"char":"ŀ","width":0,"height":0,"xoffset":-2,"yoffset":35,"xadvance":8,"chnl":15,"x":199,"y":305,"page":0},{"id":321,"index":0,"char":"Ł","width":0,"height":0,"xoffset":-2,"yoffset":35,"xadvance":8,"chnl":15,"x":204,"y":325,"page":0},{"id":322,"index":0,"char":"ł","width":0,"height":0,"xoffset":-2,"yoffset":35,"xadvance":8,"chnl":15,"x":221,"y":170,"page":0},{"id":323,"index":0,"char":"Ń","width":0,"height":0,"xoffset":-2,"yoffset":35,"xadvance":8,"chnl":15,"x":111,"y":533,"page":0},{"id":324,"index":0,"char":"ń","width":0,"height":0,"xoffset":-2,"yoffset":35,"xadvance":8,"chnl":15,"x":76,"y":399,"page":0},{"id":325,"index":0,"char":"Ņ","width":0,"height":0,"xoffset":-2,"yoffset":35,"xadvance":8,"chnl":15,"x":115,"y":311,"page":0},{"id":326,"index":0,"char":"ņ","width":0,"height":0,"xoffset":-2,"yoffset":35,"xadvance":8,"chnl":15,"x":213,"y":250,"page":0},{"id":327,"index":0,"char":"Ň","width":0,"height":0,"xoffset":-2,"yoffset":35,"xadvance":8,"chnl":15,"x":233,"y":290,"page":0},{"id":328,"index":0,"char":"ň","width":0,"height":0,"xoffset":-2,"yoffset":35,"xadvance":8,"chnl":15,"x":44,"y":116,"page":0},{"id":330,"index":0,"char":"Ŋ","width":0,"height":0,"xoffset":-2,"yoffset":35,"xadvance":8,"chnl":15,"x":226,"y":234,"page":0},{"id":331,"index":0,"char":"ŋ","width":0,"height":0,"xoffset":-2,"yoffset":35,"xadvance":8,"chnl":15,"x":22,"y":179,"page":0},{"id":332,"index":0,"char":"Ō","width":0,"height":0,"xoffset":-2,"yoffset":35,"xadvance":8,"chnl":15,"x":32,"y":335,"page":0},{"id":333,"index":0,"char":"ō","width":0,"height":0,"xoffset":-2,"yoffset":35,"xadvance":8,"chnl":15,"x":38,"y":297,"page":0},{"id":334,"index":0,"char":"Ŏ","width":0,"height":0,"xoffset":-2,"yoffset":35,"xadvance":8,"chnl":15,"x":63,"y":175,"page":0},{"id":335,"index":0,"char":"ŏ","width":0,"height":0,"xoffset":-2,"yoffset":35,"xadvance":8,"chnl":15,"x":105,"y":2,"page":0},{"id":336,"index":0,"char":"Ő","width":0,"height":0,"xoffset":-2,"yoffset":35,"xadvance":8,"chnl":15,"x":129,"y":35,"page":0},{"id":337,"index":0,"char":"ő","width":0,"height":0,"xoffset":-2,"yoffset":35,"xadvance":8,"chnl":15,"x":71,"y":328,"page":0},{"id":338,"index":0,"char":"Œ","width":0,"height":0,"xoffset":-2,"yoffset":35,"xadvance":8,"chnl":15,"x":112,"y":209,"page":0},{"id":339,"index":0,"char":"œ","width":0,"height":0,"xoffset":-2,"yoffset":35,"xadvance":8,"chnl":15,"x":175,"y":36,"page":0},{"id":340,"index":0,"char":"Ŕ","width":0,"height":0,"xoffset":-2,"yoffset":35,"xadvance":8,"chnl":15,"x":155,"y":34,"page":0},{"id":341,"index":0,"char":"ŕ","width":0,"height":0,"xoffset":-2,"yoffset":35,"xadvance":8,"chnl":15,"x":21,"y":677,"page":0},{"id":342,"index":0,"char":"Ŗ","width":0,"height":0,"xoffset":-2,"yoffset":35,"xadvance":8,"chnl":15,"x":28,"y":639,"page":0},{"id":343,"index":0,"char":"ŗ","width":0,"height":0,"xoffset":-2,"yoffset":35,"xadvance":8,"chnl":15,"x":164,"y":230,"page":0},{"id":344,"index":0,"char":"Ř","width":0,"height":0,"xoffset":-2,"yoffset":35,"xadvance":8,"chnl":15,"x":162,"y":152,"page":0},{"id":345,"index":0,"char":"ř","width":0,"height":0,"xoffset":-2,"yoffset":35,"xadvance":8,"chnl":15,"x":226,"y":29,"page":0},{"id":346,"index":0,"char":"Ś","width":0,"height":0,"xoffset":-2,"yoffset":35,"xadvance":8,"chnl":15,"x":62,"y":601,"page":0},{"id":347,"index":0,"char":"ś","width":0,"height":0,"xoffset":-2,"yoffset":35,"xadvance":8,"chnl":15,"x":145,"y":339,"page":0},{"id":348,"index":0,"char":"Ŝ","width":0,"height":0,"xoffset":-2,"yoffset":35,"xadvance":8,"chnl":15,"x":92,"y":247,"page":0},{"id":349,"index":0,"char":"ŝ","width":0,"height":0,"xoffset":-2,"yoffset":35,"xadvance":8,"chnl":15,"x":133,"y":440,"page":0},{"id":350,"index":0,"char":"Ş","width":0,"height":0,"xoffset":-2,"yoffset":35,"xadvance":8,"chnl":15,"x":201,"y":148,"page":0},{"id":351,"index":0,"char":"ş","width":0,"height":0,"xoffset":-2,"yoffset":35,"xadvance":8,"chnl":15,"x":60,"y":112,"page":0},{"id":354,"index":0,"char":"Ţ","width":0,"height":0,"xoffset":-2,"yoffset":35,"xadvance":8,"chnl":15,"x":178,"y":87,"page":0},{"id":355,"index":0,"char":"ţ","width":0,"height":0,"xoffset":-2,"yoffset":35,"xadvance":8,"chnl":15,"x":184,"y":286,"page":0},{"id":356,"index":0,"char":"Ť","width":0,"height":0,"xoffset":-2,"yoffset":35,"xadvance":8,"chnl":15,"x":200,"y":305,"page":0},{"id":357,"index":0,"char":"ť","width":0,"height":0,"xoffset":-2,"yoffset":35,"xadvance":8,"chnl":15,"x":222,"y":170,"page":0},{"id":358,"index":0,"char":"Ŧ","width":0,"height":0,"xoffset":-2,"yoffset":35,"xadvance":8,"chnl":15,"x":112,"y":533,"page":0},{"id":359,"index":0,"char":"ŧ","width":0,"height":0,"xoffset":-2,"yoffset":35,"xadvance":8,"chnl":15,"x":77,"y":399,"page":0},{"id":360,"index":0,"char":"Ũ","width":0,"height":0,"xoffset":-2,"yoffset":35,"xadvance":8,"chnl":15,"x":115,"y":312,"page":0},{"id":361,"index":0,"char":"ũ","width":0,"height":0,"xoffset":-2,"yoffset":35,"xadvance":8,"chnl":15,"x":214,"y":250,"page":0},{"id":362,"index":0,"char":"Ū","width":0,"height":0,"xoffset":-2,"yoffset":35,"xadvance":8,"chnl":15,"x":234,"y":290,"page":0},{"id":363,"index":0,"char":"ū","width":0,"height":0,"xoffset":-2,"yoffset":35,"xadvance":8,"chnl":15,"x":44,"y":117,"page":0},{"id":364,"index":0,"char":"Ŭ","width":0,"height":0,"xoffset":-2,"yoffset":35,"xadvance":8,"chnl":15,"x":227,"y":234,"page":0},{"id":365,"index":0,"char":"ŭ","width":0,"height":0,"xoffset":-2,"yoffset":35,"xadvance":8,"chnl":15,"x":23,"y":179,"page":0},{"id":366,"index":0,"char":"Ů","width":0,"height":0,"xoffset":-2,"yoffset":35,"xadvance":8,"chnl":15,"x":33,"y":335,"page":0},{"id":367,"index":0,"char":"ů","width":0,"height":0,"xoffset":-2,"yoffset":35,"xadvance":8,"chnl":15,"x":39,"y":297,"page":0},{"id":368,"index":0,"char":"Ű","width":0,"height":0,"xoffset":-2,"yoffset":35,"xadvance":8,"chnl":15,"x":64,"y":175,"page":0},{"id":369,"index":0,"char":"ű","width":0,"height":0,"xoffset":-2,"yoffset":35,"xadvance":8,"chnl":15,"x":105,"y":3,"page":0},{"id":370,"index":0,"char":"Ų","width":0,"height":0,"xoffset":-2,"yoffset":35,"xadvance":8,"chnl":15,"x":130,"y":35,"page":0},{"id":371,"index":0,"char":"ų","width":0,"height":0,"xoffset":-2,"yoffset":35,"xadvance":8,"chnl":15,"x":71,"y":329,"page":0},{"id":372,"index":0,"char":"Ŵ","width":0,"height":0,"xoffset":-2,"yoffset":35,"xadvance":8,"chnl":15,"x":113,"y":209,"page":0},{"id":373,"index":0,"char":"ŵ","width":0,"height":0,"xoffset":-2,"yoffset":35,"xadvance":8,"chnl":15,"x":175,"y":37,"page":0},{"id":374,"index":0,"char":"Ŷ","width":0,"height":0,"xoffset":-2,"yoffset":35,"xadvance":8,"chnl":15,"x":156,"y":34,"page":0},{"id":375,"index":0,"char":"ŷ","width":0,"height":0,"xoffset":-2,"yoffset":35,"xadvance":8,"chnl":15,"x":22,"y":677,"page":0},{"id":377,"index":0,"char":"Ź","width":0,"height":0,"xoffset":-2,"yoffset":35,"xadvance":8,"chnl":15,"x":29,"y":639,"page":0},{"id":378,"index":0,"char":"ź","width":0,"height":0,"xoffset":-2,"yoffset":35,"xadvance":8,"chnl":15,"x":165,"y":230,"page":0},{"id":379,"index":0,"char":"Ż","width":0,"height":0,"xoffset":-2,"yoffset":35,"xadvance":8,"chnl":15,"x":162,"y":153,"page":0},{"id":380,"index":0,"char":"ż","width":0,"height":0,"xoffset":-2,"yoffset":35,"xadvance":8,"chnl":15,"x":227,"y":29,"page":0},{"id":381,"index":0,"char":"Ž","width":0,"height":0,"xoffset":-2,"yoffset":35,"xadvance":8,"chnl":15,"x":63,"y":601,"page":0},{"id":382,"index":0,"char":"ž","width":0,"height":0,"xoffset":-2,"yoffset":35,"xadvance":8,"chnl":15,"x":145,"y":340,"page":0},{"id":399,"index":0,"char":"Ə","width":0,"height":0,"xoffset":-2,"yoffset":35,"xadvance":8,"chnl":15,"x":134,"y":440,"page":0},{"id":402,"index":0,"char":"ƒ","width":0,"height":0,"xoffset":-2,"yoffset":35,"xadvance":8,"chnl":15,"x":60,"y":113,"page":0},{"id":416,"index":0,"char":"Ơ","width":0,"height":0,"xoffset":-2,"yoffset":35,"xadvance":8,"chnl":15,"x":179,"y":87,"page":0},{"id":417,"index":0,"char":"ơ","width":0,"height":0,"xoffset":-2,"yoffset":35,"xadvance":8,"chnl":15,"x":184,"y":287,"page":0},{"id":431,"index":0,"char":"Ư","width":0,"height":0,"xoffset":-2,"yoffset":35,"xadvance":8,"chnl":15,"x":201,"y":305,"page":0},{"id":432,"index":0,"char":"ư","width":0,"height":0,"xoffset":-2,"yoffset":35,"xadvance":8,"chnl":15,"x":223,"y":170,"page":0},{"id":452,"index":0,"char":"Ǆ","width":0,"height":0,"xoffset":-2,"yoffset":35,"xadvance":8,"chnl":15,"x":113,"y":533,"page":0},{"id":453,"index":0,"char":"ǅ","width":0,"height":0,"xoffset":-2,"yoffset":35,"xadvance":8,"chnl":15,"x":78,"y":399,"page":0},{"id":454,"index":0,"char":"ǆ","width":0,"height":0,"xoffset":-2,"yoffset":35,"xadvance":8,"chnl":15,"x":115,"y":313,"page":0},{"id":455,"index":0,"char":"Ǉ","width":0,"height":0,"xoffset":-2,"yoffset":35,"xadvance":8,"chnl":15,"x":215,"y":250,"page":0},{"id":456,"index":0,"char":"ǈ","width":0,"height":0,"xoffset":-2,"yoffset":35,"xadvance":8,"chnl":15,"x":44,"y":118,"page":0},{"id":457,"index":0,"char":"ǉ","width":0,"height":0,"xoffset":-2,"yoffset":35,"xadvance":8,"chnl":15,"x":228,"y":234,"page":0},{"id":458,"index":0,"char":"Ǌ","width":0,"height":0,"xoffset":-2,"yoffset":35,"xadvance":8,"chnl":15,"x":24,"y":179,"page":0},{"id":459,"index":0,"char":"ǋ","width":0,"height":0,"xoffset":-2,"yoffset":35,"xadvance":8,"chnl":15,"x":34,"y":335,"page":0},{"id":460,"index":0,"char":"ǌ","width":0,"height":0,"xoffset":-2,"yoffset":35,"xadvance":8,"chnl":15,"x":40,"y":297,"page":0},{"id":461,"index":0,"char":"Ǎ","width":0,"height":0,"xoffset":-2,"yoffset":35,"xadvance":8,"chnl":15,"x":65,"y":175,"page":0},{"id":462,"index":0,"char":"ǎ","width":0,"height":0,"xoffset":-2,"yoffset":35,"xadvance":8,"chnl":15,"x":105,"y":4,"page":0},{"id":463,"index":0,"char":"Ǐ","width":0,"height":0,"xoffset":-2,"yoffset":35,"xadvance":8,"chnl":15,"x":131,"y":35,"page":0},{"id":464,"index":0,"char":"ǐ","width":0,"height":0,"xoffset":-2,"yoffset":35,"xadvance":8,"chnl":15,"x":71,"y":330,"page":0},{"id":465,"index":0,"char":"Ǒ","width":0,"height":0,"xoffset":-2,"yoffset":35,"xadvance":8,"chnl":15,"x":114,"y":209,"page":0},{"id":466,"index":0,"char":"ǒ","width":0,"height":0,"xoffset":-2,"yoffset":35,"xadvance":8,"chnl":15,"x":175,"y":38,"page":0},{"id":467,"index":0,"char":"Ǔ","width":0,"height":0,"xoffset":-2,"yoffset":35,"xadvance":8,"chnl":15,"x":157,"y":34,"page":0},{"id":468,"index":0,"char":"ǔ","width":0,"height":0,"xoffset":-2,"yoffset":35,"xadvance":8,"chnl":15,"x":23,"y":677,"page":0},{"id":469,"index":0,"char":"Ǖ","width":0,"height":0,"xoffset":-2,"yoffset":35,"xadvance":8,"chnl":15,"x":30,"y":639,"page":0},{"id":470,"index":0,"char":"ǖ","width":0,"height":0,"xoffset":-2,"yoffset":35,"xadvance":8,"chnl":15,"x":166,"y":230,"page":0},{"id":471,"index":0,"char":"Ǘ","width":0,"height":0,"xoffset":-2,"yoffset":35,"xadvance":8,"chnl":15,"x":162,"y":154,"page":0},{"id":472,"index":0,"char":"ǘ","width":0,"height":0,"xoffset":-2,"yoffset":35,"xadvance":8,"chnl":15,"x":64,"y":601,"page":0},{"id":473,"index":0,"char":"Ǚ","width":0,"height":0,"xoffset":-2,"yoffset":35,"xadvance":8,"chnl":15,"x":135,"y":440,"page":0},{"id":474,"index":0,"char":"ǚ","width":0,"height":0,"xoffset":-2,"yoffset":35,"xadvance":8,"chnl":15,"x":55,"y":114,"page":0},{"id":475,"index":0,"char":"Ǜ","width":0,"height":0,"xoffset":-2,"yoffset":35,"xadvance":8,"chnl":15,"x":60,"y":114,"page":0},{"id":476,"index":0,"char":"ǜ","width":0,"height":0,"xoffset":-2,"yoffset":35,"xadvance":8,"chnl":15,"x":180,"y":87,"page":0},{"id":486,"index":0,"char":"Ǧ","width":0,"height":0,"xoffset":-2,"yoffset":35,"xadvance":8,"chnl":15,"x":184,"y":288,"page":0},{"id":487,"index":0,"char":"ǧ","width":0,"height":0,"xoffset":-2,"yoffset":35,"xadvance":8,"chnl":15,"x":202,"y":305,"page":0},{"id":490,"index":0,"char":"Ǫ","width":0,"height":0,"xoffset":-2,"yoffset":35,"xadvance":8,"chnl":15,"x":224,"y":170,"page":0},{"id":491,"index":0,"char":"ǫ","width":0,"height":0,"xoffset":-2,"yoffset":35,"xadvance":8,"chnl":15,"x":114,"y":533,"page":0},{"id":506,"index":0,"char":"Ǻ","width":0,"height":0,"xoffset":-2,"yoffset":35,"xadvance":8,"chnl":15,"x":79,"y":399,"page":0},{"id":507,"index":0,"char":"ǻ","width":0,"height":0,"xoffset":-2,"yoffset":35,"xadvance":8,"chnl":15,"x":115,"y":314,"page":0},{"id":508,"index":0,"char":"Ǽ","width":0,"height":0,"xoffset":-2,"yoffset":35,"xadvance":8,"chnl":15,"x":216,"y":250,"page":0},{"id":509,"index":0,"char":"ǽ","width":0,"height":0,"xoffset":-2,"yoffset":35,"xadvance":8,"chnl":15,"x":44,"y":119,"page":0},{"id":510,"index":0,"char":"Ǿ","width":0,"height":0,"xoffset":-2,"yoffset":35,"xadvance":8,"chnl":15,"x":229,"y":234,"page":0},{"id":511,"index":0,"char":"ǿ","width":0,"height":0,"xoffset":-2,"yoffset":35,"xadvance":8,"chnl":15,"x":25,"y":179,"page":0},{"id":512,"index":0,"char":"Ȁ","width":0,"height":0,"xoffset":-2,"yoffset":35,"xadvance":8,"chnl":15,"x":35,"y":335,"page":0},{"id":513,"index":0,"char":"ȁ","width":0,"height":0,"xoffset":-2,"yoffset":35,"xadvance":8,"chnl":15,"x":41,"y":297,"page":0},{"id":514,"index":0,"char":"Ȃ","width":0,"height":0,"xoffset":-2,"yoffset":35,"xadvance":8,"chnl":15,"x":66,"y":175,"page":0},{"id":515,"index":0,"char":"ȃ","width":0,"height":0,"xoffset":-2,"yoffset":35,"xadvance":8,"chnl":15,"x":105,"y":5,"page":0},{"id":516,"index":0,"char":"Ȅ","width":0,"height":0,"xoffset":-2,"yoffset":35,"xadvance":8,"chnl":15,"x":132,"y":35,"page":0},{"id":517,"index":0,"char":"ȅ","width":0,"height":0,"xoffset":-2,"yoffset":35,"xadvance":8,"chnl":15,"x":71,"y":331,"page":0},{"id":518,"index":0,"char":"Ȇ","width":0,"height":0,"xoffset":-2,"yoffset":35,"xadvance":8,"chnl":15,"x":115,"y":209,"page":0},{"id":519,"index":0,"char":"ȇ","width":0,"height":0,"xoffset":-2,"yoffset":35,"xadvance":8,"chnl":15,"x":175,"y":39,"page":0},{"id":520,"index":0,"char":"Ȉ","width":0,"height":0,"xoffset":-2,"yoffset":35,"xadvance":8,"chnl":15,"x":158,"y":34,"page":0},{"id":521,"index":0,"char":"ȉ","width":0,"height":0,"xoffset":-2,"yoffset":35,"xadvance":8,"chnl":15,"x":24,"y":677,"page":0},{"id":522,"index":0,"char":"Ȋ","width":0,"height":0,"xoffset":-2,"yoffset":35,"xadvance":8,"chnl":15,"x":31,"y":639,"page":0},{"id":523,"index":0,"char":"ȋ","width":0,"height":0,"xoffset":-2,"yoffset":35,"xadvance":8,"chnl":15,"x":167,"y":230,"page":0},{"id":524,"index":0,"char":"Ȍ","width":0,"height":0,"xoffset":-2,"yoffset":35,"xadvance":8,"chnl":15,"x":162,"y":155,"page":0},{"id":525,"index":0,"char":"ȍ","width":0,"height":0,"xoffset":-2,"yoffset":35,"xadvance":8,"chnl":15,"x":65,"y":601,"page":0},{"id":526,"index":0,"char":"Ȏ","width":0,"height":0,"xoffset":-2,"yoffset":35,"xadvance":8,"chnl":15,"x":136,"y":440,"page":0},{"id":527,"index":0,"char":"ȏ","width":0,"height":0,"xoffset":-2,"yoffset":35,"xadvance":8,"chnl":15,"x":60,"y":115,"page":0},{"id":528,"index":0,"char":"Ȑ","width":0,"height":0,"xoffset":-2,"yoffset":35,"xadvance":8,"chnl":15,"x":181,"y":87,"page":0},{"id":529,"index":0,"char":"ȑ","width":0,"height":0,"xoffset":-2,"yoffset":35,"xadvance":8,"chnl":15,"x":184,"y":289,"page":0},{"id":530,"index":0,"char":"Ȓ","width":0,"height":0,"xoffset":-2,"yoffset":35,"xadvance":8,"chnl":15,"x":225,"y":170,"page":0},{"id":531,"index":0,"char":"ȓ","width":0,"height":0,"xoffset":-2,"yoffset":35,"xadvance":8,"chnl":15,"x":115,"y":533,"page":0},{"id":532,"index":0,"char":"Ȕ","width":0,"height":0,"xoffset":-2,"yoffset":35,"xadvance":8,"chnl":15,"x":80,"y":399,"page":0},{"id":533,"index":0,"char":"ȕ","width":0,"height":0,"xoffset":-2,"yoffset":35,"xadvance":8,"chnl":15,"x":115,"y":315,"page":0},{"id":534,"index":0,"char":"Ȗ","width":0,"height":0,"xoffset":-2,"yoffset":35,"xadvance":8,"chnl":15,"x":217,"y":250,"page":0},{"id":535,"index":0,"char":"ȗ","width":0,"height":0,"xoffset":-2,"yoffset":35,"xadvance":8,"chnl":15,"x":44,"y":120,"page":0},{"id":536,"index":0,"char":"Ș","width":0,"height":0,"xoffset":-2,"yoffset":35,"xadvance":8,"chnl":15,"x":230,"y":234,"page":0},{"id":537,"index":0,"char":"ș","width":0,"height":0,"xoffset":-2,"yoffset":35,"xadvance":8,"chnl":15,"x":36,"y":335,"page":0},{"id":538,"index":0,"char":"Ț","width":0,"height":0,"xoffset":-2,"yoffset":35,"xadvance":8,"chnl":15,"x":42,"y":297,"page":0},{"id":539,"index":0,"char":"ț","width":0,"height":0,"xoffset":-2,"yoffset":35,"xadvance":8,"chnl":15,"x":67,"y":175,"page":0},{"id":554,"index":0,"char":"Ȫ","width":0,"height":0,"xoffset":-2,"yoffset":35,"xadvance":8,"chnl":15,"x":105,"y":6,"page":0},{"id":555,"index":0,"char":"ȫ","width":0,"height":0,"xoffset":-2,"yoffset":35,"xadvance":8,"chnl":15,"x":133,"y":35,"page":0},{"id":556,"index":0,"char":"Ȭ","width":0,"height":0,"xoffset":-2,"yoffset":35,"xadvance":8,"chnl":15,"x":71,"y":332,"page":0},{"id":557,"index":0,"char":"ȭ","width":0,"height":0,"xoffset":-2,"yoffset":35,"xadvance":8,"chnl":15,"x":116,"y":209,"page":0},{"id":560,"index":0,"char":"Ȱ","width":0,"height":0,"xoffset":-2,"yoffset":35,"xadvance":8,"chnl":15,"x":175,"y":40,"page":0},{"id":561,"index":0,"char":"ȱ","width":0,"height":0,"xoffset":-2,"yoffset":35,"xadvance":8,"chnl":15,"x":159,"y":34,"page":0},{"id":562,"index":0,"char":"Ȳ","width":0,"height":0,"xoffset":-2,"yoffset":35,"xadvance":8,"chnl":15,"x":25,"y":677,"page":0},{"id":563,"index":0,"char":"ȳ","width":0,"height":0,"xoffset":-2,"yoffset":35,"xadvance":8,"chnl":15,"x":32,"y":639,"page":0},{"id":567,"index":0,"char":"ȷ","width":0,"height":0,"xoffset":-2,"yoffset":35,"xadvance":8,"chnl":15,"x":168,"y":230,"page":0},{"id":601,"index":0,"char":"ə","width":0,"height":0,"xoffset":-2,"yoffset":35,"xadvance":8,"chnl":15,"x":162,"y":156,"page":0},{"id":697,"index":0,"char":"ʹ","width":0,"height":0,"xoffset":-2,"yoffset":35,"xadvance":8,"chnl":15,"x":66,"y":601,"page":0},{"id":698,"index":0,"char":"ʺ","width":0,"height":0,"xoffset":-2,"yoffset":35,"xadvance":8,"chnl":15,"x":137,"y":440,"page":0},{"id":699,"index":0,"char":"ʻ","width":0,"height":0,"xoffset":-2,"yoffset":35,"xadvance":8,"chnl":15,"x":60,"y":116,"page":0},{"id":700,"index":0,"char":"ʼ","width":0,"height":0,"xoffset":-2,"yoffset":35,"xadvance":8,"chnl":15,"x":182,"y":87,"page":0},{"id":702,"index":0,"char":"ʾ","width":0,"height":0,"xoffset":-2,"yoffset":35,"xadvance":8,"chnl":15,"x":184,"y":290,"page":0},{"id":703,"index":0,"char":"ʿ","width":0,"height":0,"xoffset":-2,"yoffset":35,"xadvance":8,"chnl":15,"x":226,"y":170,"page":0},{"id":712,"index":0,"char":"ˈ","width":0,"height":0,"xoffset":-2,"yoffset":35,"xadvance":8,"chnl":15,"x":116,"y":533,"page":0},{"id":713,"index":0,"char":"ˉ","width":0,"height":0,"xoffset":-2,"yoffset":35,"xadvance":8,"chnl":15,"x":81,"y":399,"page":0},{"id":714,"index":0,"char":"ˊ","width":0,"height":0,"xoffset":-2,"yoffset":35,"xadvance":8,"chnl":15,"x":115,"y":316,"page":0},{"id":715,"index":0,"char":"ˋ","width":0,"height":0,"xoffset":-2,"yoffset":35,"xadvance":8,"chnl":15,"x":218,"y":250,"page":0},{"id":716,"index":0,"char":"ˌ","width":0,"height":0,"xoffset":-2,"yoffset":35,"xadvance":8,"chnl":15,"x":44,"y":121,"page":0},{"id":7688,"index":0,"char":"Ḉ","width":0,"height":0,"xoffset":-2,"yoffset":35,"xadvance":8,"chnl":15,"x":231,"y":234,"page":0},{"id":7689,"index":0,"char":"ḉ","width":0,"height":0,"xoffset":-2,"yoffset":35,"xadvance":8,"chnl":15,"x":37,"y":335,"page":0},{"id":7692,"index":0,"char":"Ḍ","width":0,"height":0,"xoffset":-2,"yoffset":35,"xadvance":8,"chnl":15,"x":68,"y":175,"page":0},{"id":7693,"index":0,"char":"ḍ","width":0,"height":0,"xoffset":-2,"yoffset":35,"xadvance":8,"chnl":15,"x":105,"y":7,"page":0},{"id":7694,"index":0,"char":"Ḏ","width":0,"height":0,"xoffset":-2,"yoffset":35,"xadvance":8,"chnl":15,"x":134,"y":35,"page":0},{"id":7695,"index":0,"char":"ḏ","width":0,"height":0,"xoffset":-2,"yoffset":35,"xadvance":8,"chnl":15,"x":117,"y":209,"page":0},{"id":7700,"index":0,"char":"Ḕ","width":0,"height":0,"xoffset":-2,"yoffset":35,"xadvance":8,"chnl":15,"x":175,"y":41,"page":0},{"id":7701,"index":0,"char":"ḕ","width":0,"height":0,"xoffset":-2,"yoffset":35,"xadvance":8,"chnl":15,"x":160,"y":34,"page":0},{"id":7702,"index":0,"char":"Ḗ","width":0,"height":0,"xoffset":-2,"yoffset":35,"xadvance":8,"chnl":15,"x":26,"y":677,"page":0},{"id":7703,"index":0,"char":"ḗ","width":0,"height":0,"xoffset":-2,"yoffset":35,"xadvance":8,"chnl":15,"x":33,"y":639,"page":0},{"id":7708,"index":0,"char":"Ḝ","width":0,"height":0,"xoffset":-2,"yoffset":35,"xadvance":8,"chnl":15,"x":169,"y":230,"page":0},{"id":7709,"index":0,"char":"ḝ","width":0,"height":0,"xoffset":-2,"yoffset":35,"xadvance":8,"chnl":15,"x":162,"y":157,"page":0},{"id":7712,"index":0,"char":"Ḡ","width":0,"height":0,"xoffset":-2,"yoffset":35,"xadvance":8,"chnl":15,"x":67,"y":601,"page":0},{"id":7713,"index":0,"char":"ḡ","width":0,"height":0,"xoffset":-2,"yoffset":35,"xadvance":8,"chnl":15,"x":138,"y":440,"page":0},{"id":7716,"index":0,"char":"Ḥ","width":0,"height":0,"xoffset":-2,"yoffset":35,"xadvance":8,"chnl":15,"x":60,"y":117,"page":0},{"id":7717,"index":0,"char":"ḥ","width":0,"height":0,"xoffset":-2,"yoffset":35,"xadvance":8,"chnl":15,"x":183,"y":87,"page":0},{"id":7722,"index":0,"char":"Ḫ","width":0,"height":0,"xoffset":-2,"yoffset":35,"xadvance":8,"chnl":15,"x":184,"y":291,"page":0},{"id":7723,"index":0,"char":"ḫ","width":0,"height":0,"xoffset":-2,"yoffset":35,"xadvance":8,"chnl":15,"x":227,"y":170,"page":0},{"id":7726,"index":0,"char":"Ḯ","width":0,"height":0,"xoffset":-2,"yoffset":35,"xadvance":8,"chnl":15,"x":117,"y":533,"page":0},{"id":7727,"index":0,"char":"ḯ","width":0,"height":0,"xoffset":-2,"yoffset":35,"xadvance":8,"chnl":15,"x":82,"y":399,"page":0},{"id":7728,"index":0,"char":"Ḱ","width":0,"height":0,"xoffset":-2,"yoffset":35,"xadvance":8,"chnl":15,"x":115,"y":317,"page":0},{"id":7729,"index":0,"char":"ḱ","width":0,"height":0,"xoffset":-2,"yoffset":35,"xadvance":8,"chnl":15,"x":219,"y":250,"page":0},{"id":7734,"index":0,"char":"Ḷ","width":0,"height":0,"xoffset":-2,"yoffset":35,"xadvance":8,"chnl":15,"x":44,"y":122,"page":0},{"id":7735,"index":0,"char":"ḷ","width":0,"height":0,"xoffset":-2,"yoffset":35,"xadvance":8,"chnl":15,"x":232,"y":234,"page":0},{"id":7738,"index":0,"char":"Ḻ","width":0,"height":0,"xoffset":-2,"yoffset":35,"xadvance":8,"chnl":15,"x":38,"y":335,"page":0},{"id":7739,"index":0,"char":"ḻ","width":0,"height":0,"xoffset":-2,"yoffset":35,"xadvance":8,"chnl":15,"x":69,"y":175,"page":0},{"id":7746,"index":0,"char":"Ṃ","width":0,"height":0,"xoffset":-2,"yoffset":35,"xadvance":8,"chnl":15,"x":105,"y":8,"page":0},{"id":7747,"index":0,"char":"ṃ","width":0,"height":0,"xoffset":-2,"yoffset":35,"xadvance":8,"chnl":15,"x":135,"y":35,"page":0},{"id":7748,"index":0,"char":"Ṅ","width":0,"height":0,"xoffset":-2,"yoffset":35,"xadvance":8,"chnl":15,"x":118,"y":209,"page":0},{"id":7749,"index":0,"char":"ṅ","width":0,"height":0,"xoffset":-2,"yoffset":35,"xadvance":8,"chnl":15,"x":175,"y":42,"page":0},{"id":7750,"index":0,"char":"Ṇ","width":0,"height":0,"xoffset":-2,"yoffset":35,"xadvance":8,"chnl":15,"x":161,"y":34,"page":0},{"id":7751,"index":0,"char":"ṇ","width":0,"height":0,"xoffset":-2,"yoffset":35,"xadvance":8,"chnl":15,"x":27,"y":677,"page":0},{"id":7752,"index":0,"char":"Ṉ","width":0,"height":0,"xoffset":-2,"yoffset":35,"xadvance":8,"chnl":15,"x":34,"y":639,"page":0},{"id":7753,"index":0,"char":"ṉ","width":0,"height":0,"xoffset":-2,"yoffset":35,"xadvance":8,"chnl":15,"x":170,"y":230,"page":0},{"id":7756,"index":0,"char":"Ṍ","width":0,"height":0,"xoffset":-2,"yoffset":35,"xadvance":8,"chnl":15,"x":162,"y":158,"page":0},{"id":7757,"index":0,"char":"ṍ","width":0,"height":0,"xoffset":-2,"yoffset":35,"xadvance":8,"chnl":15,"x":68,"y":601,"page":0},{"id":7758,"index":0,"char":"Ṏ","width":0,"height":0,"xoffset":-2,"yoffset":35,"xadvance":8,"chnl":15,"x":139,"y":440,"page":0},{"id":7759,"index":0,"char":"ṏ","width":0,"height":0,"xoffset":-2,"yoffset":35,"xadvance":8,"chnl":15,"x":60,"y":118,"page":0},{"id":7760,"index":0,"char":"Ṑ","width":0,"height":0,"xoffset":-2,"yoffset":35,"xadvance":8,"chnl":15,"x":184,"y":87,"page":0},{"id":7761,"index":0,"char":"ṑ","width":0,"height":0,"xoffset":-2,"yoffset":35,"xadvance":8,"chnl":15,"x":184,"y":292,"page":0},{"id":7762,"index":0,"char":"Ṓ","width":0,"height":0,"xoffset":-2,"yoffset":35,"xadvance":8,"chnl":15,"x":118,"y":533,"page":0},{"id":7763,"index":0,"char":"ṓ","width":0,"height":0,"xoffset":-2,"yoffset":35,"xadvance":8,"chnl":15,"x":83,"y":399,"page":0},{"id":7770,"index":0,"char":"Ṛ","width":0,"height":0,"xoffset":-2,"yoffset":35,"xadvance":8,"chnl":15,"x":115,"y":318,"page":0},{"id":7771,"index":0,"char":"ṛ","width":0,"height":0,"xoffset":-2,"yoffset":35,"xadvance":8,"chnl":15,"x":220,"y":250,"page":0},{"id":7774,"index":0,"char":"Ṟ","width":0,"height":0,"xoffset":-2,"yoffset":35,"xadvance":8,"chnl":15,"x":44,"y":123,"page":0},{"id":7775,"index":0,"char":"ṟ","width":0,"height":0,"xoffset":-2,"yoffset":35,"xadvance":8,"chnl":15,"x":233,"y":234,"page":0},{"id":7776,"index":0,"char":"Ṡ","width":0,"height":0,"xoffset":-2,"yoffset":35,"xadvance":8,"chnl":15,"x":39,"y":335,"page":0},{"id":7777,"index":0,"char":"ṡ","width":0,"height":0,"xoffset":-2,"yoffset":35,"xadvance":8,"chnl":15,"x":70,"y":175,"page":0},{"id":7778,"index":0,"char":"Ṣ","width":0,"height":0,"xoffset":-2,"yoffset":35,"xadvance":8,"chnl":15,"x":105,"y":9,"page":0},{"id":7779,"index":0,"char":"ṣ","width":0,"height":0,"xoffset":-2,"yoffset":35,"xadvance":8,"chnl":15,"x":136,"y":35,"page":0},{"id":7780,"index":0,"char":"Ṥ","width":0,"height":0,"xoffset":-2,"yoffset":35,"xadvance":8,"chnl":15,"x":119,"y":209,"page":0},{"id":7781,"index":0,"char":"ṥ","width":0,"height":0,"xoffset":-2,"yoffset":35,"xadvance":8,"chnl":15,"x":175,"y":43,"page":0},{"id":7782,"index":0,"char":"Ṧ","width":0,"height":0,"xoffset":-2,"yoffset":35,"xadvance":8,"chnl":15,"x":162,"y":34,"page":0},{"id":7783,"index":0,"char":"ṧ","width":0,"height":0,"xoffset":-2,"yoffset":35,"xadvance":8,"chnl":15,"x":35,"y":639,"page":0},{"id":7784,"index":0,"char":"Ṩ","width":0,"height":0,"xoffset":-2,"yoffset":35,"xadvance":8,"chnl":15,"x":171,"y":230,"page":0},{"id":7785,"index":0,"char":"ṩ","width":0,"height":0,"xoffset":-2,"yoffset":35,"xadvance":8,"chnl":15,"x":162,"y":159,"page":0},{"id":7788,"index":0,"char":"Ṭ","width":0,"height":0,"xoffset":-2,"yoffset":35,"xadvance":8,"chnl":15,"x":69,"y":601,"page":0},{"id":7789,"index":0,"char":"ṭ","width":0,"height":0,"xoffset":-2,"yoffset":35,"xadvance":8,"chnl":15,"x":140,"y":440,"page":0},{"id":7790,"index":0,"char":"Ṯ","width":0,"height":0,"xoffset":-2,"yoffset":35,"xadvance":8,"chnl":15,"x":60,"y":119,"page":0},{"id":7791,"index":0,"char":"ṯ","width":0,"height":0,"xoffset":-2,"yoffset":35,"xadvance":8,"chnl":15,"x":185,"y":87,"page":0},{"id":7800,"index":0,"char":"Ṹ","width":0,"height":0,"xoffset":-2,"yoffset":35,"xadvance":8,"chnl":15,"x":184,"y":293,"page":0},{"id":7801,"index":0,"char":"ṹ","width":0,"height":0,"xoffset":-2,"yoffset":35,"xadvance":8,"chnl":15,"x":119,"y":533,"page":0},{"id":7802,"index":0,"char":"Ṻ","width":0,"height":0,"xoffset":-2,"yoffset":35,"xadvance":8,"chnl":15,"x":84,"y":399,"page":0},{"id":7803,"index":0,"char":"ṻ","width":0,"height":0,"xoffset":-2,"yoffset":35,"xadvance":8,"chnl":15,"x":115,"y":319,"page":0},{"id":7808,"index":0,"char":"Ẁ","width":0,"height":0,"xoffset":-2,"yoffset":35,"xadvance":8,"chnl":15,"x":221,"y":250,"page":0},{"id":7809,"index":0,"char":"ẁ","width":0,"height":0,"xoffset":-2,"yoffset":35,"xadvance":8,"chnl":15,"x":44,"y":124,"page":0},{"id":7810,"index":0,"char":"Ẃ","width":0,"height":0,"xoffset":-2,"yoffset":35,"xadvance":8,"chnl":15,"x":234,"y":234,"page":0},{"id":7811,"index":0,"char":"ẃ","width":0,"height":0,"xoffset":-2,"yoffset":35,"xadvance":8,"chnl":15,"x":40,"y":335,"page":0},{"id":7812,"index":0,"char":"Ẅ","width":0,"height":0,"xoffset":-2,"yoffset":35,"xadvance":8,"chnl":15,"x":71,"y":175,"page":0},{"id":7813,"index":0,"char":"ẅ","width":0,"height":0,"xoffset":-2,"yoffset":35,"xadvance":8,"chnl":15,"x":105,"y":10,"page":0},{"id":7822,"index":0,"char":"Ẏ","width":0,"height":0,"xoffset":-2,"yoffset":35,"xadvance":8,"chnl":15,"x":137,"y":35,"page":0},{"id":7823,"index":0,"char":"ẏ","width":0,"height":0,"xoffset":-2,"yoffset":35,"xadvance":8,"chnl":15,"x":175,"y":44,"page":0},{"id":7826,"index":0,"char":"Ẓ","width":0,"height":0,"xoffset":-2,"yoffset":35,"xadvance":8,"chnl":15,"x":163,"y":34,"page":0},{"id":7827,"index":0,"char":"ẓ","width":0,"height":0,"xoffset":-2,"yoffset":35,"xadvance":8,"chnl":15,"x":36,"y":639,"page":0},{"id":7831,"index":0,"char":"ẗ","width":0,"height":0,"xoffset":-2,"yoffset":35,"xadvance":8,"chnl":15,"x":172,"y":230,"page":0},{"id":7838,"index":0,"char":"ẞ","width":0,"height":0,"xoffset":-2,"yoffset":35,"xadvance":8,"chnl":15,"x":162,"y":160,"page":0},{"id":7840,"index":0,"char":"Ạ","width":0,"height":0,"xoffset":-2,"yoffset":35,"xadvance":8,"chnl":15,"x":141,"y":440,"page":0},{"id":7841,"index":0,"char":"ạ","width":0,"height":0,"xoffset":-2,"yoffset":35,"xadvance":8,"chnl":15,"x":60,"y":120,"page":0},{"id":7842,"index":0,"char":"Ả","width":0,"height":0,"xoffset":-2,"yoffset":35,"xadvance":8,"chnl":15,"x":186,"y":87,"page":0},{"id":7843,"index":0,"char":"ả","width":0,"height":0,"xoffset":-2,"yoffset":35,"xadvance":8,"chnl":15,"x":184,"y":294,"page":0},{"id":7844,"index":0,"char":"Ấ","width":0,"height":0,"xoffset":-2,"yoffset":35,"xadvance":8,"chnl":15,"x":120,"y":533,"page":0},{"id":7845,"index":0,"char":"ấ","width":0,"height":0,"xoffset":-2,"yoffset":35,"xadvance":8,"chnl":15,"x":85,"y":399,"page":0},{"id":7846,"index":0,"char":"Ầ","width":0,"height":0,"xoffset":-2,"yoffset":35,"xadvance":8,"chnl":15,"x":115,"y":320,"page":0},{"id":7847,"index":0,"char":"ầ","width":0,"height":0,"xoffset":-2,"yoffset":35,"xadvance":8,"chnl":15,"x":222,"y":250,"page":0},{"id":7848,"index":0,"char":"Ẩ","width":0,"height":0,"xoffset":-2,"yoffset":35,"xadvance":8,"chnl":15,"x":44,"y":125,"page":0},{"id":7849,"index":0,"char":"ẩ","width":0,"height":0,"xoffset":-2,"yoffset":35,"xadvance":8,"chnl":15,"x":235,"y":234,"page":0},{"id":7850,"index":0,"char":"Ẫ","width":0,"height":0,"xoffset":-2,"yoffset":35,"xadvance":8,"chnl":15,"x":72,"y":175,"page":0},{"id":7851,"index":0,"char":"ẫ","width":0,"height":0,"xoffset":-2,"yoffset":35,"xadvance":8,"chnl":15,"x":105,"y":11,"page":0},{"id":7852,"index":0,"char":"Ậ","width":0,"height":0,"xoffset":-2,"yoffset":35,"xadvance":8,"chnl":15,"x":138,"y":35,"page":0},{"id":7853,"index":0,"char":"ậ","width":0,"height":0,"xoffset":-2,"yoffset":35,"xadvance":8,"chnl":15,"x":175,"y":45,"page":0},{"id":7854,"index":0,"char":"Ắ","width":0,"height":0,"xoffset":-2,"yoffset":35,"xadvance":8,"chnl":15,"x":164,"y":34,"page":0},{"id":7855,"index":0,"char":"ắ","width":0,"height":0,"xoffset":-2,"yoffset":35,"xadvance":8,"chnl":15,"x":37,"y":639,"page":0},{"id":7856,"index":0,"char":"Ằ","width":0,"height":0,"xoffset":-2,"yoffset":35,"xadvance":8,"chnl":15,"x":173,"y":230,"page":0},{"id":7857,"index":0,"char":"ằ","width":0,"height":0,"xoffset":-2,"yoffset":35,"xadvance":8,"chnl":15,"x":162,"y":161,"page":0},{"id":7858,"index":0,"char":"Ẳ","width":0,"height":0,"xoffset":-2,"yoffset":35,"xadvance":8,"chnl":15,"x":142,"y":440,"page":0},{"id":7859,"index":0,"char":"ẳ","width":0,"height":0,"xoffset":-2,"yoffset":35,"xadvance":8,"chnl":15,"x":60,"y":121,"page":0},{"id":7860,"index":0,"char":"Ẵ","width":0,"height":0,"xoffset":-2,"yoffset":35,"xadvance":8,"chnl":15,"x":187,"y":87,"page":0},{"id":7861,"index":0,"char":"ẵ","width":0,"height":0,"xoffset":-2,"yoffset":35,"xadvance":8,"chnl":15,"x":184,"y":295,"page":0},{"id":7862,"index":0,"char":"Ặ","width":0,"height":0,"xoffset":-2,"yoffset":35,"xadvance":8,"chnl":15,"x":121,"y":533,"page":0},{"id":7863,"index":0,"char":"ặ","width":0,"height":0,"xoffset":-2,"yoffset":35,"xadvance":8,"chnl":15,"x":86,"y":399,"page":0},{"id":7864,"index":0,"char":"Ẹ","width":0,"height":0,"xoffset":-2,"yoffset":35,"xadvance":8,"chnl":15,"x":115,"y":321,"page":0},{"id":7865,"index":0,"char":"ẹ","width":0,"height":0,"xoffset":-2,"yoffset":35,"xadvance":8,"chnl":15,"x":223,"y":250,"page":0},{"id":7866,"index":0,"char":"Ẻ","width":0,"height":0,"xoffset":-2,"yoffset":35,"xadvance":8,"chnl":15,"x":44,"y":126,"page":0},{"id":7867,"index":0,"char":"ẻ","width":0,"height":0,"xoffset":-2,"yoffset":35,"xadvance":8,"chnl":15,"x":236,"y":234,"page":0},{"id":7868,"index":0,"char":"Ẽ","width":0,"height":0,"xoffset":-2,"yoffset":35,"xadvance":8,"chnl":15,"x":73,"y":175,"page":0},{"id":7869,"index":0,"char":"ẽ","width":0,"height":0,"xoffset":-2,"yoffset":35,"xadvance":8,"chnl":15,"x":105,"y":12,"page":0},{"id":7870,"index":0,"char":"Ế","width":0,"height":0,"xoffset":-2,"yoffset":35,"xadvance":8,"chnl":15,"x":139,"y":35,"page":0},{"id":7871,"index":0,"char":"ế","width":0,"height":0,"xoffset":-2,"yoffset":35,"xadvance":8,"chnl":15,"x":175,"y":46,"page":0},{"id":7872,"index":0,"char":"Ề","width":0,"height":0,"xoffset":-2,"yoffset":35,"xadvance":8,"chnl":15,"x":165,"y":34,"page":0},{"id":7873,"index":0,"char":"ề","width":0,"height":0,"xoffset":-2,"yoffset":35,"xadvance":8,"chnl":15,"x":38,"y":639,"page":0},{"id":7874,"index":0,"char":"Ể","width":0,"height":0,"xoffset":-2,"yoffset":35,"xadvance":8,"chnl":15,"x":174,"y":230,"page":0},{"id":7875,"index":0,"char":"ể","width":0,"height":0,"xoffset":-2,"yoffset":35,"xadvance":8,"chnl":15,"x":162,"y":162,"page":0},{"id":7876,"index":0,"char":"Ễ","width":0,"height":0,"xoffset":-2,"yoffset":35,"xadvance":8,"chnl":15,"x":143,"y":440,"page":0},{"id":7877,"index":0,"char":"ễ","width":0,"height":0,"xoffset":-2,"yoffset":35,"xadvance":8,"chnl":15,"x":60,"y":122,"page":0},{"id":7878,"index":0,"char":"Ệ","width":0,"height":0,"xoffset":-2,"yoffset":35,"xadvance":8,"chnl":15,"x":188,"y":87,"page":0},{"id":7879,"index":0,"char":"ệ","width":0,"height":0,"xoffset":-2,"yoffset":35,"xadvance":8,"chnl":15,"x":184,"y":296,"page":0},{"id":7880,"index":0,"char":"Ỉ","width":0,"height":0,"xoffset":-2,"yoffset":35,"xadvance":8,"chnl":15,"x":122,"y":533,"page":0},{"id":7881,"index":0,"char":"ỉ","width":0,"height":0,"xoffset":-2,"yoffset":35,"xadvance":8,"chnl":15,"x":87,"y":399,"page":0},{"id":7882,"index":0,"char":"Ị","width":0,"height":0,"xoffset":-2,"yoffset":35,"xadvance":8,"chnl":15,"x":115,"y":322,"page":0},{"id":7883,"index":0,"char":"ị","width":0,"height":0,"xoffset":-2,"yoffset":35,"xadvance":8,"chnl":15,"x":44,"y":127,"page":0},{"id":7884,"index":0,"char":"Ọ","width":0,"height":0,"xoffset":-2,"yoffset":35,"xadvance":8,"chnl":15,"x":237,"y":234,"page":0},{"id":7885,"index":0,"char":"ọ","width":0,"height":0,"xoffset":-2,"yoffset":35,"xadvance":8,"chnl":15,"x":74,"y":175,"page":0},{"id":7886,"index":0,"char":"Ỏ","width":0,"height":0,"xoffset":-2,"yoffset":35,"xadvance":8,"chnl":15,"x":105,"y":13,"page":0},{"id":7887,"index":0,"char":"ỏ","width":0,"height":0,"xoffset":-2,"yoffset":35,"xadvance":8,"chnl":15,"x":140,"y":35,"page":0},{"id":7888,"index":0,"char":"Ố","width":0,"height":0,"xoffset":-2,"yoffset":35,"xadvance":8,"chnl":15,"x":175,"y":47,"page":0},{"id":7889,"index":0,"char":"ố","width":0,"height":0,"xoffset":-2,"yoffset":35,"xadvance":8,"chnl":15,"x":166,"y":34,"page":0},{"id":7890,"index":0,"char":"Ồ","width":0,"height":0,"xoffset":-2,"yoffset":35,"xadvance":8,"chnl":15,"x":39,"y":639,"page":0},{"id":7891,"index":0,"char":"ồ","width":0,"height":0,"xoffset":-2,"yoffset":35,"xadvance":8,"chnl":15,"x":175,"y":230,"page":0},{"id":7892,"index":0,"char":"Ổ","width":0,"height":0,"xoffset":-2,"yoffset":35,"xadvance":8,"chnl":15,"x":162,"y":163,"page":0},{"id":7893,"index":0,"char":"ổ","width":0,"height":0,"xoffset":-2,"yoffset":35,"xadvance":8,"chnl":15,"x":60,"y":123,"page":0},{"id":7894,"index":0,"char":"Ỗ","width":0,"height":0,"xoffset":-2,"yoffset":35,"xadvance":8,"chnl":15,"x":189,"y":87,"page":0},{"id":7895,"index":0,"char":"ỗ","width":0,"height":0,"xoffset":-2,"yoffset":35,"xadvance":8,"chnl":15,"x":184,"y":297,"page":0},{"id":7896,"index":0,"char":"Ộ","width":0,"height":0,"xoffset":-2,"yoffset":35,"xadvance":8,"chnl":15,"x":123,"y":533,"page":0},{"id":7897,"index":0,"char":"ộ","width":0,"height":0,"xoffset":-2,"yoffset":35,"xadvance":8,"chnl":15,"x":88,"y":399,"page":0},{"id":7898,"index":0,"char":"Ớ","width":0,"height":0,"xoffset":-2,"yoffset":35,"xadvance":8,"chnl":15,"x":115,"y":323,"page":0},{"id":7899,"index":0,"char":"ớ","width":0,"height":0,"xoffset":-2,"yoffset":35,"xadvance":8,"chnl":15,"x":44,"y":128,"page":0},{"id":7900,"index":0,"char":"Ờ","width":0,"height":0,"xoffset":-2,"yoffset":35,"xadvance":8,"chnl":15,"x":238,"y":234,"page":0},{"id":7901,"index":0,"char":"ờ","width":0,"height":0,"xoffset":-2,"yoffset":35,"xadvance":8,"chnl":15,"x":75,"y":175,"page":0},{"id":7902,"index":0,"char":"Ở","width":0,"height":0,"xoffset":-2,"yoffset":35,"xadvance":8,"chnl":15,"x":105,"y":14,"page":0},{"id":7903,"index":0,"char":"ở","width":0,"height":0,"xoffset":-2,"yoffset":35,"xadvance":8,"chnl":15,"x":175,"y":48,"page":0},{"id":7904,"index":0,"char":"Ỡ","width":0,"height":0,"xoffset":-2,"yoffset":35,"xadvance":8,"chnl":15,"x":167,"y":34,"page":0},{"id":7905,"index":0,"char":"ỡ","width":0,"height":0,"xoffset":-2,"yoffset":35,"xadvance":8,"chnl":15,"x":176,"y":230,"page":0},{"id":7906,"index":0,"char":"Ợ","width":0,"height":0,"xoffset":-2,"yoffset":35,"xadvance":8,"chnl":15,"x":162,"y":164,"page":0},{"id":7907,"index":0,"char":"ợ","width":0,"height":0,"xoffset":-2,"yoffset":35,"xadvance":8,"chnl":15,"x":60,"y":124,"page":0},{"id":7908,"index":0,"char":"Ụ","width":0,"height":0,"xoffset":-2,"yoffset":35,"xadvance":8,"chnl":15,"x":190,"y":87,"page":0},{"id":7909,"index":0,"char":"ụ","width":0,"height":0,"xoffset":-2,"yoffset":35,"xadvance":8,"chnl":15,"x":184,"y":298,"page":0},{"id":7910,"index":0,"char":"Ủ","width":0,"height":0,"xoffset":-2,"yoffset":35,"xadvance":8,"chnl":15,"x":89,"y":399,"page":0},{"id":7911,"index":0,"char":"ủ","width":0,"height":0,"xoffset":-2,"yoffset":35,"xadvance":8,"chnl":15,"x":76,"y":175,"page":0},{"id":7912,"index":0,"char":"Ứ","width":0,"height":0,"xoffset":-2,"yoffset":35,"xadvance":8,"chnl":15,"x":105,"y":15,"page":0},{"id":7913,"index":0,"char":"ứ","width":0,"height":0,"xoffset":-2,"yoffset":35,"xadvance":8,"chnl":15,"x":175,"y":49,"page":0},{"id":7914,"index":0,"char":"Ừ","width":0,"height":0,"xoffset":-2,"yoffset":35,"xadvance":8,"chnl":15,"x":168,"y":34,"page":0},{"id":7915,"index":0,"char":"ừ","width":0,"height":0,"xoffset":-2,"yoffset":35,"xadvance":8,"chnl":15,"x":177,"y":230,"page":0},{"id":7916,"index":0,"char":"Ử","width":0,"height":0,"xoffset":-2,"yoffset":35,"xadvance":8,"chnl":15,"x":162,"y":165,"page":0},{"id":7917,"index":0,"char":"ử","width":0,"height":0,"xoffset":-2,"yoffset":35,"xadvance":8,"chnl":15,"x":60,"y":125,"page":0},{"id":7918,"index":0,"char":"Ữ","width":0,"height":0,"xoffset":-2,"yoffset":35,"xadvance":8,"chnl":15,"x":191,"y":87,"page":0},{"id":7919,"index":0,"char":"ữ","width":0,"height":0,"xoffset":-2,"yoffset":35,"xadvance":8,"chnl":15,"x":184,"y":299,"page":0},{"id":7920,"index":0,"char":"Ự","width":0,"height":0,"xoffset":-2,"yoffset":35,"xadvance":8,"chnl":15,"x":90,"y":399,"page":0},{"id":7921,"index":0,"char":"ự","width":0,"height":0,"xoffset":-2,"yoffset":35,"xadvance":8,"chnl":15,"x":77,"y":175,"page":0},{"id":7922,"index":0,"char":"Ỳ","width":0,"height":0,"xoffset":-2,"yoffset":35,"xadvance":8,"chnl":15,"x":105,"y":16,"page":0},{"id":7923,"index":0,"char":"ỳ","width":0,"height":0,"xoffset":-2,"yoffset":35,"xadvance":8,"chnl":15,"x":175,"y":50,"page":0},{"id":7924,"index":0,"char":"Ỵ","width":0,"height":0,"xoffset":-2,"yoffset":35,"xadvance":8,"chnl":15,"x":169,"y":34,"page":0},{"id":7925,"index":0,"char":"ỵ","width":0,"height":0,"xoffset":-2,"yoffset":35,"xadvance":8,"chnl":15,"x":178,"y":230,"page":0},{"id":7926,"index":0,"char":"Ỷ","width":0,"height":0,"xoffset":-2,"yoffset":35,"xadvance":8,"chnl":15,"x":162,"y":166,"page":0},{"id":7927,"index":0,"char":"ỷ","width":0,"height":0,"xoffset":-2,"yoffset":35,"xadvance":8,"chnl":15,"x":60,"y":126,"page":0},{"id":7928,"index":0,"char":"Ỹ","width":0,"height":0,"xoffset":-2,"yoffset":35,"xadvance":8,"chnl":15,"x":192,"y":87,"page":0},{"id":7929,"index":0,"char":"ỹ","width":0,"height":0,"xoffset":-2,"yoffset":35,"xadvance":8,"chnl":15,"x":184,"y":300,"page":0},{"id":8192,"index":0,"char":" ","width":0,"height":0,"xoffset":-2,"yoffset":35,"xadvance":8,"chnl":15,"x":91,"y":399,"page":0},{"id":8193,"index":0,"char":" ","width":0,"height":0,"xoffset":-2,"yoffset":35,"xadvance":8,"chnl":15,"x":78,"y":175,"page":0},{"id":8194,"index":0,"char":" ","width":0,"height":0,"xoffset":-2,"yoffset":35,"xadvance":8,"chnl":15,"x":105,"y":17,"page":0},{"id":8195,"index":0,"char":" ","width":0,"height":0,"xoffset":-2,"yoffset":35,"xadvance":8,"chnl":15,"x":175,"y":51,"page":0},{"id":8196,"index":0,"char":" ","width":0,"height":0,"xoffset":-2,"yoffset":35,"xadvance":8,"chnl":15,"x":170,"y":34,"page":0},{"id":8197,"index":0,"char":" ","width":0,"height":0,"xoffset":-2,"yoffset":35,"xadvance":8,"chnl":15,"x":179,"y":230,"page":0},{"id":8198,"index":0,"char":" ","width":0,"height":0,"xoffset":-2,"yoffset":35,"xadvance":8,"chnl":15,"x":162,"y":167,"page":0},{"id":8199,"index":0,"char":" ","width":0,"height":0,"xoffset":-2,"yoffset":35,"xadvance":8,"chnl":15,"x":60,"y":127,"page":0},{"id":8200,"index":0,"char":" ","width":0,"height":0,"xoffset":-2,"yoffset":35,"xadvance":8,"chnl":15,"x":92,"y":399,"page":0},{"id":8201,"index":0,"char":" ","width":0,"height":0,"xoffset":-2,"yoffset":35,"xadvance":8,"chnl":15,"x":79,"y":175,"page":0},{"id":8202,"index":0,"char":" ","width":0,"height":0,"xoffset":-2,"yoffset":35,"xadvance":8,"chnl":15,"x":105,"y":18,"page":0},{"id":8203,"index":0,"char":"​","width":0,"height":0,"xoffset":-2,"yoffset":35,"xadvance":8,"chnl":15,"x":175,"y":52,"page":0},{"id":8208,"index":0,"char":"‐","width":0,"height":0,"xoffset":-2,"yoffset":35,"xadvance":8,"chnl":15,"x":171,"y":34,"page":0},{"id":8209,"index":0,"char":"‑","width":0,"height":0,"xoffset":-2,"yoffset":35,"xadvance":8,"chnl":15,"x":162,"y":168,"page":0},{"id":8210,"index":0,"char":"‒","width":0,"height":0,"xoffset":-2,"yoffset":35,"xadvance":8,"chnl":15,"x":60,"y":128,"page":0},{"id":8213,"index":0,"char":"―","width":0,"height":0,"xoffset":-2,"yoffset":35,"xadvance":8,"chnl":15,"x":80,"y":175,"page":0},{"id":8224,"index":0,"char":"†","width":0,"height":0,"xoffset":-2,"yoffset":35,"xadvance":8,"chnl":15,"x":105,"y":19,"page":0},{"id":8225,"index":0,"char":"‡","width":0,"height":0,"xoffset":-2,"yoffset":35,"xadvance":8,"chnl":15,"x":175,"y":53,"page":0},{"id":8240,"index":0,"char":"‰","width":0,"height":0,"xoffset":-2,"yoffset":35,"xadvance":8,"chnl":15,"x":172,"y":34,"page":0},{"id":8242,"index":0,"char":"′","width":0,"height":0,"xoffset":-2,"yoffset":35,"xadvance":8,"chnl":15,"x":60,"y":129,"page":0},{"id":8243,"index":0,"char":"″","width":0,"height":0,"xoffset":-2,"yoffset":35,"xadvance":8,"chnl":15,"x":81,"y":175,"page":0},{"id":8244,"index":0,"char":"‴","width":0,"height":0,"xoffset":-2,"yoffset":35,"xadvance":8,"chnl":15,"x":105,"y":20,"page":0},{"id":8245,"index":0,"char":"‵","width":0,"height":0,"xoffset":-2,"yoffset":35,"xadvance":8,"chnl":15,"x":175,"y":54,"page":0},{"id":8274,"index":0,"char":"⁒","width":0,"height":0,"xoffset":-2,"yoffset":35,"xadvance":8,"chnl":15,"x":173,"y":34,"page":0},{"id":8353,"index":0,"char":"₡","width":0,"height":0,"xoffset":-2,"yoffset":35,"xadvance":8,"chnl":15,"x":60,"y":130,"page":0},{"id":8355,"index":0,"char":"₣","width":0,"height":0,"xoffset":-2,"yoffset":35,"xadvance":8,"chnl":15,"x":82,"y":175,"page":0},{"id":8356,"index":0,"char":"₤","width":0,"height":0,"xoffset":-2,"yoffset":35,"xadvance":8,"chnl":15,"x":105,"y":21,"page":0},{"id":8358,"index":0,"char":"₦","width":0,"height":0,"xoffset":-2,"yoffset":35,"xadvance":8,"chnl":15,"x":175,"y":55,"page":0},{"id":8359,"index":0,"char":"₧","width":0,"height":0,"xoffset":-2,"yoffset":35,"xadvance":8,"chnl":15,"x":174,"y":34,"page":0},{"id":8361,"index":0,"char":"₩","width":0,"height":0,"xoffset":-2,"yoffset":35,"xadvance":8,"chnl":15,"x":60,"y":131,"page":0},{"id":8363,"index":0,"char":"₫","width":0,"height":0,"xoffset":-2,"yoffset":35,"xadvance":8,"chnl":15,"x":83,"y":175,"page":0},{"id":8364,"index":0,"char":"€","width":0,"height":0,"xoffset":-2,"yoffset":35,"xadvance":8,"chnl":15,"x":105,"y":22,"page":0},{"id":8365,"index":0,"char":"₭","width":0,"height":0,"xoffset":-2,"yoffset":35,"xadvance":8,"chnl":15,"x":175,"y":56,"page":0},{"id":8366,"index":0,"char":"₮","width":0,"height":0,"xoffset":-2,"yoffset":35,"xadvance":8,"chnl":15,"x":60,"y":132,"page":0},{"id":8369,"index":0,"char":"₱","width":0,"height":0,"xoffset":-2,"yoffset":35,"xadvance":8,"chnl":15,"x":84,"y":175,"page":0},{"id":8370,"index":0,"char":"₲","width":0,"height":0,"xoffset":-2,"yoffset":35,"xadvance":8,"chnl":15,"x":105,"y":23,"page":0},{"id":8372,"index":0,"char":"₴","width":0,"height":0,"xoffset":-2,"yoffset":35,"xadvance":8,"chnl":15,"x":60,"y":133,"page":0},{"id":8373,"index":0,"char":"₵","width":0,"height":0,"xoffset":-2,"yoffset":35,"xadvance":8,"chnl":15,"x":85,"y":175,"page":0},{"id":8376,"index":0,"char":"₸","width":0,"height":0,"xoffset":-2,"yoffset":35,"xadvance":8,"chnl":15,"x":105,"y":24,"page":0},{"id":8377,"index":0,"char":"₹","width":0,"height":0,"xoffset":-2,"yoffset":35,"xadvance":8,"chnl":15,"x":60,"y":134,"page":0},{"id":8378,"index":0,"char":"₺","width":0,"height":0,"xoffset":-2,"yoffset":35,"xadvance":8,"chnl":15,"x":86,"y":175,"page":0},{"id":8380,"index":0,"char":"₼","width":0,"height":0,"xoffset":-2,"yoffset":35,"xadvance":8,"chnl":15,"x":105,"y":25,"page":0},{"id":8381,"index":0,"char":"₽","width":0,"height":0,"xoffset":-2,"yoffset":35,"xadvance":8,"chnl":15,"x":60,"y":135,"page":0},{"id":8592,"index":0,"char":"←","width":0,"height":0,"xoffset":-2,"yoffset":35,"xadvance":8,"chnl":15,"x":105,"y":26,"page":0},{"id":8593,"index":0,"char":"↑","width":0,"height":0,"xoffset":-2,"yoffset":35,"xadvance":8,"chnl":15,"x":60,"y":136,"page":0},{"id":8594,"index":0,"char":"→","width":0,"height":0,"xoffset":-2,"yoffset":35,"xadvance":8,"chnl":15,"x":105,"y":27,"page":0},{"id":8595,"index":0,"char":"↓","width":0,"height":0,"xoffset":-2,"yoffset":35,"xadvance":8,"chnl":15,"x":60,"y":137,"page":0},{"id":8706,"index":0,"char":"∂","width":0,"height":0,"xoffset":-2,"yoffset":35,"xadvance":8,"chnl":15,"x":105,"y":28,"page":0},{"id":8709,"index":0,"char":"∅","width":0,"height":0,"xoffset":-2,"yoffset":35,"xadvance":8,"chnl":15,"x":105,"y":29,"page":0},{"id":8710,"index":0,"char":"∆","width":0,"height":0,"xoffset":-2,"yoffset":35,"xadvance":8,"chnl":15,"x":105,"y":30,"page":0},{"id":8719,"index":0,"char":"∏","width":0,"height":0,"xoffset":-2,"yoffset":35,"xadvance":8,"chnl":15,"x":105,"y":31,"page":0},{"id":8721,"index":0,"char":"∑","width":0,"height":0,"xoffset":-2,"yoffset":35,"xadvance":8,"chnl":15,"x":105,"y":32,"page":0},{"id":8725,"index":0,"char":"∕","width":0,"height":0,"xoffset":-2,"yoffset":35,"xadvance":8,"chnl":15,"x":105,"y":33,"page":0},{"id":8729,"index":0,"char":"∙","width":0,"height":0,"xoffset":-2,"yoffset":35,"xadvance":8,"chnl":15,"x":73,"y":108,"page":0},{"id":8730,"index":0,"char":"√","width":0,"height":0,"xoffset":-2,"yoffset":35,"xadvance":8,"chnl":15,"x":73,"y":109,"page":0},{"id":8734,"index":0,"char":"∞","width":0,"height":0,"xoffset":-2,"yoffset":35,"xadvance":8,"chnl":15,"x":83,"y":70,"page":0},{"id":8747,"index":0,"char":"∫","width":0,"height":0,"xoffset":-2,"yoffset":35,"xadvance":8,"chnl":15,"x":83,"y":71,"page":0},{"id":8758,"index":0,"char":"∶","width":0,"height":0,"xoffset":-2,"yoffset":35,"xadvance":8,"chnl":15,"x":83,"y":144,"page":0},{"id":8776,"index":0,"char":"≈","width":0,"height":0,"xoffset":-2,"yoffset":35,"xadvance":8,"chnl":15,"x":83,"y":145,"page":0},{"id":8800,"index":0,"char":"≠","width":0,"height":0,"xoffset":-2,"yoffset":35,"xadvance":8,"chnl":15,"x":95,"y":106,"page":0},{"id":8801,"index":0,"char":"≡","width":0,"height":0,"xoffset":-2,"yoffset":35,"xadvance":8,"chnl":15,"x":95,"y":107,"page":0},{"id":8802,"index":0,"char":"≢","width":0,"height":0,"xoffset":-2,"yoffset":35,"xadvance":8,"chnl":15,"x":43,"y":333,"page":0},{"id":8804,"index":0,"char":"≤","width":0,"height":0,"xoffset":-2,"yoffset":35,"xadvance":8,"chnl":15,"x":43,"y":334,"page":0},{"id":8805,"index":0,"char":"≥","width":0,"height":0,"xoffset":-2,"yoffset":35,"xadvance":8,"chnl":15,"x":50,"y":507,"page":0}],"info":{"face":"Lancelot-Regular","size":42,"bold":0,"italic":0,"charset":["!","\"","#","$","%","&","'","(",")","*","+",",","-",".","/","0","1","2","3","4","5","6","7","8","9",":",";","<","=",">","?","@","A","B","C","D","E","F","G","H","I","J","K","L","M","N","O","P","Q","R","S","T","U","V","W","X","Y","Z","[","\\","]","^","_","`","a","b","c","d","e","f","g","h","i","j","k","l","m","n","o","p","q","r","s","t","u","v","w","x","y","z","{","|","}","~"," ","¡","¢","£","¤","¥","¦","§","¨","©","ª","«","¬","­","®","¯","°","±","²","³","´","µ","¶","·","¸","¹","º","»","¼","½","¾","¿","À","Á","Â","Ã","Ä","Å","Æ","Ç","È","É","Ê","Ë","Ì","Í","Î","Ï","Ð","Ñ","Ò","Ó","Ô","Õ","Ö","×","Ø","Ù","Ú","Û","Ü","Ý","Þ","ß","à","á","â","ã","ä","å","æ","ç","è","é","ê","ë","ì","í","î","ï","ð","ñ","ò","ó","ô","õ","ö","÷","ø","ù","ú","û","ü","ý","þ","ÿ","Ā","ā","Ă","ă","Ą","ą","Ć","ć","Ĉ","ĉ","Ċ","ċ","Č","č","Ď","ď","Đ","đ","Ē","ē","Ĕ","ĕ","Ė","ė","Ę","ę","Ě","ě","Ĝ","ĝ","Ğ","ğ","Ġ","ġ","Ģ","ģ","Ĥ","ĥ","Ħ","ħ","Ĩ","ĩ","Ī","ī","Ĭ","ĭ","Į","į","İ","ı","Ĵ","ĵ","Ķ","ķ","ĸ","Ĺ","ĺ","Ļ","ļ","Ľ","ľ","Ŀ","ŀ","Ł","ł","Ń","ń","Ņ","ņ","Ň","ň","Ŋ","ŋ","Ō","ō","Ŏ","ŏ","Ő","ő","Œ","œ","Ŕ","ŕ","Ŗ","ŗ","Ř","ř","Ś","ś","Ŝ","ŝ","Ş","ş","Š","š","Ţ","ţ","Ť","ť","Ŧ","ŧ","Ũ","ũ","Ū","ū","Ŭ","ŭ","Ů","ů","Ű","ű","Ų","ų","Ŵ","ŵ","Ŷ","ŷ","Ÿ","Ź","ź","Ż","ż","Ž","ž","Ə","ƒ","Ơ","ơ","Ư","ư","Ǆ","ǅ","ǆ","Ǉ","ǈ","ǉ","Ǌ","ǋ","ǌ","Ǎ","ǎ","Ǐ","ǐ","Ǒ","ǒ","Ǔ","ǔ","Ǖ","ǖ","Ǘ","ǘ","Ǚ","ǚ","Ǜ","ǜ","Ǧ","ǧ","Ǫ","ǫ","Ǻ","ǻ","Ǽ","ǽ","Ǿ","ǿ","Ȁ","ȁ","Ȃ","ȃ","Ȅ","ȅ","Ȇ","ȇ","Ȉ","ȉ","Ȋ","ȋ","Ȍ","ȍ","Ȏ","ȏ","Ȑ","ȑ","Ȓ","ȓ","Ȕ","ȕ","Ȗ","ȗ","Ș","ș","Ț","ț","Ȫ","ȫ","Ȭ","ȭ","Ȱ","ȱ","Ȳ","ȳ","ȷ","ə","ʹ","ʺ","ʻ","ʼ","ʾ","ʿ","ˆ","ˇ","ˈ","ˉ","ˊ","ˋ","ˌ","˘","˙","˚","˛","˜","˝","Ḉ","ḉ","Ḍ","ḍ","Ḏ","ḏ","Ḕ","ḕ","Ḗ","ḗ","Ḝ","ḝ","Ḡ","ḡ","Ḥ","ḥ","Ḫ","ḫ","Ḯ","ḯ","Ḱ","ḱ","Ḷ","ḷ","Ḻ","ḻ","Ṃ","ṃ","Ṅ","ṅ","Ṇ","ṇ","Ṉ","ṉ","Ṍ","ṍ","Ṏ","ṏ","Ṑ","ṑ","Ṓ","ṓ","Ṛ","ṛ","Ṟ","ṟ","Ṡ","ṡ","Ṣ","ṣ","Ṥ","ṥ","Ṧ","ṧ","Ṩ","ṩ","Ṭ","ṭ","Ṯ","ṯ","Ṹ","ṹ","Ṻ","ṻ","Ẁ","ẁ","Ẃ","ẃ","Ẅ","ẅ","Ẏ","ẏ","Ẓ","ẓ","ẗ","ẞ","Ạ","ạ","Ả","ả","Ấ","ấ","Ầ","ầ","Ẩ","ẩ","Ẫ","ẫ","Ậ","ậ","Ắ","ắ","Ằ","ằ","Ẳ","ẳ","Ẵ","ẵ","Ặ","ặ","Ẹ","ẹ","Ẻ","ẻ","Ẽ","ẽ","Ế","ế","Ề","ề","Ể","ể","Ễ","ễ","Ệ","ệ","Ỉ","ỉ","Ị","ị","Ọ","ọ","Ỏ","ỏ","Ố","ố","Ồ","ồ","Ổ","ổ","Ỗ","ỗ","Ộ","ộ","Ớ","ớ","Ờ","ờ","Ở","ở","Ỡ","ỡ","Ợ","ợ","Ụ","ụ","Ủ","ủ","Ứ","ứ","Ừ","ừ","Ử","ử","Ữ","ữ","Ự","ự","Ỳ","ỳ","Ỵ","ỵ","Ỷ","ỷ","Ỹ","ỹ"," "," "," "," "," "," "," "," "," "," "," ","​","‐","‑","‒","–","—","―","‘","’","‚","“","”","„","†","‡","•","…","‰","′","″","‴","‵","‹","›","⁄","⁒","₡","₣","₤","₦","₧","₩","₫","€","₭","₮","₱","₲","₴","₵","₸","₹","₺","₼","₽","←","↑","→","↓","∂","∅","∆","∏","∑","−","∕","∙","√","∞","∫","∶","≈","≠","≡","≢","≤","≥"],"unicode":1,"stretchH":100,"smooth":1,"aa":1,"padding":[2,2,2,2],"spacing":[0,0]},"common":{"lineHeight":46,"base":35,"scaleW":1024,"scaleH":1024,"pages":1,"packed":0,"alphaChnl":0,"redChnl":0,"greenChnl":0,"blueChnl":0},"distanceField":{"fieldType":"msdf","distanceRange":4},"kernings":[]}