{"pages":["Orbitron-VariableFontwght.png"],"chars":[{"id":198,"index":8,"char":"Æ","width":58,"height":34,"xoffset":0,"yoffset":14,"xadvance":58,"chnl":15,"x":0,"y":0,"page":0},{"id":338,"index":38,"char":"Œ","width":58,"height":34,"xoffset":0,"yoffset":14,"xadvance":58,"chnl":15,"x":59,"y":0,"page":0},{"id":87,"index":51,"char":"W","width":51,"height":34,"xoffset":-1,"yoffset":14,"xadvance":50,"chnl":15,"x":118,"y":0,"page":0},{"id":230,"index":86,"char":"æ","width":50,"height":28,"xoffset":0,"yoffset":20,"xadvance":49,"chnl":15,"x":170,"y":0,"page":0},{"id":339,"index":117,"char":"œ","width":50,"height":28,"xoffset":0,"yoffset":20,"xadvance":49,"chnl":15,"x":221,"y":0,"page":0},{"id":106,"index":105,"char":"j","width":19,"height":47,"xoffset":-10,"yoffset":12,"xadvance":10,"chnl":15,"x":272,"y":0,"page":0},{"id":119,"index":131,"char":"w","width":46,"height":28,"xoffset":-1,"yoffset":20,"xadvance":45,"chnl":15,"x":170,"y":29,"page":0},{"id":253,"index":134,"char":"ý","width":29,"height":46,"xoffset":0,"yoffset":11,"xadvance":29,"chnl":15,"x":217,"y":29,"page":0},{"id":195,"index":7,"char":"Ã","width":34,"height":45,"xoffset":0,"yoffset":3,"xadvance":35,"chnl":15,"x":0,"y":35,"page":0},{"id":209,"index":31,"char":"Ñ","width":34,"height":45,"xoffset":0,"yoffset":3,"xadvance":35,"chnl":15,"x":35,"y":35,"page":0},{"id":213,"index":37,"char":"Õ","width":34,"height":45,"xoffset":0,"yoffset":3,"xadvance":35,"chnl":15,"x":70,"y":35,"page":0},{"id":36,"index":219,"char":"$","width":35,"height":44,"xoffset":-1,"yoffset":9,"xadvance":33,"chnl":15,"x":105,"y":35,"page":0},{"id":124,"index":234,"char":"|","width":7,"height":44,"xoffset":0,"yoffset":9,"xadvance":9,"chnl":15,"x":247,"y":29,"page":0},{"id":194,"index":3,"char":"Â","width":34,"height":44,"xoffset":0,"yoffset":4,"xadvance":35,"chnl":15,"x":141,"y":58,"page":0},{"id":197,"index":6,"char":"Å","width":34,"height":44,"xoffset":0,"yoffset":4,"xadvance":35,"chnl":15,"x":105,"y":80,"page":0},{"id":202,"index":15,"char":"Ê","width":32,"height":44,"xoffset":0,"yoffset":4,"xadvance":32,"chnl":15,"x":176,"y":58,"page":0},{"id":206,"index":23,"char":"Î","width":14,"height":44,"xoffset":-2,"yoffset":4,"xadvance":9,"chnl":15,"x":255,"y":29,"page":0},{"id":212,"index":34,"char":"Ô","width":34,"height":44,"xoffset":0,"yoffset":4,"xadvance":35,"chnl":15,"x":0,"y":81,"page":0},{"id":219,"index":47,"char":"Û","width":34,"height":44,"xoffset":0,"yoffset":4,"xadvance":35,"chnl":15,"x":35,"y":81,"page":0},{"id":255,"index":135,"char":"ÿ","width":29,"height":44,"xoffset":0,"yoffset":14,"xadvance":29,"chnl":15,"x":70,"y":81,"page":0},{"id":86,"index":50,"char":"V","width":43,"height":34,"xoffset":-1,"yoffset":14,"xadvance":42,"chnl":15,"x":292,"y":0,"page":0},{"id":192,"index":5,"char":"À","width":34,"height":43,"xoffset":0,"yoffset":5,"xadvance":35,"chnl":15,"x":336,"y":0,"page":0},{"id":193,"index":2,"char":"Á","width":34,"height":43,"xoffset":0,"yoffset":5,"xadvance":35,"chnl":15,"x":292,"y":35,"page":0},{"id":200,"index":17,"char":"È","width":32,"height":43,"xoffset":0,"yoffset":5,"xadvance":32,"chnl":15,"x":247,"y":74,"page":0},{"id":201,"index":14,"char":"É","width":32,"height":43,"xoffset":0,"yoffset":5,"xadvance":32,"chnl":15,"x":209,"y":76,"page":0},{"id":204,"index":25,"char":"Ì","width":9,"height":43,"xoffset":0,"yoffset":5,"xadvance":9,"chnl":15,"x":280,"y":48,"page":0},{"id":205,"index":22,"char":"Í","width":9,"height":43,"xoffset":1,"yoffset":5,"xadvance":9,"chnl":15,"x":140,"y":103,"page":0},{"id":210,"index":36,"char":"Ò","width":34,"height":43,"xoffset":0,"yoffset":5,"xadvance":35,"chnl":15,"x":100,"y":125,"page":0},{"id":211,"index":33,"char":"Ó","width":34,"height":43,"xoffset":0,"yoffset":5,"xadvance":35,"chnl":15,"x":150,"y":103,"page":0},{"id":217,"index":49,"char":"Ù","width":34,"height":43,"xoffset":0,"yoffset":5,"xadvance":35,"chnl":15,"x":0,"y":126,"page":0},{"id":218,"index":46,"char":"Ú","width":34,"height":43,"xoffset":0,"yoffset":5,"xadvance":35,"chnl":15,"x":35,"y":126,"page":0},{"id":221,"index":54,"char":"Ý","width":35,"height":43,"xoffset":-1,"yoffset":5,"xadvance":34,"chnl":15,"x":371,"y":0,"page":0},{"id":352,"index":43,"char":"Š","width":34,"height":42,"xoffset":0,"yoffset":6,"xadvance":35,"chnl":15,"x":407,"y":0,"page":0},{"id":381,"index":57,"char":"Ž","width":34,"height":42,"xoffset":0,"yoffset":6,"xadvance":34,"chnl":15,"x":442,"y":0,"page":0},{"id":37,"index":229,"char":"%","width":41,"height":34,"xoffset":0,"yoffset":14,"xadvance":41,"chnl":15,"x":477,"y":0,"page":0},{"id":109,"index":108,"char":"m","width":41,"height":28,"xoffset":0,"yoffset":20,"xadvance":41,"chnl":15,"x":519,"y":0,"page":0},{"id":38,"index":231,"char":"&","width":40,"height":34,"xoffset":0,"yoffset":14,"xadvance":39,"chnl":15,"x":561,"y":0,"page":0},{"id":196,"index":4,"char":"Ä","width":34,"height":40,"xoffset":0,"yoffset":8,"xadvance":35,"chnl":15,"x":519,"y":29,"page":0},{"id":199,"index":11,"char":"Ç","width":34,"height":40,"xoffset":0,"yoffset":14,"xadvance":35,"chnl":15,"x":477,"y":35,"page":0},{"id":203,"index":16,"char":"Ë","width":32,"height":40,"xoffset":0,"yoffset":8,"xadvance":32,"chnl":15,"x":407,"y":43,"page":0},{"id":207,"index":24,"char":"Ï","width":15,"height":40,"xoffset":-3,"yoffset":8,"xadvance":9,"chnl":15,"x":185,"y":103,"page":0},{"id":214,"index":35,"char":"Ö","width":34,"height":40,"xoffset":0,"yoffset":8,"xadvance":35,"chnl":15,"x":440,"y":43,"page":0},{"id":220,"index":48,"char":"Ü","width":34,"height":40,"xoffset":0,"yoffset":8,"xadvance":35,"chnl":15,"x":327,"y":44,"page":0},{"id":376,"index":55,"char":"Ÿ","width":35,"height":40,"xoffset":-1,"yoffset":8,"xadvance":34,"chnl":15,"x":290,"y":79,"page":0},{"id":162,"index":218,"char":"¢","width":29,"height":39,"xoffset":-1,"yoffset":14,"xadvance":27,"chnl":15,"x":70,"y":126,"page":0},{"id":227,"index":85,"char":"ã","width":29,"height":39,"xoffset":0,"yoffset":9,"xadvance":29,"chnl":15,"x":70,"y":166,"page":0},{"id":241,"index":110,"char":"ñ","width":29,"height":39,"xoffset":0,"yoffset":9,"xadvance":29,"chnl":15,"x":362,"y":44,"page":0},{"id":245,"index":116,"char":"õ","width":29,"height":39,"xoffset":0,"yoffset":9,"xadvance":29,"chnl":15,"x":242,"y":118,"page":0},{"id":77,"index":29,"char":"M","width":38,"height":34,"xoffset":0,"yoffset":14,"xadvance":39,"chnl":15,"x":201,"y":120,"page":0},{"id":81,"index":40,"char":"Q","width":38,"height":34,"xoffset":0,"yoffset":14,"xadvance":37,"chnl":15,"x":135,"y":147,"page":0},{"id":103,"index":97,"char":"g","width":29,"height":38,"xoffset":0,"yoffset":20,"xadvance":29,"chnl":15,"x":100,"y":169,"page":0},{"id":112,"index":118,"char":"p","width":29,"height":38,"xoffset":0,"yoffset":20,"xadvance":28,"chnl":15,"x":174,"y":155,"page":0},{"id":113,"index":119,"char":"q","width":29,"height":38,"xoffset":-1,"yoffset":20,"xadvance":28,"chnl":15,"x":204,"y":155,"page":0},{"id":121,"index":133,"char":"y","width":29,"height":38,"xoffset":0,"yoffset":20,"xadvance":29,"chnl":15,"x":130,"y":182,"page":0},{"id":226,"index":81,"char":"â","width":29,"height":38,"xoffset":0,"yoffset":10,"xadvance":29,"chnl":15,"x":0,"y":170,"page":0},{"id":229,"index":84,"char":"å","width":29,"height":38,"xoffset":0,"yoffset":10,"xadvance":29,"chnl":15,"x":30,"y":170,"page":0},{"id":234,"index":93,"char":"ê","width":29,"height":38,"xoffset":0,"yoffset":10,"xadvance":29,"chnl":15,"x":60,"y":206,"page":0},{"id":238,"index":102,"char":"î","width":14,"height":38,"xoffset":-3,"yoffset":10,"xadvance":9,"chnl":15,"x":392,"y":44,"page":0},{"id":244,"index":113,"char":"ô","width":29,"height":38,"xoffset":0,"yoffset":10,"xadvance":29,"chnl":15,"x":90,"y":208,"page":0},{"id":251,"index":127,"char":"û","width":29,"height":38,"xoffset":0,"yoffset":10,"xadvance":29,"chnl":15,"x":0,"y":209,"page":0},{"id":224,"index":83,"char":"à","width":29,"height":37,"xoffset":0,"yoffset":11,"xadvance":29,"chnl":15,"x":30,"y":209,"page":0},{"id":225,"index":80,"char":"á","width":29,"height":37,"xoffset":0,"yoffset":11,"xadvance":29,"chnl":15,"x":60,"y":245,"page":0},{"id":232,"index":95,"char":"è","width":29,"height":37,"xoffset":0,"yoffset":11,"xadvance":29,"chnl":15,"x":30,"y":247,"page":0},{"id":233,"index":92,"char":"é","width":29,"height":37,"xoffset":0,"yoffset":11,"xadvance":29,"chnl":15,"x":0,"y":248,"page":0},{"id":236,"index":104,"char":"ì","width":9,"height":37,"xoffset":0,"yoffset":11,"xadvance":9,"chnl":15,"x":280,"y":92,"page":0},{"id":237,"index":101,"char":"í","width":9,"height":37,"xoffset":1,"yoffset":11,"xadvance":9,"chnl":15,"x":120,"y":208,"page":0},{"id":242,"index":115,"char":"ò","width":29,"height":37,"xoffset":0,"yoffset":11,"xadvance":29,"chnl":15,"x":602,"y":0,"page":0},{"id":243,"index":112,"char":"ó","width":29,"height":37,"xoffset":0,"yoffset":11,"xadvance":29,"chnl":15,"x":554,"y":35,"page":0},{"id":249,"index":129,"char":"ù","width":29,"height":37,"xoffset":0,"yoffset":11,"xadvance":29,"chnl":15,"x":512,"y":70,"page":0},{"id":250,"index":126,"char":"ú","width":29,"height":37,"xoffset":0,"yoffset":11,"xadvance":29,"chnl":15,"x":475,"y":76,"page":0},{"id":98,"index":87,"char":"b","width":29,"height":36,"xoffset":0,"yoffset":12,"xadvance":28,"chnl":15,"x":362,"y":84,"page":0},{"id":100,"index":90,"char":"d","width":29,"height":36,"xoffset":-1,"yoffset":12,"xadvance":28,"chnl":15,"x":326,"y":85,"page":0},{"id":102,"index":96,"char":"f","width":18,"height":36,"xoffset":0,"yoffset":12,"xadvance":17,"chnl":15,"x":290,"y":120,"page":0},{"id":104,"index":98,"char":"h","width":29,"height":36,"xoffset":0,"yoffset":12,"xadvance":28,"chnl":15,"x":392,"y":84,"page":0},{"id":105,"index":99,"char":"i","width":7,"height":36,"xoffset":0,"yoffset":12,"xadvance":9,"chnl":15,"x":234,"y":155,"page":0},{"id":107,"index":106,"char":"k","width":28,"height":36,"xoffset":0,"yoffset":12,"xadvance":27,"chnl":15,"x":422,"y":84,"page":0},{"id":108,"index":107,"char":"l","width":13,"height":36,"xoffset":0,"yoffset":12,"xadvance":13,"chnl":15,"x":160,"y":182,"page":0},{"id":116,"index":124,"char":"t","width":18,"height":36,"xoffset":0,"yoffset":12,"xadvance":17,"chnl":15,"x":451,"y":84,"page":0},{"id":353,"index":122,"char":"š","width":29,"height":36,"xoffset":0,"yoffset":12,"xadvance":29,"chnl":15,"x":632,"y":0,"page":0},{"id":382,"index":137,"char":"ž","width":29,"height":36,"xoffset":0,"yoffset":12,"xadvance":29,"chnl":15,"x":662,"y":0,"page":0},{"id":35,"index":195,"char":"#","width":35,"height":34,"xoffset":-1,"yoffset":14,"xadvance":33,"chnl":15,"x":692,"y":0,"page":0},{"id":48,"index":170,"char":"0","width":35,"height":34,"xoffset":0,"yoffset":14,"xadvance":35,"chnl":15,"x":728,"y":0,"page":0},{"id":50,"index":172,"char":"2","width":35,"height":34,"xoffset":0,"yoffset":14,"xadvance":35,"chnl":15,"x":764,"y":0,"page":0},{"id":51,"index":173,"char":"3","width":35,"height":34,"xoffset":0,"yoffset":14,"xadvance":35,"chnl":15,"x":800,"y":0,"page":0},{"id":53,"index":175,"char":"5","width":35,"height":34,"xoffset":0,"yoffset":14,"xadvance":35,"chnl":15,"x":836,"y":0,"page":0},{"id":54,"index":176,"char":"6","width":35,"height":34,"xoffset":0,"yoffset":14,"xadvance":34,"chnl":15,"x":872,"y":0,"page":0},{"id":56,"index":178,"char":"8","width":35,"height":34,"xoffset":0,"yoffset":14,"xadvance":35,"chnl":15,"x":908,"y":0,"page":0},{"id":57,"index":179,"char":"9","width":35,"height":34,"xoffset":0,"yoffset":14,"xadvance":35,"chnl":15,"x":944,"y":0,"page":0},{"id":64,"index":230,"char":"@","width":35,"height":34,"xoffset":0,"yoffset":14,"xadvance":35,"chnl":15,"x":980,"y":0,"page":0},{"id":72,"index":20,"char":"H","width":35,"height":34,"xoffset":0,"yoffset":14,"xadvance":36,"chnl":15,"x":692,"y":35,"page":0},{"id":89,"index":53,"char":"Y","width":35,"height":34,"xoffset":-1,"yoffset":14,"xadvance":34,"chnl":15,"x":632,"y":37,"page":0},{"id":95,"index":208,"char":"_","width":35,"height":7,"xoffset":0,"yoffset":44,"xadvance":35,"chnl":15,"x":584,"y":38,"page":0},{"id":118,"index":130,"char":"v","width":35,"height":28,"xoffset":-1,"yoffset":20,"xadvance":33,"chnl":15,"x":584,"y":46,"page":0},{"id":161,"index":190,"char":"¡","width":7,"height":35,"xoffset":0,"yoffset":13,"xadvance":9,"chnl":15,"x":60,"y":170,"page":0},{"id":182,"index":232,"char":"¶","width":35,"height":34,"xoffset":0,"yoffset":14,"xadvance":35,"chnl":15,"x":542,"y":73,"page":0},{"id":191,"index":192,"char":"¿","width":31,"height":35,"xoffset":-1,"yoffset":13,"xadvance":28,"chnl":15,"x":728,"y":35,"page":0},{"id":223,"index":123,"char":"ß","width":35,"height":34,"xoffset":0,"yoffset":14,"xadvance":35,"chnl":15,"x":668,"y":70,"page":0},{"id":33,"index":189,"char":"!","width":7,"height":34,"xoffset":0,"yoffset":14,"xadvance":9,"chnl":15,"x":272,"y":118,"page":0},{"id":40,"index":199,"char":"(","width":10,"height":34,"xoffset":0,"yoffset":14,"xadvance":12,"chnl":15,"x":620,"y":38,"page":0},{"id":41,"index":200,"char":")","width":10,"height":34,"xoffset":0,"yoffset":14,"xadvance":12,"chnl":15,"x":309,"y":120,"page":0},{"id":47,"index":196,"char":"/","width":25,"height":34,"xoffset":-2,"yoffset":14,"xadvance":22,"chnl":15,"x":631,"y":72,"page":0},{"id":49,"index":171,"char":"1","width":17,"height":34,"xoffset":-2,"yoffset":14,"xadvance":16,"chnl":15,"x":272,"y":153,"page":0},{"id":52,"index":174,"char":"4","width":33,"height":34,"xoffset":-2,"yoffset":14,"xadvance":31,"chnl":15,"x":578,"y":75,"page":0},{"id":55,"index":177,"char":"7","width":29,"height":34,"xoffset":-2,"yoffset":14,"xadvance":28,"chnl":15,"x":242,"y":158,"page":0},{"id":59,"index":187,"char":";","width":7,"height":34,"xoffset":0,"yoffset":19,"xadvance":8,"chnl":15,"x":234,"y":192,"page":0},{"id":63,"index":191,"char":"?","width":31,"height":34,"xoffset":-1,"yoffset":14,"xadvance":28,"chnl":15,"x":174,"y":194,"page":0},{"id":65,"index":1,"char":"A","width":34,"height":34,"xoffset":0,"yoffset":14,"xadvance":35,"chnl":15,"x":130,"y":221,"page":0},{"id":66,"index":9,"char":"B","width":34,"height":34,"xoffset":0,"yoffset":14,"xadvance":35,"chnl":15,"x":90,"y":247,"page":0},{"id":67,"index":10,"char":"C","width":34,"height":34,"xoffset":0,"yoffset":14,"xadvance":35,"chnl":15,"x":505,"y":108,"page":0},{"id":68,"index":12,"char":"D","width":34,"height":34,"xoffset":0,"yoffset":14,"xadvance":35,"chnl":15,"x":470,"y":114,"page":0},{"id":69,"index":13,"char":"E","width":32,"height":34,"xoffset":0,"yoffset":14,"xadvance":32,"chnl":15,"x":540,"y":108,"page":0},{"id":70,"index":18,"char":"F","width":32,"height":34,"xoffset":0,"yoffset":14,"xadvance":30,"chnl":15,"x":356,"y":121,"page":0},{"id":71,"index":19,"char":"G","width":34,"height":34,"xoffset":0,"yoffset":14,"xadvance":35,"chnl":15,"x":320,"y":122,"page":0},{"id":73,"index":21,"char":"I","width":7,"height":34,"xoffset":1,"yoffset":14,"xadvance":9,"chnl":15,"x":1016,"y":0,"page":0},{"id":74,"index":26,"char":"J","width":34,"height":34,"xoffset":-2,"yoffset":14,"xadvance":33,"chnl":15,"x":389,"y":121,"page":0},{"id":75,"index":27,"char":"K","width":33,"height":34,"xoffset":0,"yoffset":14,"xadvance":33,"chnl":15,"x":424,"y":121,"page":0},{"id":76,"index":28,"char":"L","width":34,"height":34,"xoffset":0,"yoffset":14,"xadvance":33,"chnl":15,"x":760,"y":35,"page":0},{"id":78,"index":30,"char":"N","width":34,"height":34,"xoffset":0,"yoffset":14,"xadvance":35,"chnl":15,"x":795,"y":35,"page":0},{"id":79,"index":32,"char":"O","width":34,"height":34,"xoffset":0,"yoffset":14,"xadvance":35,"chnl":15,"x":830,"y":35,"page":0},{"id":80,"index":39,"char":"P","width":34,"height":34,"xoffset":0,"yoffset":14,"xadvance":33,"chnl":15,"x":865,"y":35,"page":0},{"id":82,"index":41,"char":"R","width":34,"height":34,"xoffset":0,"yoffset":14,"xadvance":35,"chnl":15,"x":900,"y":35,"page":0},{"id":83,"index":42,"char":"S","width":34,"height":34,"xoffset":0,"yoffset":14,"xadvance":35,"chnl":15,"x":935,"y":35,"page":0},{"id":84,"index":44,"char":"T","width":34,"height":34,"xoffset":-1,"yoffset":14,"xadvance":32,"chnl":15,"x":970,"y":35,"page":0},{"id":85,"index":45,"char":"U","width":34,"height":34,"xoffset":0,"yoffset":14,"xadvance":35,"chnl":15,"x":760,"y":70,"page":0},{"id":88,"index":52,"char":"X","width":34,"height":34,"xoffset":0,"yoffset":14,"xadvance":34,"chnl":15,"x":704,"y":71,"page":0},{"id":90,"index":56,"char":"Z","width":34,"height":34,"xoffset":0,"yoffset":14,"xadvance":34,"chnl":15,"x":657,"y":105,"page":0},{"id":91,"index":203,"char":"[","width":10,"height":34,"xoffset":0,"yoffset":14,"xadvance":12,"chnl":15,"x":620,"y":73,"page":0},{"id":92,"index":197,"char":"\\","width":25,"height":34,"xoffset":-2,"yoffset":14,"xadvance":22,"chnl":15,"x":631,"y":107,"page":0},{"id":93,"index":204,"char":"]","width":10,"height":34,"xoffset":0,"yoffset":14,"xadvance":12,"chnl":15,"x":309,"y":155,"page":0},{"id":94,"index":0,"char":"^","width":23,"height":34,"xoffset":-1,"yoffset":14,"xadvance":21,"chnl":15,"x":206,"y":194,"page":0},{"id":123,"index":201,"char":"{","width":12,"height":34,"xoffset":-1,"yoffset":14,"xadvance":12,"chnl":15,"x":612,"y":108,"page":0},{"id":125,"index":202,"char":"}","width":12,"height":34,"xoffset":0,"yoffset":14,"xadvance":12,"chnl":15,"x":290,"y":157,"page":0},{"id":163,"index":220,"char":"£","width":31,"height":34,"xoffset":0,"yoffset":14,"xadvance":31,"chnl":15,"x":573,"y":110,"page":0},{"id":164,"index":0,"char":"¤","width":23,"height":34,"xoffset":-1,"yoffset":14,"xadvance":21,"chnl":15,"x":505,"y":143,"page":0},{"id":165,"index":0,"char":"¥","width":23,"height":34,"xoffset":-1,"yoffset":14,"xadvance":21,"chnl":15,"x":529,"y":143,"page":0},{"id":166,"index":0,"char":"¦","width":23,"height":34,"xoffset":-1,"yoffset":14,"xadvance":21,"chnl":15,"x":458,"y":149,"page":0},{"id":167,"index":0,"char":"§","width":23,"height":34,"xoffset":-1,"yoffset":14,"xadvance":21,"chnl":15,"x":355,"y":156,"page":0},{"id":169,"index":0,"char":"©","width":23,"height":34,"xoffset":-1,"yoffset":14,"xadvance":21,"chnl":15,"x":320,"y":157,"page":0},{"id":170,"index":0,"char":"ª","width":23,"height":34,"xoffset":-1,"yoffset":14,"xadvance":21,"chnl":15,"x":379,"y":156,"page":0},{"id":171,"index":0,"char":"«","width":23,"height":34,"xoffset":-1,"yoffset":14,"xadvance":21,"chnl":15,"x":403,"y":156,"page":0},{"id":172,"index":0,"char":"¬","width":23,"height":34,"xoffset":-1,"yoffset":14,"xadvance":21,"chnl":15,"x":427,"y":156,"page":0},{"id":173,"index":0,"char":"­","width":23,"height":34,"xoffset":-1,"yoffset":14,"xadvance":21,"chnl":15,"x":795,"y":70,"page":0},{"id":174,"index":0,"char":"®","width":23,"height":34,"xoffset":-1,"yoffset":14,"xadvance":21,"chnl":15,"x":819,"y":70,"page":0},{"id":177,"index":0,"char":"±","width":23,"height":34,"xoffset":-1,"yoffset":14,"xadvance":21,"chnl":15,"x":843,"y":70,"page":0},{"id":178,"index":0,"char":"²","width":23,"height":34,"xoffset":-1,"yoffset":14,"xadvance":21,"chnl":15,"x":867,"y":70,"page":0},{"id":179,"index":0,"char":"³","width":23,"height":34,"xoffset":-1,"yoffset":14,"xadvance":21,"chnl":15,"x":891,"y":70,"page":0},{"id":181,"index":0,"char":"µ","width":23,"height":34,"xoffset":-1,"yoffset":14,"xadvance":21,"chnl":15,"x":915,"y":70,"page":0},{"id":183,"index":0,"char":"·","width":23,"height":34,"xoffset":-1,"yoffset":14,"xadvance":21,"chnl":15,"x":939,"y":70,"page":0},{"id":185,"index":0,"char":"¹","width":23,"height":34,"xoffset":-1,"yoffset":14,"xadvance":21,"chnl":15,"x":963,"y":70,"page":0},{"id":186,"index":0,"char":"º","width":23,"height":34,"xoffset":-1,"yoffset":14,"xadvance":21,"chnl":15,"x":987,"y":70,"page":0},{"id":187,"index":0,"char":"»","width":23,"height":34,"xoffset":-1,"yoffset":14,"xadvance":21,"chnl":15,"x":739,"y":105,"page":0},{"id":188,"index":0,"char":"¼","width":23,"height":34,"xoffset":-1,"yoffset":14,"xadvance":21,"chnl":15,"x":692,"y":106,"page":0},{"id":189,"index":0,"char":"½","width":23,"height":34,"xoffset":-1,"yoffset":14,"xadvance":21,"chnl":15,"x":657,"y":140,"page":0},{"id":190,"index":0,"char":"¾","width":23,"height":34,"xoffset":-1,"yoffset":14,"xadvance":21,"chnl":15,"x":625,"y":142,"page":0},{"id":208,"index":0,"char":"Ð","width":23,"height":34,"xoffset":-1,"yoffset":14,"xadvance":21,"chnl":15,"x":553,"y":145,"page":0},{"id":216,"index":0,"char":"Ø","width":23,"height":34,"xoffset":-1,"yoffset":14,"xadvance":21,"chnl":15,"x":577,"y":145,"page":0},{"id":222,"index":0,"char":"Þ","width":23,"height":34,"xoffset":-1,"yoffset":14,"xadvance":21,"chnl":15,"x":601,"y":145,"page":0},{"id":228,"index":82,"char":"ä","width":29,"height":34,"xoffset":0,"yoffset":14,"xadvance":29,"chnl":15,"x":482,"y":178,"page":0},{"id":231,"index":89,"char":"ç","width":29,"height":34,"xoffset":0,"yoffset":20,"xadvance":29,"chnl":15,"x":451,"y":184,"page":0},{"id":235,"index":94,"char":"ë","width":29,"height":34,"xoffset":0,"yoffset":14,"xadvance":29,"chnl":15,"x":512,"y":178,"page":0},{"id":239,"index":103,"char":"ï","width":15,"height":34,"xoffset":-3,"yoffset":14,"xadvance":9,"chnl":15,"x":1005,"y":35,"page":0},{"id":240,"index":0,"char":"ð","width":23,"height":34,"xoffset":-1,"yoffset":14,"xadvance":21,"chnl":15,"x":344,"y":191,"page":0},{"id":246,"index":114,"char":"ö","width":29,"height":34,"xoffset":0,"yoffset":14,"xadvance":29,"chnl":15,"x":272,"y":192,"page":0},{"id":248,"index":0,"char":"ø","width":23,"height":34,"xoffset":-1,"yoffset":14,"xadvance":21,"chnl":15,"x":242,"y":193,"page":0},{"id":252,"index":128,"char":"ü","width":29,"height":34,"xoffset":0,"yoffset":14,"xadvance":29,"chnl":15,"x":302,"y":192,"page":0},{"id":254,"index":0,"char":"þ","width":23,"height":34,"xoffset":-1,"yoffset":14,"xadvance":21,"chnl":15,"x":368,"y":191,"page":0},{"id":256,"index":0,"char":"Ā","width":23,"height":34,"xoffset":-1,"yoffset":14,"xadvance":21,"chnl":15,"x":392,"y":191,"page":0},{"id":257,"index":0,"char":"ā","width":23,"height":34,"xoffset":-1,"yoffset":14,"xadvance":21,"chnl":15,"x":416,"y":191,"page":0},{"id":258,"index":0,"char":"Ă","width":23,"height":34,"xoffset":-1,"yoffset":14,"xadvance":21,"chnl":15,"x":763,"y":105,"page":0},{"id":259,"index":0,"char":"ă","width":23,"height":34,"xoffset":-1,"yoffset":14,"xadvance":21,"chnl":15,"x":787,"y":105,"page":0},{"id":260,"index":0,"char":"Ą","width":23,"height":34,"xoffset":-1,"yoffset":14,"xadvance":21,"chnl":15,"x":811,"y":105,"page":0},{"id":261,"index":0,"char":"ą","width":23,"height":34,"xoffset":-1,"yoffset":14,"xadvance":21,"chnl":15,"x":835,"y":105,"page":0},{"id":262,"index":0,"char":"Ć","width":23,"height":34,"xoffset":-1,"yoffset":14,"xadvance":21,"chnl":15,"x":859,"y":105,"page":0},{"id":263,"index":0,"char":"ć","width":23,"height":34,"xoffset":-1,"yoffset":14,"xadvance":21,"chnl":15,"x":883,"y":105,"page":0},{"id":264,"index":0,"char":"Ĉ","width":23,"height":34,"xoffset":-1,"yoffset":14,"xadvance":21,"chnl":15,"x":907,"y":105,"page":0},{"id":265,"index":0,"char":"ĉ","width":23,"height":34,"xoffset":-1,"yoffset":14,"xadvance":21,"chnl":15,"x":931,"y":105,"page":0},{"id":266,"index":0,"char":"Ċ","width":23,"height":34,"xoffset":-1,"yoffset":14,"xadvance":21,"chnl":15,"x":955,"y":105,"page":0},{"id":267,"index":0,"char":"ċ","width":23,"height":34,"xoffset":-1,"yoffset":14,"xadvance":21,"chnl":15,"x":979,"y":105,"page":0},{"id":268,"index":0,"char":"Č","width":23,"height":34,"xoffset":-1,"yoffset":14,"xadvance":21,"chnl":15,"x":716,"y":140,"page":0},{"id":269,"index":0,"char":"č","width":23,"height":34,"xoffset":-1,"yoffset":14,"xadvance":21,"chnl":15,"x":681,"y":141,"page":0},{"id":270,"index":0,"char":"Ď","width":23,"height":34,"xoffset":-1,"yoffset":14,"xadvance":21,"chnl":15,"x":649,"y":175,"page":0},{"id":271,"index":0,"char":"ď","width":23,"height":34,"xoffset":-1,"yoffset":14,"xadvance":21,"chnl":15,"x":625,"y":177,"page":0},{"id":272,"index":0,"char":"Đ","width":23,"height":34,"xoffset":-1,"yoffset":14,"xadvance":21,"chnl":15,"x":542,"y":180,"page":0},{"id":273,"index":0,"char":"đ","width":23,"height":34,"xoffset":-1,"yoffset":14,"xadvance":21,"chnl":15,"x":566,"y":180,"page":0},{"id":274,"index":0,"char":"Ē","width":23,"height":34,"xoffset":-1,"yoffset":14,"xadvance":21,"chnl":15,"x":590,"y":180,"page":0},{"id":275,"index":0,"char":"ē","width":23,"height":34,"xoffset":-1,"yoffset":14,"xadvance":21,"chnl":15,"x":481,"y":213,"page":0},{"id":276,"index":0,"char":"Ĕ","width":23,"height":34,"xoffset":-1,"yoffset":14,"xadvance":21,"chnl":15,"x":505,"y":213,"page":0},{"id":277,"index":0,"char":"ĕ","width":23,"height":34,"xoffset":-1,"yoffset":14,"xadvance":21,"chnl":15,"x":440,"y":219,"page":0},{"id":278,"index":0,"char":"Ė","width":23,"height":34,"xoffset":-1,"yoffset":14,"xadvance":21,"chnl":15,"x":332,"y":226,"page":0},{"id":279,"index":0,"char":"ė","width":23,"height":34,"xoffset":-1,"yoffset":14,"xadvance":21,"chnl":15,"x":266,"y":227,"page":0},{"id":280,"index":0,"char":"Ę","width":23,"height":34,"xoffset":-1,"yoffset":14,"xadvance":21,"chnl":15,"x":230,"y":228,"page":0},{"id":281,"index":0,"char":"ę","width":23,"height":34,"xoffset":-1,"yoffset":14,"xadvance":21,"chnl":15,"x":290,"y":227,"page":0},{"id":282,"index":0,"char":"Ě","width":23,"height":34,"xoffset":-1,"yoffset":14,"xadvance":21,"chnl":15,"x":165,"y":229,"page":0},{"id":283,"index":0,"char":"ě","width":23,"height":34,"xoffset":-1,"yoffset":14,"xadvance":21,"chnl":15,"x":125,"y":256,"page":0},{"id":284,"index":0,"char":"Ĝ","width":23,"height":34,"xoffset":-1,"yoffset":14,"xadvance":21,"chnl":15,"x":90,"y":282,"page":0},{"id":285,"index":0,"char":"ĝ","width":23,"height":34,"xoffset":-1,"yoffset":14,"xadvance":21,"chnl":15,"x":60,"y":283,"page":0},{"id":286,"index":0,"char":"Ğ","width":23,"height":34,"xoffset":-1,"yoffset":14,"xadvance":21,"chnl":15,"x":30,"y":285,"page":0},{"id":287,"index":0,"char":"ğ","width":23,"height":34,"xoffset":-1,"yoffset":14,"xadvance":21,"chnl":15,"x":0,"y":286,"page":0},{"id":288,"index":0,"char":"Ġ","width":23,"height":34,"xoffset":-1,"yoffset":14,"xadvance":21,"chnl":15,"x":189,"y":229,"page":0},{"id":289,"index":0,"char":"ġ","width":23,"height":34,"xoffset":-1,"yoffset":14,"xadvance":21,"chnl":15,"x":356,"y":226,"page":0},{"id":290,"index":0,"char":"Ģ","width":23,"height":34,"xoffset":-1,"yoffset":14,"xadvance":21,"chnl":15,"x":380,"y":226,"page":0},{"id":291,"index":0,"char":"ģ","width":23,"height":34,"xoffset":-1,"yoffset":14,"xadvance":21,"chnl":15,"x":404,"y":226,"page":0},{"id":292,"index":0,"char":"Ĥ","width":23,"height":34,"xoffset":-1,"yoffset":14,"xadvance":21,"chnl":15,"x":740,"y":140,"page":0},{"id":293,"index":0,"char":"ĥ","width":23,"height":34,"xoffset":-1,"yoffset":14,"xadvance":21,"chnl":15,"x":764,"y":140,"page":0},{"id":294,"index":0,"char":"Ħ","width":23,"height":34,"xoffset":-1,"yoffset":14,"xadvance":21,"chnl":15,"x":788,"y":140,"page":0},{"id":295,"index":0,"char":"ħ","width":23,"height":34,"xoffset":-1,"yoffset":14,"xadvance":21,"chnl":15,"x":812,"y":140,"page":0},{"id":296,"index":0,"char":"Ĩ","width":23,"height":34,"xoffset":-1,"yoffset":14,"xadvance":21,"chnl":15,"x":836,"y":140,"page":0},{"id":297,"index":0,"char":"ĩ","width":23,"height":34,"xoffset":-1,"yoffset":14,"xadvance":21,"chnl":15,"x":860,"y":140,"page":0},{"id":298,"index":0,"char":"Ī","width":23,"height":34,"xoffset":-1,"yoffset":14,"xadvance":21,"chnl":15,"x":884,"y":140,"page":0},{"id":299,"index":0,"char":"ī","width":23,"height":34,"xoffset":-1,"yoffset":14,"xadvance":21,"chnl":15,"x":908,"y":140,"page":0},{"id":300,"index":0,"char":"Ĭ","width":23,"height":34,"xoffset":-1,"yoffset":14,"xadvance":21,"chnl":15,"x":932,"y":140,"page":0},{"id":301,"index":0,"char":"ĭ","width":23,"height":34,"xoffset":-1,"yoffset":14,"xadvance":21,"chnl":15,"x":956,"y":140,"page":0},{"id":302,"index":0,"char":"Į","width":23,"height":34,"xoffset":-1,"yoffset":14,"xadvance":21,"chnl":15,"x":980,"y":140,"page":0},{"id":303,"index":0,"char":"į","width":23,"height":34,"xoffset":-1,"yoffset":14,"xadvance":21,"chnl":15,"x":705,"y":175,"page":0},{"id":304,"index":0,"char":"İ","width":23,"height":34,"xoffset":-1,"yoffset":14,"xadvance":21,"chnl":15,"x":673,"y":176,"page":0},{"id":308,"index":0,"char":"Ĵ","width":23,"height":34,"xoffset":-1,"yoffset":14,"xadvance":21,"chnl":15,"x":649,"y":210,"page":0},{"id":309,"index":0,"char":"ĵ","width":23,"height":34,"xoffset":-1,"yoffset":14,"xadvance":21,"chnl":15,"x":614,"y":212,"page":0},{"id":310,"index":0,"char":"Ķ","width":23,"height":34,"xoffset":-1,"yoffset":14,"xadvance":21,"chnl":15,"x":529,"y":215,"page":0},{"id":311,"index":0,"char":"ķ","width":23,"height":34,"xoffset":-1,"yoffset":14,"xadvance":21,"chnl":15,"x":553,"y":215,"page":0},{"id":312,"index":0,"char":"ĸ","width":23,"height":34,"xoffset":-1,"yoffset":14,"xadvance":21,"chnl":15,"x":577,"y":215,"page":0},{"id":313,"index":0,"char":"Ĺ","width":23,"height":34,"xoffset":-1,"yoffset":14,"xadvance":21,"chnl":15,"x":464,"y":248,"page":0},{"id":314,"index":0,"char":"ĺ","width":23,"height":34,"xoffset":-1,"yoffset":14,"xadvance":21,"chnl":15,"x":428,"y":254,"page":0},{"id":315,"index":0,"char":"Ļ","width":23,"height":34,"xoffset":-1,"yoffset":14,"xadvance":21,"chnl":15,"x":488,"y":248,"page":0},{"id":316,"index":0,"char":"ļ","width":23,"height":34,"xoffset":-1,"yoffset":14,"xadvance":21,"chnl":15,"x":314,"y":261,"page":0},{"id":317,"index":0,"char":"Ľ","width":23,"height":34,"xoffset":-1,"yoffset":14,"xadvance":21,"chnl":15,"x":254,"y":262,"page":0},{"id":318,"index":0,"char":"ľ","width":23,"height":34,"xoffset":-1,"yoffset":14,"xadvance":21,"chnl":15,"x":278,"y":262,"page":0},{"id":319,"index":0,"char":"Ŀ","width":23,"height":34,"xoffset":-1,"yoffset":14,"xadvance":21,"chnl":15,"x":213,"y":263,"page":0},{"id":320,"index":0,"char":"ŀ","width":23,"height":34,"xoffset":-1,"yoffset":14,"xadvance":21,"chnl":15,"x":149,"y":264,"page":0},{"id":321,"index":0,"char":"Ł","width":23,"height":34,"xoffset":-1,"yoffset":14,"xadvance":21,"chnl":15,"x":114,"y":291,"page":0},{"id":322,"index":0,"char":"ł","width":23,"height":34,"xoffset":-1,"yoffset":14,"xadvance":21,"chnl":15,"x":84,"y":317,"page":0},{"id":323,"index":0,"char":"Ń","width":23,"height":34,"xoffset":-1,"yoffset":14,"xadvance":21,"chnl":15,"x":54,"y":318,"page":0},{"id":324,"index":0,"char":"ń","width":23,"height":34,"xoffset":-1,"yoffset":14,"xadvance":21,"chnl":15,"x":24,"y":320,"page":0},{"id":325,"index":0,"char":"Ņ","width":23,"height":34,"xoffset":-1,"yoffset":14,"xadvance":21,"chnl":15,"x":0,"y":321,"page":0},{"id":326,"index":0,"char":"ņ","width":23,"height":34,"xoffset":-1,"yoffset":14,"xadvance":21,"chnl":15,"x":173,"y":264,"page":0},{"id":327,"index":0,"char":"Ň","width":23,"height":34,"xoffset":-1,"yoffset":14,"xadvance":21,"chnl":15,"x":338,"y":261,"page":0},{"id":328,"index":0,"char":"ň","width":23,"height":34,"xoffset":-1,"yoffset":14,"xadvance":21,"chnl":15,"x":362,"y":261,"page":0},{"id":330,"index":0,"char":"Ŋ","width":23,"height":34,"xoffset":-1,"yoffset":14,"xadvance":21,"chnl":15,"x":386,"y":261,"page":0},{"id":331,"index":0,"char":"ŋ","width":23,"height":34,"xoffset":-1,"yoffset":14,"xadvance":21,"chnl":15,"x":729,"y":175,"page":0},{"id":332,"index":0,"char":"Ō","width":23,"height":34,"xoffset":-1,"yoffset":14,"xadvance":21,"chnl":15,"x":753,"y":175,"page":0},{"id":333,"index":0,"char":"ō","width":23,"height":34,"xoffset":-1,"yoffset":14,"xadvance":21,"chnl":15,"x":777,"y":175,"page":0},{"id":334,"index":0,"char":"Ŏ","width":23,"height":34,"xoffset":-1,"yoffset":14,"xadvance":21,"chnl":15,"x":801,"y":175,"page":0},{"id":335,"index":0,"char":"ŏ","width":23,"height":34,"xoffset":-1,"yoffset":14,"xadvance":21,"chnl":15,"x":825,"y":175,"page":0},{"id":336,"index":0,"char":"Ő","width":23,"height":34,"xoffset":-1,"yoffset":14,"xadvance":21,"chnl":15,"x":849,"y":175,"page":0},{"id":337,"index":0,"char":"ő","width":23,"height":34,"xoffset":-1,"yoffset":14,"xadvance":21,"chnl":15,"x":873,"y":175,"page":0},{"id":340,"index":0,"char":"Ŕ","width":23,"height":34,"xoffset":-1,"yoffset":14,"xadvance":21,"chnl":15,"x":897,"y":175,"page":0},{"id":341,"index":0,"char":"ŕ","width":23,"height":34,"xoffset":-1,"yoffset":14,"xadvance":21,"chnl":15,"x":921,"y":175,"page":0},{"id":342,"index":0,"char":"Ŗ","width":23,"height":34,"xoffset":-1,"yoffset":14,"xadvance":21,"chnl":15,"x":945,"y":175,"page":0},{"id":343,"index":0,"char":"ŗ","width":23,"height":34,"xoffset":-1,"yoffset":14,"xadvance":21,"chnl":15,"x":969,"y":175,"page":0},{"id":344,"index":0,"char":"Ř","width":23,"height":34,"xoffset":-1,"yoffset":14,"xadvance":21,"chnl":15,"x":993,"y":175,"page":0},{"id":345,"index":0,"char":"ř","width":23,"height":34,"xoffset":-1,"yoffset":14,"xadvance":21,"chnl":15,"x":697,"y":210,"page":0},{"id":346,"index":0,"char":"Ś","width":23,"height":34,"xoffset":-1,"yoffset":14,"xadvance":21,"chnl":15,"x":673,"y":211,"page":0},{"id":347,"index":0,"char":"ś","width":23,"height":34,"xoffset":-1,"yoffset":14,"xadvance":21,"chnl":15,"x":638,"y":245,"page":0},{"id":348,"index":0,"char":"Ŝ","width":23,"height":34,"xoffset":-1,"yoffset":14,"xadvance":21,"chnl":15,"x":601,"y":247,"page":0},{"id":349,"index":0,"char":"ŝ","width":23,"height":34,"xoffset":-1,"yoffset":14,"xadvance":21,"chnl":15,"x":512,"y":250,"page":0},{"id":350,"index":0,"char":"Ş","width":23,"height":34,"xoffset":-1,"yoffset":14,"xadvance":21,"chnl":15,"x":452,"y":283,"page":0},{"id":351,"index":0,"char":"ş","width":23,"height":34,"xoffset":-1,"yoffset":14,"xadvance":21,"chnl":15,"x":476,"y":283,"page":0},{"id":354,"index":0,"char":"Ţ","width":23,"height":34,"xoffset":-1,"yoffset":14,"xadvance":21,"chnl":15,"x":410,"y":289,"page":0},{"id":355,"index":0,"char":"ţ","width":23,"height":34,"xoffset":-1,"yoffset":14,"xadvance":21,"chnl":15,"x":536,"y":250,"page":0},{"id":356,"index":0,"char":"Ť","width":23,"height":34,"xoffset":-1,"yoffset":14,"xadvance":21,"chnl":15,"x":560,"y":250,"page":0},{"id":357,"index":0,"char":"ť","width":23,"height":34,"xoffset":-1,"yoffset":14,"xadvance":21,"chnl":15,"x":302,"y":296,"page":0},{"id":358,"index":0,"char":"Ŧ","width":23,"height":34,"xoffset":-1,"yoffset":14,"xadvance":21,"chnl":15,"x":237,"y":297,"page":0},{"id":359,"index":0,"char":"ŧ","width":23,"height":34,"xoffset":-1,"yoffset":14,"xadvance":21,"chnl":15,"x":197,"y":298,"page":0},{"id":360,"index":0,"char":"Ũ","width":23,"height":34,"xoffset":-1,"yoffset":14,"xadvance":21,"chnl":15,"x":261,"y":297,"page":0},{"id":361,"index":0,"char":"ũ","width":23,"height":34,"xoffset":-1,"yoffset":14,"xadvance":21,"chnl":15,"x":138,"y":299,"page":0},{"id":362,"index":0,"char":"Ū","width":23,"height":34,"xoffset":-1,"yoffset":14,"xadvance":21,"chnl":15,"x":108,"y":326,"page":0},{"id":363,"index":0,"char":"ū","width":23,"height":34,"xoffset":-1,"yoffset":14,"xadvance":21,"chnl":15,"x":78,"y":352,"page":0},{"id":364,"index":0,"char":"Ŭ","width":23,"height":34,"xoffset":-1,"yoffset":14,"xadvance":21,"chnl":15,"x":48,"y":353,"page":0},{"id":365,"index":0,"char":"ŭ","width":23,"height":34,"xoffset":-1,"yoffset":14,"xadvance":21,"chnl":15,"x":24,"y":355,"page":0},{"id":366,"index":0,"char":"Ů","width":23,"height":34,"xoffset":-1,"yoffset":14,"xadvance":21,"chnl":15,"x":0,"y":356,"page":0},{"id":367,"index":0,"char":"ů","width":23,"height":34,"xoffset":-1,"yoffset":14,"xadvance":21,"chnl":15,"x":162,"y":299,"page":0},{"id":368,"index":0,"char":"Ű","width":23,"height":34,"xoffset":-1,"yoffset":14,"xadvance":21,"chnl":15,"x":326,"y":296,"page":0},{"id":369,"index":0,"char":"ű","width":23,"height":34,"xoffset":-1,"yoffset":14,"xadvance":21,"chnl":15,"x":350,"y":296,"page":0},{"id":370,"index":0,"char":"Ų","width":23,"height":34,"xoffset":-1,"yoffset":14,"xadvance":21,"chnl":15,"x":374,"y":296,"page":0},{"id":371,"index":0,"char":"ų","width":23,"height":34,"xoffset":-1,"yoffset":14,"xadvance":21,"chnl":15,"x":721,"y":210,"page":0},{"id":372,"index":0,"char":"Ŵ","width":23,"height":34,"xoffset":-1,"yoffset":14,"xadvance":21,"chnl":15,"x":745,"y":210,"page":0},{"id":373,"index":0,"char":"ŵ","width":23,"height":34,"xoffset":-1,"yoffset":14,"xadvance":21,"chnl":15,"x":769,"y":210,"page":0},{"id":374,"index":0,"char":"Ŷ","width":23,"height":34,"xoffset":-1,"yoffset":14,"xadvance":21,"chnl":15,"x":793,"y":210,"page":0},{"id":375,"index":0,"char":"ŷ","width":23,"height":34,"xoffset":-1,"yoffset":14,"xadvance":21,"chnl":15,"x":817,"y":210,"page":0},{"id":377,"index":0,"char":"Ź","width":23,"height":34,"xoffset":-1,"yoffset":14,"xadvance":21,"chnl":15,"x":841,"y":210,"page":0},{"id":378,"index":0,"char":"ź","width":23,"height":34,"xoffset":-1,"yoffset":14,"xadvance":21,"chnl":15,"x":865,"y":210,"page":0},{"id":379,"index":0,"char":"Ż","width":23,"height":34,"xoffset":-1,"yoffset":14,"xadvance":21,"chnl":15,"x":889,"y":210,"page":0},{"id":380,"index":0,"char":"ż","width":23,"height":34,"xoffset":-1,"yoffset":14,"xadvance":21,"chnl":15,"x":913,"y":210,"page":0},{"id":399,"index":0,"char":"Ə","width":23,"height":34,"xoffset":-1,"yoffset":14,"xadvance":21,"chnl":15,"x":937,"y":210,"page":0},{"id":402,"index":0,"char":"ƒ","width":23,"height":34,"xoffset":-1,"yoffset":14,"xadvance":21,"chnl":15,"x":961,"y":210,"page":0},{"id":416,"index":0,"char":"Ơ","width":23,"height":34,"xoffset":-1,"yoffset":14,"xadvance":21,"chnl":15,"x":985,"y":210,"page":0},{"id":417,"index":0,"char":"ơ","width":23,"height":34,"xoffset":-1,"yoffset":14,"xadvance":21,"chnl":15,"x":697,"y":245,"page":0},{"id":431,"index":0,"char":"Ư","width":23,"height":34,"xoffset":-1,"yoffset":14,"xadvance":21,"chnl":15,"x":662,"y":246,"page":0},{"id":432,"index":0,"char":"ư","width":23,"height":34,"xoffset":-1,"yoffset":14,"xadvance":21,"chnl":15,"x":625,"y":280,"page":0},{"id":452,"index":0,"char":"Ǆ","width":23,"height":34,"xoffset":-1,"yoffset":14,"xadvance":21,"chnl":15,"x":584,"y":282,"page":0},{"id":453,"index":0,"char":"ǅ","width":23,"height":34,"xoffset":-1,"yoffset":14,"xadvance":21,"chnl":15,"x":500,"y":285,"page":0},{"id":454,"index":0,"char":"ǆ","width":23,"height":34,"xoffset":-1,"yoffset":14,"xadvance":21,"chnl":15,"x":524,"y":285,"page":0},{"id":455,"index":0,"char":"Ǉ","width":23,"height":34,"xoffset":-1,"yoffset":14,"xadvance":21,"chnl":15,"x":548,"y":285,"page":0},{"id":456,"index":0,"char":"ǈ","width":23,"height":34,"xoffset":-1,"yoffset":14,"xadvance":21,"chnl":15,"x":434,"y":318,"page":0},{"id":457,"index":0,"char":"ǉ","width":23,"height":34,"xoffset":-1,"yoffset":14,"xadvance":21,"chnl":15,"x":398,"y":324,"page":0},{"id":458,"index":0,"char":"Ǌ","width":23,"height":34,"xoffset":-1,"yoffset":14,"xadvance":21,"chnl":15,"x":458,"y":318,"page":0},{"id":459,"index":0,"char":"ǋ","width":23,"height":34,"xoffset":-1,"yoffset":14,"xadvance":21,"chnl":15,"x":285,"y":331,"page":0},{"id":460,"index":0,"char":"ǌ","width":23,"height":34,"xoffset":-1,"yoffset":14,"xadvance":21,"chnl":15,"x":221,"y":332,"page":0},{"id":461,"index":0,"char":"Ǎ","width":23,"height":34,"xoffset":-1,"yoffset":14,"xadvance":21,"chnl":15,"x":186,"y":333,"page":0},{"id":462,"index":0,"char":"ǎ","width":23,"height":34,"xoffset":-1,"yoffset":14,"xadvance":21,"chnl":15,"x":245,"y":332,"page":0},{"id":463,"index":0,"char":"Ǐ","width":23,"height":34,"xoffset":-1,"yoffset":14,"xadvance":21,"chnl":15,"x":132,"y":334,"page":0},{"id":464,"index":0,"char":"ǐ","width":23,"height":34,"xoffset":-1,"yoffset":14,"xadvance":21,"chnl":15,"x":102,"y":361,"page":0},{"id":465,"index":0,"char":"Ǒ","width":23,"height":34,"xoffset":-1,"yoffset":14,"xadvance":21,"chnl":15,"x":156,"y":334,"page":0},{"id":466,"index":0,"char":"ǒ","width":23,"height":34,"xoffset":-1,"yoffset":14,"xadvance":21,"chnl":15,"x":72,"y":387,"page":0},{"id":467,"index":0,"char":"Ǔ","width":23,"height":34,"xoffset":-1,"yoffset":14,"xadvance":21,"chnl":15,"x":48,"y":388,"page":0},{"id":468,"index":0,"char":"ǔ","width":23,"height":34,"xoffset":-1,"yoffset":14,"xadvance":21,"chnl":15,"x":24,"y":390,"page":0},{"id":469,"index":0,"char":"Ǖ","width":23,"height":34,"xoffset":-1,"yoffset":14,"xadvance":21,"chnl":15,"x":0,"y":391,"page":0},{"id":470,"index":0,"char":"ǖ","width":23,"height":34,"xoffset":-1,"yoffset":14,"xadvance":21,"chnl":15,"x":309,"y":331,"page":0},{"id":471,"index":0,"char":"Ǘ","width":23,"height":34,"xoffset":-1,"yoffset":14,"xadvance":21,"chnl":15,"x":333,"y":331,"page":0},{"id":472,"index":0,"char":"ǘ","width":23,"height":34,"xoffset":-1,"yoffset":14,"xadvance":21,"chnl":15,"x":357,"y":331,"page":0},{"id":473,"index":0,"char":"Ǚ","width":23,"height":34,"xoffset":-1,"yoffset":14,"xadvance":21,"chnl":15,"x":721,"y":245,"page":0},{"id":474,"index":0,"char":"ǚ","width":23,"height":34,"xoffset":-1,"yoffset":14,"xadvance":21,"chnl":15,"x":745,"y":245,"page":0},{"id":475,"index":0,"char":"Ǜ","width":23,"height":34,"xoffset":-1,"yoffset":14,"xadvance":21,"chnl":15,"x":769,"y":245,"page":0},{"id":476,"index":0,"char":"ǜ","width":23,"height":34,"xoffset":-1,"yoffset":14,"xadvance":21,"chnl":15,"x":793,"y":245,"page":0},{"id":486,"index":0,"char":"Ǧ","width":23,"height":34,"xoffset":-1,"yoffset":14,"xadvance":21,"chnl":15,"x":817,"y":245,"page":0},{"id":487,"index":0,"char":"ǧ","width":23,"height":34,"xoffset":-1,"yoffset":14,"xadvance":21,"chnl":15,"x":841,"y":245,"page":0},{"id":490,"index":0,"char":"Ǫ","width":23,"height":34,"xoffset":-1,"yoffset":14,"xadvance":21,"chnl":15,"x":865,"y":245,"page":0},{"id":491,"index":0,"char":"ǫ","width":23,"height":34,"xoffset":-1,"yoffset":14,"xadvance":21,"chnl":15,"x":889,"y":245,"page":0},{"id":506,"index":0,"char":"Ǻ","width":23,"height":34,"xoffset":-1,"yoffset":14,"xadvance":21,"chnl":15,"x":913,"y":245,"page":0},{"id":507,"index":0,"char":"ǻ","width":23,"height":34,"xoffset":-1,"yoffset":14,"xadvance":21,"chnl":15,"x":937,"y":245,"page":0},{"id":508,"index":0,"char":"Ǽ","width":23,"height":34,"xoffset":-1,"yoffset":14,"xadvance":21,"chnl":15,"x":961,"y":245,"page":0},{"id":509,"index":0,"char":"ǽ","width":23,"height":34,"xoffset":-1,"yoffset":14,"xadvance":21,"chnl":15,"x":985,"y":245,"page":0},{"id":510,"index":0,"char":"Ǿ","width":23,"height":34,"xoffset":-1,"yoffset":14,"xadvance":21,"chnl":15,"x":686,"y":280,"page":0},{"id":511,"index":0,"char":"ǿ","width":23,"height":34,"xoffset":-1,"yoffset":14,"xadvance":21,"chnl":15,"x":649,"y":281,"page":0},{"id":512,"index":0,"char":"Ȁ","width":23,"height":34,"xoffset":-1,"yoffset":14,"xadvance":21,"chnl":15,"x":608,"y":315,"page":0},{"id":513,"index":0,"char":"ȁ","width":23,"height":34,"xoffset":-1,"yoffset":14,"xadvance":21,"chnl":15,"x":572,"y":317,"page":0},{"id":514,"index":0,"char":"Ȃ","width":23,"height":34,"xoffset":-1,"yoffset":14,"xadvance":21,"chnl":15,"x":482,"y":320,"page":0},{"id":515,"index":0,"char":"ȃ","width":23,"height":34,"xoffset":-1,"yoffset":14,"xadvance":21,"chnl":15,"x":422,"y":353,"page":0},{"id":516,"index":0,"char":"Ȅ","width":23,"height":34,"xoffset":-1,"yoffset":14,"xadvance":21,"chnl":15,"x":446,"y":353,"page":0},{"id":517,"index":0,"char":"ȅ","width":23,"height":34,"xoffset":-1,"yoffset":14,"xadvance":21,"chnl":15,"x":381,"y":359,"page":0},{"id":518,"index":0,"char":"Ȇ","width":23,"height":34,"xoffset":-1,"yoffset":14,"xadvance":21,"chnl":15,"x":506,"y":320,"page":0},{"id":519,"index":0,"char":"ȇ","width":23,"height":34,"xoffset":-1,"yoffset":14,"xadvance":21,"chnl":15,"x":530,"y":320,"page":0},{"id":520,"index":0,"char":"Ȉ","width":23,"height":34,"xoffset":-1,"yoffset":14,"xadvance":21,"chnl":15,"x":269,"y":366,"page":0},{"id":521,"index":0,"char":"ȉ","width":23,"height":34,"xoffset":-1,"yoffset":14,"xadvance":21,"chnl":15,"x":210,"y":367,"page":0},{"id":522,"index":0,"char":"Ȋ","width":23,"height":34,"xoffset":-1,"yoffset":14,"xadvance":21,"chnl":15,"x":180,"y":368,"page":0},{"id":523,"index":0,"char":"ȋ","width":23,"height":34,"xoffset":-1,"yoffset":14,"xadvance":21,"chnl":15,"x":234,"y":367,"page":0},{"id":524,"index":0,"char":"Ȍ","width":23,"height":34,"xoffset":-1,"yoffset":14,"xadvance":21,"chnl":15,"x":126,"y":369,"page":0},{"id":525,"index":0,"char":"ȍ","width":23,"height":34,"xoffset":-1,"yoffset":14,"xadvance":21,"chnl":15,"x":96,"y":396,"page":0},{"id":526,"index":0,"char":"Ȏ","width":23,"height":34,"xoffset":-1,"yoffset":14,"xadvance":21,"chnl":15,"x":72,"y":422,"page":0},{"id":527,"index":0,"char":"ȏ","width":23,"height":34,"xoffset":-1,"yoffset":14,"xadvance":21,"chnl":15,"x":48,"y":423,"page":0},{"id":528,"index":0,"char":"Ȑ","width":23,"height":34,"xoffset":-1,"yoffset":14,"xadvance":21,"chnl":15,"x":24,"y":425,"page":0},{"id":529,"index":0,"char":"ȑ","width":23,"height":34,"xoffset":-1,"yoffset":14,"xadvance":21,"chnl":15,"x":0,"y":426,"page":0},{"id":530,"index":0,"char":"Ȓ","width":23,"height":34,"xoffset":-1,"yoffset":14,"xadvance":21,"chnl":15,"x":150,"y":369,"page":0},{"id":531,"index":0,"char":"ȓ","width":23,"height":34,"xoffset":-1,"yoffset":14,"xadvance":21,"chnl":15,"x":293,"y":366,"page":0},{"id":532,"index":0,"char":"Ȕ","width":23,"height":34,"xoffset":-1,"yoffset":14,"xadvance":21,"chnl":15,"x":317,"y":366,"page":0},{"id":533,"index":0,"char":"ȕ","width":23,"height":34,"xoffset":-1,"yoffset":14,"xadvance":21,"chnl":15,"x":341,"y":366,"page":0},{"id":534,"index":0,"char":"Ȗ","width":23,"height":34,"xoffset":-1,"yoffset":14,"xadvance":21,"chnl":15,"x":710,"y":280,"page":0},{"id":535,"index":0,"char":"ȗ","width":23,"height":34,"xoffset":-1,"yoffset":14,"xadvance":21,"chnl":15,"x":734,"y":280,"page":0},{"id":536,"index":0,"char":"Ș","width":23,"height":34,"xoffset":-1,"yoffset":14,"xadvance":21,"chnl":15,"x":758,"y":280,"page":0},{"id":537,"index":0,"char":"ș","width":23,"height":34,"xoffset":-1,"yoffset":14,"xadvance":21,"chnl":15,"x":782,"y":280,"page":0},{"id":538,"index":0,"char":"Ț","width":23,"height":34,"xoffset":-1,"yoffset":14,"xadvance":21,"chnl":15,"x":806,"y":280,"page":0},{"id":539,"index":0,"char":"ț","width":23,"height":34,"xoffset":-1,"yoffset":14,"xadvance":21,"chnl":15,"x":830,"y":280,"page":0},{"id":554,"index":0,"char":"Ȫ","width":23,"height":34,"xoffset":-1,"yoffset":14,"xadvance":21,"chnl":15,"x":854,"y":280,"page":0},{"id":555,"index":0,"char":"ȫ","width":23,"height":34,"xoffset":-1,"yoffset":14,"xadvance":21,"chnl":15,"x":878,"y":280,"page":0},{"id":556,"index":0,"char":"Ȭ","width":23,"height":34,"xoffset":-1,"yoffset":14,"xadvance":21,"chnl":15,"x":902,"y":280,"page":0},{"id":557,"index":0,"char":"ȭ","width":23,"height":34,"xoffset":-1,"yoffset":14,"xadvance":21,"chnl":15,"x":926,"y":280,"page":0},{"id":560,"index":0,"char":"Ȱ","width":23,"height":34,"xoffset":-1,"yoffset":14,"xadvance":21,"chnl":15,"x":950,"y":280,"page":0},{"id":561,"index":0,"char":"ȱ","width":23,"height":34,"xoffset":-1,"yoffset":14,"xadvance":21,"chnl":15,"x":974,"y":280,"page":0},{"id":562,"index":0,"char":"Ȳ","width":23,"height":34,"xoffset":-1,"yoffset":14,"xadvance":21,"chnl":15,"x":998,"y":280,"page":0},{"id":563,"index":0,"char":"ȳ","width":23,"height":34,"xoffset":-1,"yoffset":14,"xadvance":21,"chnl":15,"x":673,"y":315,"page":0},{"id":567,"index":0,"char":"ȷ","width":23,"height":34,"xoffset":-1,"yoffset":14,"xadvance":21,"chnl":15,"x":632,"y":316,"page":0},{"id":601,"index":0,"char":"ə","width":23,"height":34,"xoffset":-1,"yoffset":14,"xadvance":21,"chnl":15,"x":596,"y":350,"page":0},{"id":697,"index":0,"char":"ʹ","width":23,"height":34,"xoffset":-1,"yoffset":14,"xadvance":21,"chnl":15,"x":554,"y":352,"page":0},{"id":698,"index":0,"char":"ʺ","width":23,"height":34,"xoffset":-1,"yoffset":14,"xadvance":21,"chnl":15,"x":470,"y":355,"page":0},{"id":699,"index":0,"char":"ʻ","width":23,"height":34,"xoffset":-1,"yoffset":14,"xadvance":21,"chnl":15,"x":494,"y":355,"page":0},{"id":700,"index":0,"char":"ʼ","width":23,"height":34,"xoffset":-1,"yoffset":14,"xadvance":21,"chnl":15,"x":518,"y":355,"page":0},{"id":702,"index":0,"char":"ʾ","width":23,"height":34,"xoffset":-1,"yoffset":14,"xadvance":21,"chnl":15,"x":405,"y":388,"page":0},{"id":703,"index":0,"char":"ʿ","width":23,"height":34,"xoffset":-1,"yoffset":14,"xadvance":21,"chnl":15,"x":365,"y":394,"page":0},{"id":712,"index":0,"char":"ˈ","width":23,"height":34,"xoffset":-1,"yoffset":14,"xadvance":21,"chnl":15,"x":429,"y":388,"page":0},{"id":713,"index":0,"char":"ˉ","width":23,"height":34,"xoffset":-1,"yoffset":14,"xadvance":21,"chnl":15,"x":258,"y":401,"page":0},{"id":714,"index":0,"char":"ˊ","width":23,"height":34,"xoffset":-1,"yoffset":14,"xadvance":21,"chnl":15,"x":204,"y":402,"page":0},{"id":715,"index":0,"char":"ˋ","width":23,"height":34,"xoffset":-1,"yoffset":14,"xadvance":21,"chnl":15,"x":228,"y":402,"page":0},{"id":716,"index":0,"char":"ˌ","width":23,"height":34,"xoffset":-1,"yoffset":14,"xadvance":21,"chnl":15,"x":174,"y":403,"page":0},{"id":733,"index":0,"char":"˝","width":23,"height":34,"xoffset":-1,"yoffset":14,"xadvance":21,"chnl":15,"x":120,"y":404,"page":0},{"id":7688,"index":0,"char":"Ḉ","width":23,"height":34,"xoffset":-1,"yoffset":14,"xadvance":21,"chnl":15,"x":96,"y":431,"page":0},{"id":7689,"index":0,"char":"ḉ","width":23,"height":34,"xoffset":-1,"yoffset":14,"xadvance":21,"chnl":15,"x":72,"y":457,"page":0},{"id":7692,"index":0,"char":"Ḍ","width":23,"height":34,"xoffset":-1,"yoffset":14,"xadvance":21,"chnl":15,"x":48,"y":458,"page":0},{"id":7693,"index":0,"char":"ḍ","width":23,"height":34,"xoffset":-1,"yoffset":14,"xadvance":21,"chnl":15,"x":24,"y":460,"page":0},{"id":7694,"index":0,"char":"Ḏ","width":23,"height":34,"xoffset":-1,"yoffset":14,"xadvance":21,"chnl":15,"x":0,"y":461,"page":0},{"id":7695,"index":0,"char":"ḏ","width":23,"height":34,"xoffset":-1,"yoffset":14,"xadvance":21,"chnl":15,"x":144,"y":404,"page":0},{"id":7700,"index":0,"char":"Ḕ","width":23,"height":34,"xoffset":-1,"yoffset":14,"xadvance":21,"chnl":15,"x":282,"y":401,"page":0},{"id":7701,"index":0,"char":"ḕ","width":23,"height":34,"xoffset":-1,"yoffset":14,"xadvance":21,"chnl":15,"x":306,"y":401,"page":0},{"id":7702,"index":0,"char":"Ḗ","width":23,"height":34,"xoffset":-1,"yoffset":14,"xadvance":21,"chnl":15,"x":330,"y":401,"page":0},{"id":7703,"index":0,"char":"ḗ","width":23,"height":34,"xoffset":-1,"yoffset":14,"xadvance":21,"chnl":15,"x":697,"y":315,"page":0},{"id":7708,"index":0,"char":"Ḝ","width":23,"height":34,"xoffset":-1,"yoffset":14,"xadvance":21,"chnl":15,"x":721,"y":315,"page":0},{"id":7709,"index":0,"char":"ḝ","width":23,"height":34,"xoffset":-1,"yoffset":14,"xadvance":21,"chnl":15,"x":745,"y":315,"page":0},{"id":7712,"index":0,"char":"Ḡ","width":23,"height":34,"xoffset":-1,"yoffset":14,"xadvance":21,"chnl":15,"x":769,"y":315,"page":0},{"id":7713,"index":0,"char":"ḡ","width":23,"height":34,"xoffset":-1,"yoffset":14,"xadvance":21,"chnl":15,"x":793,"y":315,"page":0},{"id":7716,"index":0,"char":"Ḥ","width":23,"height":34,"xoffset":-1,"yoffset":14,"xadvance":21,"chnl":15,"x":817,"y":315,"page":0},{"id":7717,"index":0,"char":"ḥ","width":23,"height":34,"xoffset":-1,"yoffset":14,"xadvance":21,"chnl":15,"x":841,"y":315,"page":0},{"id":7722,"index":0,"char":"Ḫ","width":23,"height":34,"xoffset":-1,"yoffset":14,"xadvance":21,"chnl":15,"x":865,"y":315,"page":0},{"id":7723,"index":0,"char":"ḫ","width":23,"height":34,"xoffset":-1,"yoffset":14,"xadvance":21,"chnl":15,"x":889,"y":315,"page":0},{"id":7726,"index":0,"char":"Ḯ","width":23,"height":34,"xoffset":-1,"yoffset":14,"xadvance":21,"chnl":15,"x":913,"y":315,"page":0},{"id":7727,"index":0,"char":"ḯ","width":23,"height":34,"xoffset":-1,"yoffset":14,"xadvance":21,"chnl":15,"x":937,"y":315,"page":0},{"id":7728,"index":0,"char":"Ḱ","width":23,"height":34,"xoffset":-1,"yoffset":14,"xadvance":21,"chnl":15,"x":961,"y":315,"page":0},{"id":7729,"index":0,"char":"ḱ","width":23,"height":34,"xoffset":-1,"yoffset":14,"xadvance":21,"chnl":15,"x":985,"y":315,"page":0},{"id":7734,"index":0,"char":"Ḷ","width":23,"height":34,"xoffset":-1,"yoffset":14,"xadvance":21,"chnl":15,"x":656,"y":350,"page":0},{"id":7735,"index":0,"char":"ḷ","width":23,"height":34,"xoffset":-1,"yoffset":14,"xadvance":21,"chnl":15,"x":620,"y":351,"page":0},{"id":7738,"index":0,"char":"Ḻ","width":23,"height":34,"xoffset":-1,"yoffset":14,"xadvance":21,"chnl":15,"x":578,"y":385,"page":0},{"id":7739,"index":0,"char":"ḻ","width":23,"height":34,"xoffset":-1,"yoffset":14,"xadvance":21,"chnl":15,"x":542,"y":387,"page":0},{"id":7746,"index":0,"char":"Ṃ","width":23,"height":34,"xoffset":-1,"yoffset":14,"xadvance":21,"chnl":15,"x":453,"y":390,"page":0},{"id":7747,"index":0,"char":"ṃ","width":23,"height":34,"xoffset":-1,"yoffset":14,"xadvance":21,"chnl":15,"x":389,"y":423,"page":0},{"id":7748,"index":0,"char":"Ṅ","width":23,"height":34,"xoffset":-1,"yoffset":14,"xadvance":21,"chnl":15,"x":354,"y":429,"page":0},{"id":7749,"index":0,"char":"ṅ","width":23,"height":34,"xoffset":-1,"yoffset":14,"xadvance":21,"chnl":15,"x":413,"y":423,"page":0},{"id":7750,"index":0,"char":"Ṇ","width":23,"height":34,"xoffset":-1,"yoffset":14,"xadvance":21,"chnl":15,"x":477,"y":390,"page":0},{"id":7751,"index":0,"char":"ṇ","width":23,"height":34,"xoffset":-1,"yoffset":14,"xadvance":21,"chnl":15,"x":501,"y":390,"page":0},{"id":7752,"index":0,"char":"Ṉ","width":23,"height":34,"xoffset":-1,"yoffset":14,"xadvance":21,"chnl":15,"x":252,"y":436,"page":0},{"id":7753,"index":0,"char":"ṉ","width":23,"height":34,"xoffset":-1,"yoffset":14,"xadvance":21,"chnl":15,"x":198,"y":437,"page":0},{"id":7756,"index":0,"char":"Ṍ","width":23,"height":34,"xoffset":-1,"yoffset":14,"xadvance":21,"chnl":15,"x":222,"y":437,"page":0},{"id":7757,"index":0,"char":"ṍ","width":23,"height":34,"xoffset":-1,"yoffset":14,"xadvance":21,"chnl":15,"x":168,"y":438,"page":0},{"id":7758,"index":0,"char":"Ṏ","width":23,"height":34,"xoffset":-1,"yoffset":14,"xadvance":21,"chnl":15,"x":120,"y":439,"page":0},{"id":7759,"index":0,"char":"ṏ","width":23,"height":34,"xoffset":-1,"yoffset":14,"xadvance":21,"chnl":15,"x":96,"y":466,"page":0},{"id":7760,"index":0,"char":"Ṑ","width":23,"height":34,"xoffset":-1,"yoffset":14,"xadvance":21,"chnl":15,"x":144,"y":439,"page":0},{"id":7761,"index":0,"char":"ṑ","width":23,"height":34,"xoffset":-1,"yoffset":14,"xadvance":21,"chnl":15,"x":72,"y":492,"page":0},{"id":7762,"index":0,"char":"Ṓ","width":23,"height":34,"xoffset":-1,"yoffset":14,"xadvance":21,"chnl":15,"x":48,"y":493,"page":0},{"id":7763,"index":0,"char":"ṓ","width":23,"height":34,"xoffset":-1,"yoffset":14,"xadvance":21,"chnl":15,"x":24,"y":495,"page":0},{"id":7770,"index":0,"char":"Ṛ","width":23,"height":34,"xoffset":-1,"yoffset":14,"xadvance":21,"chnl":15,"x":0,"y":496,"page":0},{"id":7771,"index":0,"char":"ṛ","width":23,"height":34,"xoffset":-1,"yoffset":14,"xadvance":21,"chnl":15,"x":276,"y":436,"page":0},{"id":7774,"index":0,"char":"Ṟ","width":23,"height":34,"xoffset":-1,"yoffset":14,"xadvance":21,"chnl":15,"x":300,"y":436,"page":0},{"id":7775,"index":0,"char":"ṟ","width":23,"height":34,"xoffset":-1,"yoffset":14,"xadvance":21,"chnl":15,"x":324,"y":436,"page":0},{"id":7776,"index":0,"char":"Ṡ","width":23,"height":34,"xoffset":-1,"yoffset":14,"xadvance":21,"chnl":15,"x":680,"y":350,"page":0},{"id":7777,"index":0,"char":"ṡ","width":23,"height":34,"xoffset":-1,"yoffset":14,"xadvance":21,"chnl":15,"x":704,"y":350,"page":0},{"id":7778,"index":0,"char":"Ṣ","width":23,"height":34,"xoffset":-1,"yoffset":14,"xadvance":21,"chnl":15,"x":728,"y":350,"page":0},{"id":7779,"index":0,"char":"ṣ","width":23,"height":34,"xoffset":-1,"yoffset":14,"xadvance":21,"chnl":15,"x":752,"y":350,"page":0},{"id":7780,"index":0,"char":"Ṥ","width":23,"height":34,"xoffset":-1,"yoffset":14,"xadvance":21,"chnl":15,"x":776,"y":350,"page":0},{"id":7781,"index":0,"char":"ṥ","width":23,"height":34,"xoffset":-1,"yoffset":14,"xadvance":21,"chnl":15,"x":800,"y":350,"page":0},{"id":7782,"index":0,"char":"Ṧ","width":23,"height":34,"xoffset":-1,"yoffset":14,"xadvance":21,"chnl":15,"x":824,"y":350,"page":0},{"id":7783,"index":0,"char":"ṧ","width":23,"height":34,"xoffset":-1,"yoffset":14,"xadvance":21,"chnl":15,"x":848,"y":350,"page":0},{"id":7784,"index":0,"char":"Ṩ","width":23,"height":34,"xoffset":-1,"yoffset":14,"xadvance":21,"chnl":15,"x":872,"y":350,"page":0},{"id":7785,"index":0,"char":"ṩ","width":23,"height":34,"xoffset":-1,"yoffset":14,"xadvance":21,"chnl":15,"x":896,"y":350,"page":0},{"id":7788,"index":0,"char":"Ṭ","width":23,"height":34,"xoffset":-1,"yoffset":14,"xadvance":21,"chnl":15,"x":920,"y":350,"page":0},{"id":7789,"index":0,"char":"ṭ","width":23,"height":34,"xoffset":-1,"yoffset":14,"xadvance":21,"chnl":15,"x":944,"y":350,"page":0},{"id":7790,"index":0,"char":"Ṯ","width":23,"height":34,"xoffset":-1,"yoffset":14,"xadvance":21,"chnl":15,"x":968,"y":350,"page":0},{"id":7791,"index":0,"char":"ṯ","width":23,"height":34,"xoffset":-1,"yoffset":14,"xadvance":21,"chnl":15,"x":992,"y":350,"page":0},{"id":7800,"index":0,"char":"Ṹ","width":23,"height":34,"xoffset":-1,"yoffset":14,"xadvance":21,"chnl":15,"x":644,"y":385,"page":0},{"id":7801,"index":0,"char":"ṹ","width":23,"height":34,"xoffset":-1,"yoffset":14,"xadvance":21,"chnl":15,"x":602,"y":386,"page":0},{"id":7802,"index":0,"char":"Ṻ","width":23,"height":34,"xoffset":-1,"yoffset":14,"xadvance":21,"chnl":15,"x":566,"y":420,"page":0},{"id":7803,"index":0,"char":"ṻ","width":23,"height":34,"xoffset":-1,"yoffset":14,"xadvance":21,"chnl":15,"x":525,"y":422,"page":0},{"id":7808,"index":0,"char":"Ẁ","width":23,"height":34,"xoffset":-1,"yoffset":14,"xadvance":21,"chnl":15,"x":437,"y":425,"page":0},{"id":7809,"index":0,"char":"ẁ","width":23,"height":34,"xoffset":-1,"yoffset":14,"xadvance":21,"chnl":15,"x":378,"y":458,"page":0},{"id":7810,"index":0,"char":"Ẃ","width":23,"height":34,"xoffset":-1,"yoffset":14,"xadvance":21,"chnl":15,"x":348,"y":464,"page":0},{"id":7811,"index":0,"char":"ẃ","width":23,"height":34,"xoffset":-1,"yoffset":14,"xadvance":21,"chnl":15,"x":402,"y":458,"page":0},{"id":7812,"index":0,"char":"Ẅ","width":23,"height":34,"xoffset":-1,"yoffset":14,"xadvance":21,"chnl":15,"x":461,"y":425,"page":0},{"id":7813,"index":0,"char":"ẅ","width":23,"height":34,"xoffset":-1,"yoffset":14,"xadvance":21,"chnl":15,"x":485,"y":425,"page":0},{"id":7822,"index":0,"char":"Ẏ","width":23,"height":34,"xoffset":-1,"yoffset":14,"xadvance":21,"chnl":15,"x":246,"y":471,"page":0},{"id":7823,"index":0,"char":"ẏ","width":23,"height":34,"xoffset":-1,"yoffset":14,"xadvance":21,"chnl":15,"x":192,"y":472,"page":0},{"id":7826,"index":0,"char":"Ẓ","width":23,"height":34,"xoffset":-1,"yoffset":14,"xadvance":21,"chnl":15,"x":168,"y":473,"page":0},{"id":7827,"index":0,"char":"ẓ","width":23,"height":34,"xoffset":-1,"yoffset":14,"xadvance":21,"chnl":15,"x":216,"y":472,"page":0},{"id":7831,"index":0,"char":"ẗ","width":23,"height":34,"xoffset":-1,"yoffset":14,"xadvance":21,"chnl":15,"x":120,"y":474,"page":0},{"id":7838,"index":0,"char":"ẞ","width":23,"height":34,"xoffset":-1,"yoffset":14,"xadvance":21,"chnl":15,"x":96,"y":501,"page":0},{"id":7840,"index":0,"char":"Ạ","width":23,"height":34,"xoffset":-1,"yoffset":14,"xadvance":21,"chnl":15,"x":144,"y":474,"page":0},{"id":7841,"index":0,"char":"ạ","width":23,"height":34,"xoffset":-1,"yoffset":14,"xadvance":21,"chnl":15,"x":72,"y":527,"page":0},{"id":7842,"index":0,"char":"Ả","width":23,"height":34,"xoffset":-1,"yoffset":14,"xadvance":21,"chnl":15,"x":48,"y":528,"page":0},{"id":7843,"index":0,"char":"ả","width":23,"height":34,"xoffset":-1,"yoffset":14,"xadvance":21,"chnl":15,"x":24,"y":530,"page":0},{"id":7844,"index":0,"char":"Ấ","width":23,"height":34,"xoffset":-1,"yoffset":14,"xadvance":21,"chnl":15,"x":0,"y":531,"page":0},{"id":7845,"index":0,"char":"ấ","width":23,"height":34,"xoffset":-1,"yoffset":14,"xadvance":21,"chnl":15,"x":270,"y":471,"page":0},{"id":7846,"index":0,"char":"Ầ","width":23,"height":34,"xoffset":-1,"yoffset":14,"xadvance":21,"chnl":15,"x":294,"y":471,"page":0},{"id":7847,"index":0,"char":"ầ","width":23,"height":34,"xoffset":-1,"yoffset":14,"xadvance":21,"chnl":15,"x":318,"y":471,"page":0},{"id":7848,"index":0,"char":"Ẩ","width":23,"height":34,"xoffset":-1,"yoffset":14,"xadvance":21,"chnl":15,"x":668,"y":385,"page":0},{"id":7849,"index":0,"char":"ẩ","width":23,"height":34,"xoffset":-1,"yoffset":14,"xadvance":21,"chnl":15,"x":692,"y":385,"page":0},{"id":7850,"index":0,"char":"Ẫ","width":23,"height":34,"xoffset":-1,"yoffset":14,"xadvance":21,"chnl":15,"x":716,"y":385,"page":0},{"id":7851,"index":0,"char":"ẫ","width":23,"height":34,"xoffset":-1,"yoffset":14,"xadvance":21,"chnl":15,"x":740,"y":385,"page":0},{"id":7852,"index":0,"char":"Ậ","width":23,"height":34,"xoffset":-1,"yoffset":14,"xadvance":21,"chnl":15,"x":764,"y":385,"page":0},{"id":7853,"index":0,"char":"ậ","width":23,"height":34,"xoffset":-1,"yoffset":14,"xadvance":21,"chnl":15,"x":788,"y":385,"page":0},{"id":7854,"index":0,"char":"Ắ","width":23,"height":34,"xoffset":-1,"yoffset":14,"xadvance":21,"chnl":15,"x":812,"y":385,"page":0},{"id":7855,"index":0,"char":"ắ","width":23,"height":34,"xoffset":-1,"yoffset":14,"xadvance":21,"chnl":15,"x":836,"y":385,"page":0},{"id":7856,"index":0,"char":"Ằ","width":23,"height":34,"xoffset":-1,"yoffset":14,"xadvance":21,"chnl":15,"x":860,"y":385,"page":0},{"id":7857,"index":0,"char":"ằ","width":23,"height":34,"xoffset":-1,"yoffset":14,"xadvance":21,"chnl":15,"x":884,"y":385,"page":0},{"id":7858,"index":0,"char":"Ẳ","width":23,"height":34,"xoffset":-1,"yoffset":14,"xadvance":21,"chnl":15,"x":908,"y":385,"page":0},{"id":7859,"index":0,"char":"ẳ","width":23,"height":34,"xoffset":-1,"yoffset":14,"xadvance":21,"chnl":15,"x":932,"y":385,"page":0},{"id":7860,"index":0,"char":"Ẵ","width":23,"height":34,"xoffset":-1,"yoffset":14,"xadvance":21,"chnl":15,"x":956,"y":385,"page":0},{"id":7861,"index":0,"char":"ẵ","width":23,"height":34,"xoffset":-1,"yoffset":14,"xadvance":21,"chnl":15,"x":980,"y":385,"page":0},{"id":7862,"index":0,"char":"Ặ","width":23,"height":34,"xoffset":-1,"yoffset":14,"xadvance":21,"chnl":15,"x":626,"y":420,"page":0},{"id":7863,"index":0,"char":"ặ","width":23,"height":34,"xoffset":-1,"yoffset":14,"xadvance":21,"chnl":15,"x":590,"y":421,"page":0},{"id":7864,"index":0,"char":"Ẹ","width":23,"height":34,"xoffset":-1,"yoffset":14,"xadvance":21,"chnl":15,"x":549,"y":455,"page":0},{"id":7865,"index":0,"char":"ẹ","width":23,"height":34,"xoffset":-1,"yoffset":14,"xadvance":21,"chnl":15,"x":509,"y":457,"page":0},{"id":7866,"index":0,"char":"Ẻ","width":23,"height":34,"xoffset":-1,"yoffset":14,"xadvance":21,"chnl":15,"x":426,"y":460,"page":0},{"id":7867,"index":0,"char":"ẻ","width":23,"height":34,"xoffset":-1,"yoffset":14,"xadvance":21,"chnl":15,"x":372,"y":493,"page":0},{"id":7868,"index":0,"char":"Ẽ","width":23,"height":34,"xoffset":-1,"yoffset":14,"xadvance":21,"chnl":15,"x":342,"y":499,"page":0},{"id":7869,"index":0,"char":"ẽ","width":23,"height":34,"xoffset":-1,"yoffset":14,"xadvance":21,"chnl":15,"x":396,"y":493,"page":0},{"id":7870,"index":0,"char":"Ế","width":23,"height":34,"xoffset":-1,"yoffset":14,"xadvance":21,"chnl":15,"x":450,"y":460,"page":0},{"id":7871,"index":0,"char":"ế","width":23,"height":34,"xoffset":-1,"yoffset":14,"xadvance":21,"chnl":15,"x":474,"y":460,"page":0},{"id":7872,"index":0,"char":"Ề","width":23,"height":34,"xoffset":-1,"yoffset":14,"xadvance":21,"chnl":15,"x":240,"y":506,"page":0},{"id":7873,"index":0,"char":"ề","width":23,"height":34,"xoffset":-1,"yoffset":14,"xadvance":21,"chnl":15,"x":192,"y":507,"page":0},{"id":7874,"index":0,"char":"Ể","width":23,"height":34,"xoffset":-1,"yoffset":14,"xadvance":21,"chnl":15,"x":216,"y":507,"page":0},{"id":7875,"index":0,"char":"ể","width":23,"height":34,"xoffset":-1,"yoffset":14,"xadvance":21,"chnl":15,"x":168,"y":508,"page":0},{"id":7876,"index":0,"char":"Ễ","width":23,"height":34,"xoffset":-1,"yoffset":14,"xadvance":21,"chnl":15,"x":120,"y":509,"page":0},{"id":7877,"index":0,"char":"ễ","width":23,"height":34,"xoffset":-1,"yoffset":14,"xadvance":21,"chnl":15,"x":96,"y":536,"page":0},{"id":7878,"index":0,"char":"Ệ","width":23,"height":34,"xoffset":-1,"yoffset":14,"xadvance":21,"chnl":15,"x":144,"y":509,"page":0},{"id":7879,"index":0,"char":"ệ","width":23,"height":34,"xoffset":-1,"yoffset":14,"xadvance":21,"chnl":15,"x":72,"y":562,"page":0},{"id":7880,"index":0,"char":"Ỉ","width":23,"height":34,"xoffset":-1,"yoffset":14,"xadvance":21,"chnl":15,"x":48,"y":563,"page":0},{"id":7881,"index":0,"char":"ỉ","width":23,"height":34,"xoffset":-1,"yoffset":14,"xadvance":21,"chnl":15,"x":24,"y":565,"page":0},{"id":7882,"index":0,"char":"Ị","width":23,"height":34,"xoffset":-1,"yoffset":14,"xadvance":21,"chnl":15,"x":0,"y":566,"page":0},{"id":7883,"index":0,"char":"ị","width":23,"height":34,"xoffset":-1,"yoffset":14,"xadvance":21,"chnl":15,"x":264,"y":506,"page":0},{"id":7884,"index":0,"char":"Ọ","width":23,"height":34,"xoffset":-1,"yoffset":14,"xadvance":21,"chnl":15,"x":288,"y":506,"page":0},{"id":7885,"index":0,"char":"ọ","width":23,"height":34,"xoffset":-1,"yoffset":14,"xadvance":21,"chnl":15,"x":312,"y":506,"page":0},{"id":7886,"index":0,"char":"Ỏ","width":23,"height":34,"xoffset":-1,"yoffset":14,"xadvance":21,"chnl":15,"x":650,"y":420,"page":0},{"id":7887,"index":0,"char":"ỏ","width":23,"height":34,"xoffset":-1,"yoffset":14,"xadvance":21,"chnl":15,"x":674,"y":420,"page":0},{"id":7888,"index":0,"char":"Ố","width":23,"height":34,"xoffset":-1,"yoffset":14,"xadvance":21,"chnl":15,"x":698,"y":420,"page":0},{"id":7889,"index":0,"char":"ố","width":23,"height":34,"xoffset":-1,"yoffset":14,"xadvance":21,"chnl":15,"x":722,"y":420,"page":0},{"id":7890,"index":0,"char":"Ồ","width":23,"height":34,"xoffset":-1,"yoffset":14,"xadvance":21,"chnl":15,"x":746,"y":420,"page":0},{"id":7891,"index":0,"char":"ồ","width":23,"height":34,"xoffset":-1,"yoffset":14,"xadvance":21,"chnl":15,"x":770,"y":420,"page":0},{"id":7892,"index":0,"char":"Ổ","width":23,"height":34,"xoffset":-1,"yoffset":14,"xadvance":21,"chnl":15,"x":794,"y":420,"page":0},{"id":7893,"index":0,"char":"ổ","width":23,"height":34,"xoffset":-1,"yoffset":14,"xadvance":21,"chnl":15,"x":818,"y":420,"page":0},{"id":7894,"index":0,"char":"Ỗ","width":23,"height":34,"xoffset":-1,"yoffset":14,"xadvance":21,"chnl":15,"x":842,"y":420,"page":0},{"id":7895,"index":0,"char":"ỗ","width":23,"height":34,"xoffset":-1,"yoffset":14,"xadvance":21,"chnl":15,"x":866,"y":420,"page":0},{"id":7896,"index":0,"char":"Ộ","width":23,"height":34,"xoffset":-1,"yoffset":14,"xadvance":21,"chnl":15,"x":890,"y":420,"page":0},{"id":7897,"index":0,"char":"ộ","width":23,"height":34,"xoffset":-1,"yoffset":14,"xadvance":21,"chnl":15,"x":914,"y":420,"page":0},{"id":7898,"index":0,"char":"Ớ","width":23,"height":34,"xoffset":-1,"yoffset":14,"xadvance":21,"chnl":15,"x":938,"y":420,"page":0},{"id":7899,"index":0,"char":"ớ","width":23,"height":34,"xoffset":-1,"yoffset":14,"xadvance":21,"chnl":15,"x":962,"y":420,"page":0},{"id":7900,"index":0,"char":"Ờ","width":23,"height":34,"xoffset":-1,"yoffset":14,"xadvance":21,"chnl":15,"x":986,"y":420,"page":0},{"id":7901,"index":0,"char":"ờ","width":23,"height":34,"xoffset":-1,"yoffset":14,"xadvance":21,"chnl":15,"x":614,"y":455,"page":0},{"id":7902,"index":0,"char":"Ở","width":23,"height":34,"xoffset":-1,"yoffset":14,"xadvance":21,"chnl":15,"x":573,"y":456,"page":0},{"id":7903,"index":0,"char":"ở","width":23,"height":34,"xoffset":-1,"yoffset":14,"xadvance":21,"chnl":15,"x":533,"y":490,"page":0},{"id":7904,"index":0,"char":"Ỡ","width":23,"height":34,"xoffset":-1,"yoffset":14,"xadvance":21,"chnl":15,"x":498,"y":492,"page":0},{"id":7905,"index":0,"char":"ỡ","width":23,"height":34,"xoffset":-1,"yoffset":14,"xadvance":21,"chnl":15,"x":420,"y":495,"page":0},{"id":7906,"index":0,"char":"Ợ","width":23,"height":34,"xoffset":-1,"yoffset":14,"xadvance":21,"chnl":15,"x":366,"y":528,"page":0},{"id":7907,"index":0,"char":"ợ","width":23,"height":34,"xoffset":-1,"yoffset":14,"xadvance":21,"chnl":15,"x":336,"y":534,"page":0},{"id":7908,"index":0,"char":"Ụ","width":23,"height":34,"xoffset":-1,"yoffset":14,"xadvance":21,"chnl":15,"x":390,"y":528,"page":0},{"id":7909,"index":0,"char":"ụ","width":23,"height":34,"xoffset":-1,"yoffset":14,"xadvance":21,"chnl":15,"x":444,"y":495,"page":0},{"id":7910,"index":0,"char":"Ủ","width":23,"height":34,"xoffset":-1,"yoffset":14,"xadvance":21,"chnl":15,"x":468,"y":495,"page":0},{"id":7911,"index":0,"char":"ủ","width":23,"height":34,"xoffset":-1,"yoffset":14,"xadvance":21,"chnl":15,"x":240,"y":541,"page":0},{"id":7912,"index":0,"char":"Ứ","width":23,"height":34,"xoffset":-1,"yoffset":14,"xadvance":21,"chnl":15,"x":192,"y":542,"page":0},{"id":7913,"index":0,"char":"ứ","width":23,"height":34,"xoffset":-1,"yoffset":14,"xadvance":21,"chnl":15,"x":216,"y":542,"page":0},{"id":7914,"index":0,"char":"Ừ","width":23,"height":34,"xoffset":-1,"yoffset":14,"xadvance":21,"chnl":15,"x":168,"y":543,"page":0},{"id":7915,"index":0,"char":"ừ","width":23,"height":34,"xoffset":-1,"yoffset":14,"xadvance":21,"chnl":15,"x":120,"y":544,"page":0},{"id":7916,"index":0,"char":"Ử","width":23,"height":34,"xoffset":-1,"yoffset":14,"xadvance":21,"chnl":15,"x":96,"y":571,"page":0},{"id":7917,"index":0,"char":"ử","width":23,"height":34,"xoffset":-1,"yoffset":14,"xadvance":21,"chnl":15,"x":144,"y":544,"page":0},{"id":7918,"index":0,"char":"Ữ","width":23,"height":34,"xoffset":-1,"yoffset":14,"xadvance":21,"chnl":15,"x":72,"y":597,"page":0},{"id":7919,"index":0,"char":"ữ","width":23,"height":34,"xoffset":-1,"yoffset":14,"xadvance":21,"chnl":15,"x":48,"y":598,"page":0},{"id":7920,"index":0,"char":"Ự","width":23,"height":34,"xoffset":-1,"yoffset":14,"xadvance":21,"chnl":15,"x":24,"y":600,"page":0},{"id":7921,"index":0,"char":"ự","width":23,"height":34,"xoffset":-1,"yoffset":14,"xadvance":21,"chnl":15,"x":0,"y":601,"page":0},{"id":7922,"index":0,"char":"Ỳ","width":23,"height":34,"xoffset":-1,"yoffset":14,"xadvance":21,"chnl":15,"x":264,"y":541,"page":0},{"id":7923,"index":0,"char":"ỳ","width":23,"height":34,"xoffset":-1,"yoffset":14,"xadvance":21,"chnl":15,"x":288,"y":541,"page":0},{"id":7924,"index":0,"char":"Ỵ","width":23,"height":34,"xoffset":-1,"yoffset":14,"xadvance":21,"chnl":15,"x":312,"y":541,"page":0},{"id":7925,"index":0,"char":"ỵ","width":23,"height":34,"xoffset":-1,"yoffset":14,"xadvance":21,"chnl":15,"x":0,"y":636,"page":0},{"id":7926,"index":0,"char":"Ỷ","width":23,"height":34,"xoffset":-1,"yoffset":14,"xadvance":21,"chnl":15,"x":0,"y":671,"page":0},{"id":7927,"index":0,"char":"ỷ","width":23,"height":34,"xoffset":-1,"yoffset":14,"xadvance":21,"chnl":15,"x":0,"y":706,"page":0},{"id":7928,"index":0,"char":"Ỹ","width":23,"height":34,"xoffset":-1,"yoffset":14,"xadvance":21,"chnl":15,"x":0,"y":741,"page":0},{"id":7929,"index":0,"char":"ỹ","width":23,"height":34,"xoffset":-1,"yoffset":14,"xadvance":21,"chnl":15,"x":0,"y":776,"page":0},{"id":8192,"index":0,"char":" ","width":23,"height":34,"xoffset":-1,"yoffset":14,"xadvance":21,"chnl":15,"x":0,"y":811,"page":0},{"id":8193,"index":0,"char":" ","width":23,"height":34,"xoffset":-1,"yoffset":14,"xadvance":21,"chnl":15,"x":0,"y":846,"page":0},{"id":8194,"index":0,"char":" ","width":23,"height":34,"xoffset":-1,"yoffset":14,"xadvance":21,"chnl":15,"x":0,"y":881,"page":0},{"id":8195,"index":0,"char":" ","width":23,"height":34,"xoffset":-1,"yoffset":14,"xadvance":21,"chnl":15,"x":0,"y":916,"page":0},{"id":8196,"index":0,"char":" ","width":23,"height":34,"xoffset":-1,"yoffset":14,"xadvance":21,"chnl":15,"x":0,"y":951,"page":0},{"id":8197,"index":0,"char":" ","width":23,"height":34,"xoffset":-1,"yoffset":14,"xadvance":21,"chnl":15,"x":0,"y":986,"page":0},{"id":8198,"index":0,"char":" ","width":23,"height":34,"xoffset":-1,"yoffset":14,"xadvance":21,"chnl":15,"x":24,"y":635,"page":0},{"id":8199,"index":0,"char":" ","width":23,"height":34,"xoffset":-1,"yoffset":14,"xadvance":21,"chnl":15,"x":24,"y":670,"page":0},{"id":8200,"index":0,"char":" ","width":23,"height":34,"xoffset":-1,"yoffset":14,"xadvance":21,"chnl":15,"x":24,"y":705,"page":0},{"id":8201,"index":0,"char":" ","width":23,"height":34,"xoffset":-1,"yoffset":14,"xadvance":21,"chnl":15,"x":24,"y":740,"page":0},{"id":8202,"index":0,"char":" ","width":23,"height":34,"xoffset":-1,"yoffset":14,"xadvance":21,"chnl":15,"x":24,"y":775,"page":0},{"id":8203,"index":0,"char":"​","width":23,"height":34,"xoffset":-1,"yoffset":14,"xadvance":21,"chnl":15,"x":24,"y":810,"page":0},{"id":8208,"index":0,"char":"‐","width":23,"height":34,"xoffset":-1,"yoffset":14,"xadvance":21,"chnl":15,"x":24,"y":845,"page":0},{"id":8209,"index":0,"char":"‑","width":23,"height":34,"xoffset":-1,"yoffset":14,"xadvance":21,"chnl":15,"x":24,"y":880,"page":0},{"id":8210,"index":0,"char":"‒","width":23,"height":34,"xoffset":-1,"yoffset":14,"xadvance":21,"chnl":15,"x":24,"y":915,"page":0},{"id":8212,"index":207,"char":"—","width":34,"height":7,"xoffset":0,"yoffset":30,"xadvance":35,"chnl":15,"x":24,"y":950,"page":0},{"id":8213,"index":0,"char":"―","width":23,"height":34,"xoffset":-1,"yoffset":14,"xadvance":21,"chnl":15,"x":24,"y":958,"page":0},{"id":8218,"index":0,"char":"‚","width":23,"height":34,"xoffset":-1,"yoffset":14,"xadvance":21,"chnl":15,"x":48,"y":958,"page":0},{"id":8222,"index":0,"char":"„","width":23,"height":34,"xoffset":-1,"yoffset":14,"xadvance":21,"chnl":15,"x":48,"y":633,"page":0},{"id":8224,"index":0,"char":"†","width":23,"height":34,"xoffset":-1,"yoffset":14,"xadvance":21,"chnl":15,"x":48,"y":668,"page":0},{"id":8225,"index":0,"char":"‡","width":23,"height":34,"xoffset":-1,"yoffset":14,"xadvance":21,"chnl":15,"x":48,"y":703,"page":0},{"id":8240,"index":0,"char":"‰","width":23,"height":34,"xoffset":-1,"yoffset":14,"xadvance":21,"chnl":15,"x":48,"y":738,"page":0},{"id":8242,"index":0,"char":"′","width":23,"height":34,"xoffset":-1,"yoffset":14,"xadvance":21,"chnl":15,"x":48,"y":773,"page":0},{"id":8243,"index":0,"char":"″","width":23,"height":34,"xoffset":-1,"yoffset":14,"xadvance":21,"chnl":15,"x":48,"y":808,"page":0},{"id":8244,"index":0,"char":"‴","width":23,"height":34,"xoffset":-1,"yoffset":14,"xadvance":21,"chnl":15,"x":48,"y":843,"page":0},{"id":8245,"index":0,"char":"‵","width":23,"height":34,"xoffset":-1,"yoffset":14,"xadvance":21,"chnl":15,"x":48,"y":878,"page":0},{"id":8249,"index":0,"char":"‹","width":23,"height":34,"xoffset":-1,"yoffset":14,"xadvance":21,"chnl":15,"x":48,"y":913,"page":0},{"id":8250,"index":0,"char":"›","width":23,"height":34,"xoffset":-1,"yoffset":14,"xadvance":21,"chnl":15,"x":72,"y":632,"page":0},{"id":8260,"index":0,"char":"⁄","width":23,"height":34,"xoffset":-1,"yoffset":14,"xadvance":21,"chnl":15,"x":72,"y":667,"page":0},{"id":8274,"index":0,"char":"⁒","width":23,"height":34,"xoffset":-1,"yoffset":14,"xadvance":21,"chnl":15,"x":72,"y":702,"page":0},{"id":8353,"index":0,"char":"₡","width":23,"height":34,"xoffset":-1,"yoffset":14,"xadvance":21,"chnl":15,"x":72,"y":737,"page":0},{"id":8355,"index":0,"char":"₣","width":23,"height":34,"xoffset":-1,"yoffset":14,"xadvance":21,"chnl":15,"x":72,"y":772,"page":0},{"id":8356,"index":0,"char":"₤","width":23,"height":34,"xoffset":-1,"yoffset":14,"xadvance":21,"chnl":15,"x":72,"y":807,"page":0},{"id":8358,"index":0,"char":"₦","width":23,"height":34,"xoffset":-1,"yoffset":14,"xadvance":21,"chnl":15,"x":72,"y":842,"page":0},{"id":8359,"index":0,"char":"₧","width":23,"height":34,"xoffset":-1,"yoffset":14,"xadvance":21,"chnl":15,"x":72,"y":877,"page":0},{"id":8361,"index":0,"char":"₩","width":23,"height":34,"xoffset":-1,"yoffset":14,"xadvance":21,"chnl":15,"x":72,"y":912,"page":0},{"id":8363,"index":0,"char":"₫","width":23,"height":34,"xoffset":-1,"yoffset":14,"xadvance":21,"chnl":15,"x":72,"y":947,"page":0},{"id":8364,"index":217,"char":"€","width":34,"height":34,"xoffset":-1,"yoffset":14,"xadvance":34,"chnl":15,"x":72,"y":982,"page":0},{"id":8365,"index":0,"char":"₭","width":23,"height":34,"xoffset":-1,"yoffset":14,"xadvance":21,"chnl":15,"x":96,"y":606,"page":0},{"id":8366,"index":0,"char":"₮","width":23,"height":34,"xoffset":-1,"yoffset":14,"xadvance":21,"chnl":15,"x":96,"y":641,"page":0},{"id":8369,"index":0,"char":"₱","width":23,"height":34,"xoffset":-1,"yoffset":14,"xadvance":21,"chnl":15,"x":96,"y":676,"page":0},{"id":8370,"index":0,"char":"₲","width":23,"height":34,"xoffset":-1,"yoffset":14,"xadvance":21,"chnl":15,"x":96,"y":711,"page":0},{"id":8372,"index":0,"char":"₴","width":23,"height":34,"xoffset":-1,"yoffset":14,"xadvance":21,"chnl":15,"x":96,"y":746,"page":0},{"id":8373,"index":0,"char":"₵","width":23,"height":34,"xoffset":-1,"yoffset":14,"xadvance":21,"chnl":15,"x":96,"y":781,"page":0},{"id":8376,"index":0,"char":"₸","width":23,"height":34,"xoffset":-1,"yoffset":14,"xadvance":21,"chnl":15,"x":96,"y":816,"page":0},{"id":8377,"index":0,"char":"₹","width":23,"height":34,"xoffset":-1,"yoffset":14,"xadvance":21,"chnl":15,"x":96,"y":851,"page":0},{"id":8378,"index":0,"char":"₺","width":23,"height":34,"xoffset":-1,"yoffset":14,"xadvance":21,"chnl":15,"x":96,"y":886,"page":0},{"id":8380,"index":0,"char":"₼","width":23,"height":34,"xoffset":-1,"yoffset":14,"xadvance":21,"chnl":15,"x":96,"y":921,"page":0},{"id":8381,"index":0,"char":"₽","width":23,"height":34,"xoffset":-1,"yoffset":14,"xadvance":21,"chnl":15,"x":107,"y":956,"page":0},{"id":8592,"index":0,"char":"←","width":23,"height":34,"xoffset":-1,"yoffset":14,"xadvance":21,"chnl":15,"x":120,"y":579,"page":0},{"id":8593,"index":0,"char":"↑","width":23,"height":34,"xoffset":-1,"yoffset":14,"xadvance":21,"chnl":15,"x":120,"y":614,"page":0},{"id":8594,"index":0,"char":"→","width":23,"height":34,"xoffset":-1,"yoffset":14,"xadvance":21,"chnl":15,"x":120,"y":649,"page":0},{"id":8595,"index":0,"char":"↓","width":23,"height":34,"xoffset":-1,"yoffset":14,"xadvance":21,"chnl":15,"x":120,"y":684,"page":0},{"id":8706,"index":0,"char":"∂","width":23,"height":34,"xoffset":-1,"yoffset":14,"xadvance":21,"chnl":15,"x":120,"y":719,"page":0},{"id":8709,"index":0,"char":"∅","width":23,"height":34,"xoffset":-1,"yoffset":14,"xadvance":21,"chnl":15,"x":120,"y":754,"page":0},{"id":8710,"index":0,"char":"∆","width":23,"height":34,"xoffset":-1,"yoffset":14,"xadvance":21,"chnl":15,"x":120,"y":789,"page":0},{"id":8719,"index":0,"char":"∏","width":23,"height":34,"xoffset":-1,"yoffset":14,"xadvance":21,"chnl":15,"x":120,"y":824,"page":0},{"id":8721,"index":0,"char":"∑","width":23,"height":34,"xoffset":-1,"yoffset":14,"xadvance":21,"chnl":15,"x":120,"y":859,"page":0},{"id":8725,"index":0,"char":"∕","width":23,"height":34,"xoffset":-1,"yoffset":14,"xadvance":21,"chnl":15,"x":120,"y":894,"page":0},{"id":8729,"index":0,"char":"∙","width":23,"height":34,"xoffset":-1,"yoffset":14,"xadvance":21,"chnl":15,"x":131,"y":929,"page":0},{"id":8730,"index":0,"char":"√","width":23,"height":34,"xoffset":-1,"yoffset":14,"xadvance":21,"chnl":15,"x":131,"y":964,"page":0},{"id":8734,"index":0,"char":"∞","width":23,"height":34,"xoffset":-1,"yoffset":14,"xadvance":21,"chnl":15,"x":144,"y":579,"page":0},{"id":8747,"index":0,"char":"∫","width":23,"height":34,"xoffset":-1,"yoffset":14,"xadvance":21,"chnl":15,"x":144,"y":614,"page":0},{"id":8758,"index":0,"char":"∶","width":23,"height":34,"xoffset":-1,"yoffset":14,"xadvance":21,"chnl":15,"x":144,"y":649,"page":0},{"id":8776,"index":0,"char":"≈","width":23,"height":34,"xoffset":-1,"yoffset":14,"xadvance":21,"chnl":15,"x":144,"y":684,"page":0},{"id":8800,"index":0,"char":"≠","width":23,"height":34,"xoffset":-1,"yoffset":14,"xadvance":21,"chnl":15,"x":144,"y":719,"page":0},{"id":8801,"index":0,"char":"≡","width":23,"height":34,"xoffset":-1,"yoffset":14,"xadvance":21,"chnl":15,"x":144,"y":754,"page":0},{"id":8802,"index":0,"char":"≢","width":23,"height":34,"xoffset":-1,"yoffset":14,"xadvance":21,"chnl":15,"x":144,"y":789,"page":0},{"id":8804,"index":0,"char":"≤","width":23,"height":34,"xoffset":-1,"yoffset":14,"xadvance":21,"chnl":15,"x":144,"y":824,"page":0},{"id":8805,"index":0,"char":"≥","width":23,"height":34,"xoffset":-1,"yoffset":14,"xadvance":21,"chnl":15,"x":144,"y":859,"page":0},{"id":58,"index":186,"char":":","width":7,"height":29,"xoffset":0,"yoffset":19,"xadvance":9,"chnl":15,"x":612,"y":75,"page":0},{"id":97,"index":79,"char":"a","width":29,"height":28,"xoffset":0,"yoffset":20,"xadvance":29,"chnl":15,"x":24,"y":993,"page":0},{"id":99,"index":88,"char":"c","width":29,"height":28,"xoffset":0,"yoffset":20,"xadvance":29,"chnl":15,"x":144,"y":894,"page":0},{"id":101,"index":91,"char":"e","width":29,"height":28,"xoffset":0,"yoffset":20,"xadvance":29,"chnl":15,"x":155,"y":923,"page":0},{"id":110,"index":109,"char":"n","width":29,"height":28,"xoffset":0,"yoffset":20,"xadvance":29,"chnl":15,"x":155,"y":952,"page":0},{"id":111,"index":111,"char":"o","width":29,"height":28,"xoffset":0,"yoffset":20,"xadvance":29,"chnl":15,"x":155,"y":981,"page":0},{"id":115,"index":121,"char":"s","width":29,"height":28,"xoffset":0,"yoffset":20,"xadvance":29,"chnl":15,"x":168,"y":578,"page":0},{"id":117,"index":125,"char":"u","width":29,"height":28,"xoffset":0,"yoffset":20,"xadvance":29,"chnl":15,"x":168,"y":607,"page":0},{"id":120,"index":132,"char":"x","width":29,"height":28,"xoffset":0,"yoffset":20,"xadvance":29,"chnl":15,"x":168,"y":636,"page":0},{"id":122,"index":136,"char":"z","width":29,"height":28,"xoffset":0,"yoffset":20,"xadvance":29,"chnl":15,"x":168,"y":665,"page":0},{"id":8211,"index":206,"char":"–","width":29,"height":7,"xoffset":0,"yoffset":30,"xadvance":30,"chnl":15,"x":54,"y":1017,"page":0},{"id":60,"index":227,"char":"<","width":21,"height":28,"xoffset":-2,"yoffset":20,"xadvance":20,"chnl":15,"x":482,"y":149,"page":0},{"id":62,"index":226,"char":">","width":21,"height":28,"xoffset":0,"yoffset":20,"xadvance":20,"chnl":15,"x":1003,"y":105,"page":0},{"id":114,"index":120,"char":"r","width":23,"height":28,"xoffset":0,"yoffset":20,"xadvance":22,"chnl":15,"x":668,"y":37,"page":0},{"id":247,"index":224,"char":"÷","width":24,"height":28,"xoffset":-1,"yoffset":20,"xadvance":21,"chnl":15,"x":168,"y":694,"page":0},{"id":305,"index":100,"char":"ı","width":7,"height":28,"xoffset":1,"yoffset":20,"xadvance":9,"chnl":15,"x":649,"y":142,"page":0},{"id":61,"index":225,"char":"=","width":26,"height":16,"xoffset":0,"yoffset":26,"xadvance":27,"chnl":15,"x":141,"y":35,"page":0},{"id":8230,"index":188,"char":"…","width":23,"height":7,"xoffset":0,"yoffset":41,"xadvance":24,"chnl":15,"x":174,"y":147,"page":0},{"id":42,"index":194,"char":"*","width":22,"height":21,"xoffset":-1,"yoffset":14,"xadvance":21,"chnl":15,"x":716,"y":106,"page":0},{"id":215,"index":223,"char":"×","width":22,"height":21,"xoffset":0,"yoffset":23,"xadvance":23,"chnl":15,"x":107,"y":991,"page":0},{"id":43,"index":221,"char":"+","width":20,"height":20,"xoffset":-1,"yoffset":23,"xadvance":18,"chnl":15,"x":739,"y":71,"page":0},{"id":45,"index":205,"char":"-","width":20,"height":7,"xoffset":0,"yoffset":30,"xadvance":22,"chnl":15,"x":1004,"y":385,"page":0},{"id":8722,"index":222,"char":"−","width":20,"height":7,"xoffset":0,"yoffset":30,"xadvance":22,"chnl":15,"x":84,"y":1017,"page":0},{"id":126,"index":228,"char":"~","width":18,"height":9,"xoffset":-1,"yoffset":29,"xadvance":17,"chnl":15,"x":1004,"y":134,"page":0},{"id":175,"index":253,"char":"¯","width":18,"height":7,"xoffset":2,"yoffset":14,"xadvance":21,"chnl":15,"x":105,"y":1017,"page":0},{"id":176,"index":233,"char":"°","width":18,"height":18,"xoffset":0,"yoffset":13,"xadvance":18,"chnl":15,"x":1004,"y":393,"page":0},{"id":732,"index":252,"char":"˜","width":18,"height":11,"xoffset":-1,"yoffset":9,"xadvance":17,"chnl":15,"x":716,"y":128,"page":0},{"id":168,"index":244,"char":"¨","width":15,"height":7,"xoffset":2,"yoffset":14,"xadvance":20,"chnl":15,"x":149,"y":256,"page":0},{"id":8220,"index":209,"char":"“","width":15,"height":13,"xoffset":0,"yoffset":14,"xadvance":15,"chnl":15,"x":197,"y":264,"page":0},{"id":8221,"index":210,"char":"”","width":15,"height":13,"xoffset":0,"yoffset":14,"xadvance":15,"chnl":15,"x":221,"y":298,"page":0},{"id":34,"index":213,"char":"\"","width":14,"height":10,"xoffset":0,"yoffset":14,"xadvance":16,"chnl":15,"x":1010,"y":412,"page":0},{"id":710,"index":248,"char":"ˆ","width":14,"height":10,"xoffset":2,"yoffset":10,"xadvance":19,"chnl":15,"x":1010,"y":423,"page":0},{"id":731,"index":255,"char":"˛","width":9,"height":14,"xoffset":6,"yoffset":45,"xadvance":21,"chnl":15,"x":270,"y":48,"page":0},{"id":44,"index":185,"char":",","width":7,"height":13,"xoffset":0,"yoffset":41,"xadvance":8,"chnl":15,"x":209,"y":58,"page":0},{"id":8216,"index":211,"char":"‘","width":7,"height":13,"xoffset":-1,"yoffset":14,"xadvance":7,"chnl":15,"x":201,"y":103,"page":0},{"id":8217,"index":212,"char":"’","width":7,"height":13,"xoffset":0,"yoffset":14,"xadvance":7,"chnl":15,"x":697,"y":176,"page":0},{"id":711,"index":249,"char":"ˇ","width":12,"height":9,"xoffset":0,"yoffset":12,"xadvance":12,"chnl":15,"x":601,"y":215,"page":0},{"id":728,"index":250,"char":"˘","width":12,"height":7,"xoffset":0,"yoffset":5,"xadvance":12,"chnl":15,"x":625,"y":247,"page":0},{"id":184,"index":254,"char":"¸","width":9,"height":11,"xoffset":0,"yoffset":43,"xadvance":9,"chnl":15,"x":280,"y":130,"page":0},{"id":730,"index":251,"char":"˚","width":11,"height":11,"xoffset":-1,"yoffset":5,"xadvance":10,"chnl":15,"x":458,"y":121,"page":0},{"id":39,"index":214,"char":"'","width":7,"height":10,"xoffset":0,"yoffset":14,"xadvance":9,"chnl":15,"x":1017,"y":144,"page":0},{"id":96,"index":246,"char":"`","width":9,"height":10,"xoffset":2,"yoffset":11,"xadvance":13,"chnl":15,"x":270,"y":63,"page":0},{"id":180,"index":247,"char":"´","width":9,"height":10,"xoffset":1,"yoffset":11,"xadvance":9,"chnl":15,"x":280,"y":142,"page":0},{"id":46,"index":184,"char":".","width":7,"height":7,"xoffset":0,"yoffset":41,"xadvance":9,"chnl":15,"x":138,"y":291,"page":0},{"id":729,"index":245,"char":"˙","width":7,"height":7,"xoffset":1,"yoffset":14,"xadvance":10,"chnl":15,"x":697,"y":190,"page":0},{"id":8226,"index":193,"char":"•","width":7,"height":7,"xoffset":4,"yoffset":27,"xadvance":16,"chnl":15,"x":1017,"y":155,"page":0},{"id":32,"index":215,"char":" ","width":0,"height":0,"xoffset":-2,"yoffset":44,"xadvance":11,"chnl":15,"x":140,"y":80,"page":0}],"info":{"face":"Orbitron-VariableFontwght","size":42,"bold":0,"italic":0,"charset":["!","\"","#","$","%","&","'","(",")","*","+",",","-",".","/","0","1","2","3","4","5","6","7","8","9",":",";","<","=",">","?","@","A","B","C","D","E","F","G","H","I","J","K","L","M","N","O","P","Q","R","S","T","U","V","W","X","Y","Z","[","\\","]","^","_","`","a","b","c","d","e","f","g","h","i","j","k","l","m","n","o","p","q","r","s","t","u","v","w","x","y","z","{","|","}","~"," ","¡","¢","£","¤","¥","¦","§","¨","©","ª","«","¬","­","®","¯","°","±","²","³","´","µ","¶","·","¸","¹","º","»","¼","½","¾","¿","À","Á","Â","Ã","Ä","Å","Æ","Ç","È","É","Ê","Ë","Ì","Í","Î","Ï","Ð","Ñ","Ò","Ó","Ô","Õ","Ö","×","Ø","Ù","Ú","Û","Ü","Ý","Þ","ß","à","á","â","ã","ä","å","æ","ç","è","é","ê","ë","ì","í","î","ï","ð","ñ","ò","ó","ô","õ","ö","÷","ø","ù","ú","û","ü","ý","þ","ÿ","Ā","ā","Ă","ă","Ą","ą","Ć","ć","Ĉ","ĉ","Ċ","ċ","Č","č","Ď","ď","Đ","đ","Ē","ē","Ĕ","ĕ","Ė","ė","Ę","ę","Ě","ě","Ĝ","ĝ","Ğ","ğ","Ġ","ġ","Ģ","ģ","Ĥ","ĥ","Ħ","ħ","Ĩ","ĩ","Ī","ī","Ĭ","ĭ","Į","į","İ","ı","Ĵ","ĵ","Ķ","ķ","ĸ","Ĺ","ĺ","Ļ","ļ","Ľ","ľ","Ŀ","ŀ","Ł","ł","Ń","ń","Ņ","ņ","Ň","ň","Ŋ","ŋ","Ō","ō","Ŏ","ŏ","Ő","ő","Œ","œ","Ŕ","ŕ","Ŗ","ŗ","Ř","ř","Ś","ś","Ŝ","ŝ","Ş","ş","Š","š","Ţ","ţ","Ť","ť","Ŧ","ŧ","Ũ","ũ","Ū","ū","Ŭ","ŭ","Ů","ů","Ű","ű","Ų","ų","Ŵ","ŵ","Ŷ","ŷ","Ÿ","Ź","ź","Ż","ż","Ž","ž","Ə","ƒ","Ơ","ơ","Ư","ư","Ǆ","ǅ","ǆ","Ǉ","ǈ","ǉ","Ǌ","ǋ","ǌ","Ǎ","ǎ","Ǐ","ǐ","Ǒ","ǒ","Ǔ","ǔ","Ǖ","ǖ","Ǘ","ǘ","Ǚ","ǚ","Ǜ","ǜ","Ǧ","ǧ","Ǫ","ǫ","Ǻ","ǻ","Ǽ","ǽ","Ǿ","ǿ","Ȁ","ȁ","Ȃ","ȃ","Ȅ","ȅ","Ȇ","ȇ","Ȉ","ȉ","Ȋ","ȋ","Ȍ","ȍ","Ȏ","ȏ","Ȑ","ȑ","Ȓ","ȓ","Ȕ","ȕ","Ȗ","ȗ","Ș","ș","Ț","ț","Ȫ","ȫ","Ȭ","ȭ","Ȱ","ȱ","Ȳ","ȳ","ȷ","ə","ʹ","ʺ","ʻ","ʼ","ʾ","ʿ","ˆ","ˇ","ˈ","ˉ","ˊ","ˋ","ˌ","˘","˙","˚","˛","˜","˝","Ḉ","ḉ","Ḍ","ḍ","Ḏ","ḏ","Ḕ","ḕ","Ḗ","ḗ","Ḝ","ḝ","Ḡ","ḡ","Ḥ","ḥ","Ḫ","ḫ","Ḯ","ḯ","Ḱ","ḱ","Ḷ","ḷ","Ḻ","ḻ","Ṃ","ṃ","Ṅ","ṅ","Ṇ","ṇ","Ṉ","ṉ","Ṍ","ṍ","Ṏ","ṏ","Ṑ","ṑ","Ṓ","ṓ","Ṛ","ṛ","Ṟ","ṟ","Ṡ","ṡ","Ṣ","ṣ","Ṥ","ṥ","Ṧ","ṧ","Ṩ","ṩ","Ṭ","ṭ","Ṯ","ṯ","Ṹ","ṹ","Ṻ","ṻ","Ẁ","ẁ","Ẃ","ẃ","Ẅ","ẅ","Ẏ","ẏ","Ẓ","ẓ","ẗ","ẞ","Ạ","ạ","Ả","ả","Ấ","ấ","Ầ","ầ","Ẩ","ẩ","Ẫ","ẫ","Ậ","ậ","Ắ","ắ","Ằ","ằ","Ẳ","ẳ","Ẵ","ẵ","Ặ","ặ","Ẹ","ẹ","Ẻ","ẻ","Ẽ","ẽ","Ế","ế","Ề","ề","Ể","ể","Ễ","ễ","Ệ","ệ","Ỉ","ỉ","Ị","ị","Ọ","ọ","Ỏ","ỏ","Ố","ố","Ồ","ồ","Ổ","ổ","Ỗ","ỗ","Ộ","ộ","Ớ","ớ","Ờ","ờ","Ở","ở","Ỡ","ỡ","Ợ","ợ","Ụ","ụ","Ủ","ủ","Ứ","ứ","Ừ","ừ","Ử","ử","Ữ","ữ","Ự","ự","Ỳ","ỳ","Ỵ","ỵ","Ỷ","ỷ","Ỹ","ỹ"," "," "," "," "," "," "," "," "," "," "," ","​","‐","‑","‒","–","—","―","‘","’","‚","“","”","„","†","‡","•","…","‰","′","″","‴","‵","‹","›","⁄","⁒","₡","₣","₤","₦","₧","₩","₫","€","₭","₮","₱","₲","₴","₵","₸","₹","₺","₼","₽","←","↑","→","↓","∂","∅","∆","∏","∑","−","∕","∙","√","∞","∫","∶","≈","≠","≡","≢","≤","≥"],"unicode":1,"stretchH":100,"smooth":1,"aa":1,"padding":[2,2,2,2],"spacing":[0,0]},"common":{"lineHeight":53,"base":44,"scaleW":1024,"scaleH":1024,"pages":1,"packed":0,"alphaChnl":0,"redChnl":0,"greenChnl":0,"blueChnl":0},"distanceField":{"fieldType":"msdf","distanceRange":4},"kernings":[{"first":63,"second":118,"amount":0},{"first":65,"second":87,"amount":-1},{"first":65,"second":89,"amount":-1},{"first":66,"second":86,"amount":-2},{"first":66,"second":89,"amount":-1},{"first":68,"second":86,"amount":-1},{"first":68,"second":90,"amount":-1},{"first":69,"second":77,"amount":-1},{"first":69,"second":79,"amount":-1},{"first":70,"second":46,"amount":-5},{"first":70,"second":74,"amount":-10},{"first":70,"second":82,"amount":0},{"first":70,"second":84,"amount":0},{"first":70,"second":121,"amount":-1},{"first":71,"second":87,"amount":-1},{"first":75,"second":65,"amount":-1},{"first":75,"second":72,"amount":-1},{"first":76,"second":86,"amount":-10},{"first":76,"second":87,"amount":-5},{"first":76,"second":89,"amount":-8},{"first":77,"second":99,"amount":0},{"first":79,"second":86,"amount":-1},{"first":79,"second":87,"amount":-1},{"first":79,"second":88,"amount":-2},{"first":80,"second":65,"amount":0},{"first":80,"second":74,"amount":-8},{"first":80,"second":100,"amount":0},{"first":80,"second":118,"amount":0},{"first":82,"second":86,"amount":-1},{"first":82,"second":87,"amount":-1},{"first":83,"second":78,"amount":-1},{"first":83,"second":87,"amount":-1},{"first":83,"second":89,"amount":0},{"first":84,"second":111,"amount":-5},{"first":84,"second":115,"amount":-5},{"first":84,"second":117,"amount":-4},{"first":84,"second":119,"amount":-3},{"first":84,"second":121,"amount":-4},{"first":84,"second":122,"amount":-4},{"first":86,"second":65,"amount":-2},{"first":86,"second":79,"amount":-1},{"first":86,"second":83,"amount":-1},{"first":86,"second":111,"amount":-1},{"first":86,"second":115,"amount":-2},{"first":87,"second":65,"amount":-1},{"first":87,"second":79,"amount":-1},{"first":87,"second":97,"amount":-1},{"first":87,"second":101,"amount":-1},{"first":87,"second":105,"amount":0},{"first":87,"second":111,"amount":-1},{"first":87,"second":117,"amount":-1},{"first":88,"second":66,"amount":-1},{"first":89,"second":83,"amount":-1},{"first":89,"second":97,"amount":-4},{"first":89,"second":101,"amount":-5},{"first":89,"second":105,"amount":-1},{"first":89,"second":111,"amount":-5},{"first":89,"second":112,"amount":-4},{"first":89,"second":115,"amount":-5},{"first":89,"second":117,"amount":-4},{"first":90,"second":89,"amount":0},{"first":97,"second":98,"amount":-1},{"first":97,"second":99,"amount":0},{"first":97,"second":108,"amount":0},{"first":97,"second":109,"amount":-1},{"first":97,"second":110,"amount":-1},{"first":97,"second":114,"amount":0},{"first":97,"second":115,"amount":-1},{"first":97,"second":118,"amount":-1},{"first":97,"second":119,"amount":-1},{"first":97,"second":120,"amount":-1},{"first":97,"second":122,"amount":-1},{"first":98,"second":100,"amount":1},{"first":99,"second":101,"amount":-1},{"first":99,"second":104,"amount":-1},{"first":99,"second":107,"amount":-1},{"first":99,"second":116,"amount":-1},{"first":99,"second":117,"amount":-1},{"first":99,"second":122,"amount":-1},{"first":100,"second":101,"amount":-1},{"first":100,"second":111,"amount":-1},{"first":100,"second":117,"amount":-1},{"first":101,"second":99,"amount":-1},{"first":101,"second":101,"amount":-1},{"first":101,"second":108,"amount":-1},{"first":101,"second":114,"amount":0},{"first":101,"second":118,"amount":-1},{"first":101,"second":119,"amount":-1},{"first":101,"second":120,"amount":-1},{"first":102,"second":44,"amount":-8},{"first":102,"second":116,"amount":0},{"first":102,"second":117,"amount":0},{"first":103,"second":97,"amount":-1},{"first":103,"second":99,"amount":-1},{"first":103,"second":101,"amount":-1},{"first":103,"second":111,"amount":-1},{"first":103,"second":114,"amount":-1},{"first":103,"second":115,"amount":-1},{"first":103,"second":117,"amount":-1},{"first":103,"second":119,"amount":-1},{"first":104,"second":97,"amount":0},{"first":104,"second":102,"amount":0},{"first":104,"second":105,"amount":0},{"first":105,"second":97,"amount":-1},{"first":105,"second":99,"amount":-1},{"first":105,"second":102,"amount":-2},{"first":105,"second":110,"amount":-1},{"first":105,"second":112,"amount":-1},{"first":105,"second":113,"amount":-1},{"first":105,"second":118,"amount":0},{"first":105,"second":120,"amount":-2},{"first":106,"second":101,"amount":-1},{"first":107,"second":101,"amount":0},{"first":108,"second":97,"amount":0},{"first":108,"second":100,"amount":0},{"first":108,"second":101,"amount":-1},{"first":108,"second":109,"amount":0},{"first":108,"second":111,"amount":0},{"first":108,"second":118,"amount":-2},{"first":108,"second":119,"amount":-3},{"first":108,"second":8217,"amount":-4},{"first":109,"second":107,"amount":-1},{"first":109,"second":109,"amount":-1},{"first":109,"second":119,"amount":-1},{"first":110,"second":98,"amount":-1},{"first":110,"second":99,"amount":-1},{"first":110,"second":111,"amount":-1},{"first":110,"second":112,"amount":0},{"first":110,"second":120,"amount":-1},{"first":111,"second":97,"amount":0},{"first":111,"second":108,"amount":-1},{"first":111,"second":110,"amount":-1},{"first":111,"second":111,"amount":-1},{"first":111,"second":114,"amount":0},{"first":111,"second":115,"amount":-1},{"first":111,"second":116,"amount":-1},{"first":111,"second":117,"amount":-1},{"first":111,"second":118,"amount":-1},{"first":111,"second":119,"amount":-1},{"first":111,"second":120,"amount":-1},{"first":112,"second":100,"amount":1},{"first":112,"second":105,"amount":1},{"first":112,"second":115,"amount":0},{"first":113,"second":117,"amount":-1},{"first":114,"second":44,"amount":-10},{"first":114,"second":46,"amount":-1},{"first":114,"second":111,"amount":0},{"first":115,"second":99,"amount":-1},{"first":115,"second":101,"amount":-1},{"first":115,"second":107,"amount":-1},{"first":115,"second":110,"amount":-1},{"first":115,"second":117,"amount":-1},{"first":115,"second":118,"amount":-1},{"first":115,"second":120,"amount":-2},{"first":115,"second":122,"amount":-1},{"first":116,"second":98,"amount":0},{"first":116,"second":100,"amount":1},{"first":116,"second":104,"amount":0},{"first":116,"second":105,"amount":0},{"first":116,"second":122,"amount":0},{"first":117,"second":98,"amount":-1},{"first":117,"second":99,"amount":-1},{"first":117,"second":100,"amount":0},{"first":117,"second":101,"amount":-1},{"first":117,"second":102,"amount":0},{"first":117,"second":109,"amount":-1},{"first":117,"second":110,"amount":0},{"first":117,"second":112,"amount":-1},{"first":117,"second":115,"amount":-1},{"first":117,"second":116,"amount":-1},{"first":117,"second":120,"amount":-1},{"first":117,"second":122,"amount":-1},{"first":118,"second":101,"amount":-1},{"first":118,"second":111,"amount":-1},{"first":118,"second":115,"amount":-1},{"first":119,"second":101,"amount":-1},{"first":119,"second":111,"amount":-1},{"first":119,"second":114,"amount":-1},{"first":119,"second":115,"amount":-1},{"first":120,"second":101,"amount":-2},{"first":121,"second":97,"amount":-1},{"first":121,"second":99,"amount":-1},{"first":121,"second":101,"amount":-1},{"first":121,"second":108,"amount":0},{"first":121,"second":110,"amount":-1},{"first":121,"second":111,"amount":-1},{"first":122,"second":97,"amount":-1},{"first":122,"second":101,"amount":-1},{"first":122,"second":108,"amount":-1},{"first":122,"second":116,"amount":-1},{"first":122,"second":122,"amount":-1}]}