{"pages":["Peignot.png"],"chars":[{"id":40,"index":11,"char":"(","width":11,"height":45,"xoffset":4,"yoffset":2,"xadvance":16,"chnl":15,"x":0,"y":0,"page":0},{"id":41,"index":12,"char":")","width":11,"height":45,"xoffset":1,"yoffset":2,"xadvance":16,"chnl":15,"x":0,"y":46,"page":0},{"id":8240,"index":181,"char":"‰","width":44,"height":34,"xoffset":-1,"yoffset":7,"xadvance":45,"chnl":15,"x":0,"y":92,"page":0},{"id":123,"index":94,"char":"{","width":14,"height":41,"xoffset":0,"yoffset":8,"xadvance":15,"chnl":15,"x":12,"y":0,"page":0},{"id":125,"index":96,"char":"}","width":14,"height":41,"xoffset":-1,"yoffset":8,"xadvance":15,"chnl":15,"x":12,"y":42,"page":0},{"id":254,"index":209,"char":"þ","width":19,"height":41,"xoffset":0,"yoffset":6,"xadvance":20,"chnl":15,"x":27,"y":0,"page":0},{"id":8730,"index":233,"char":"√","width":41,"height":35,"xoffset":-4,"yoffset":5,"xadvance":37,"chnl":15,"x":27,"y":42,"page":0},{"id":8747,"index":231,"char":"∫","width":20,"height":41,"xoffset":-5,"yoffset":7,"xadvance":11,"chnl":15,"x":47,"y":0,"page":0},{"id":199,"index":100,"char":"Ç","width":28,"height":40,"xoffset":1,"yoffset":8,"xadvance":28,"chnl":15,"x":68,"y":0,"page":0},{"id":402,"index":155,"char":"ƒ","width":33,"height":40,"xoffset":-13,"yoffset":9,"xadvance":15,"chnl":15,"x":0,"y":127,"page":0},{"id":190,"index":217,"char":"¾","width":16,"height":39,"xoffset":0,"yoffset":6,"xadvance":16,"chnl":15,"x":0,"y":168,"page":0},{"id":8734,"index":224,"char":"∞","width":39,"height":20,"xoffset":-1,"yoffset":18,"xadvance":39,"chnl":15,"x":0,"y":208,"page":0},{"id":192,"index":160,"char":"À","width":27,"height":38,"xoffset":1,"yoffset":2,"xadvance":28,"chnl":15,"x":17,"y":168,"page":0},{"id":193,"index":184,"char":"Á","width":27,"height":38,"xoffset":1,"yoffset":2,"xadvance":28,"chnl":15,"x":34,"y":127,"page":0},{"id":200,"index":186,"char":"È","width":20,"height":38,"xoffset":3,"yoffset":2,"xadvance":23,"chnl":15,"x":45,"y":78,"page":0},{"id":201,"index":101,"char":"É","width":20,"height":38,"xoffset":3,"yoffset":2,"xadvance":23,"chnl":15,"x":0,"y":229,"page":0},{"id":204,"index":190,"char":"Ì","width":7,"height":38,"xoffset":3,"yoffset":2,"xadvance":10,"chnl":15,"x":0,"y":268,"page":0},{"id":205,"index":187,"char":"Í","width":7,"height":38,"xoffset":3,"yoffset":2,"xadvance":10,"chnl":15,"x":0,"y":307,"page":0},{"id":210,"index":193,"char":"Ò","width":31,"height":38,"xoffset":1,"yoffset":2,"xadvance":30,"chnl":15,"x":0,"y":346,"page":0},{"id":211,"index":191,"char":"Ó","width":31,"height":38,"xoffset":1,"yoffset":2,"xadvance":30,"chnl":15,"x":8,"y":268,"page":0},{"id":212,"index":192,"char":"Ô","width":31,"height":38,"xoffset":1,"yoffset":3,"xadvance":30,"chnl":15,"x":21,"y":229,"page":0},{"id":213,"index":162,"char":"Õ","width":31,"height":38,"xoffset":1,"yoffset":3,"xadvance":30,"chnl":15,"x":8,"y":307,"page":0},{"id":214,"index":103,"char":"Ö","width":31,"height":38,"xoffset":1,"yoffset":3,"xadvance":30,"chnl":15,"x":45,"y":166,"page":0},{"id":217,"index":196,"char":"Ù","width":22,"height":38,"xoffset":3,"yoffset":2,"xadvance":26,"chnl":15,"x":62,"y":117,"page":0},{"id":218,"index":194,"char":"Ú","width":22,"height":38,"xoffset":3,"yoffset":2,"xadvance":26,"chnl":15,"x":66,"y":78,"page":0},{"id":219,"index":195,"char":"Û","width":22,"height":38,"xoffset":3,"yoffset":3,"xadvance":26,"chnl":15,"x":0,"y":385,"page":0},{"id":220,"index":104,"char":"Ü","width":22,"height":38,"xoffset":3,"yoffset":3,"xadvance":26,"chnl":15,"x":0,"y":424,"page":0},{"id":221,"index":206,"char":"Ý","width":26,"height":38,"xoffset":1,"yoffset":2,"xadvance":27,"chnl":15,"x":0,"y":463,"page":0},{"id":253,"index":207,"char":"ý","width":19,"height":38,"xoffset":0,"yoffset":10,"xadvance":19,"chnl":15,"x":23,"y":385,"page":0},{"id":256,"index":0,"char":"Ā","width":20,"height":38,"xoffset":1,"yoffset":2,"xadvance":21,"chnl":15,"x":32,"y":346,"page":0},{"id":257,"index":0,"char":"ā","width":20,"height":38,"xoffset":1,"yoffset":2,"xadvance":21,"chnl":15,"x":23,"y":424,"page":0},{"id":258,"index":0,"char":"Ă","width":20,"height":38,"xoffset":1,"yoffset":2,"xadvance":21,"chnl":15,"x":43,"y":385,"page":0},{"id":259,"index":0,"char":"ă","width":20,"height":38,"xoffset":1,"yoffset":2,"xadvance":21,"chnl":15,"x":40,"y":268,"page":0},{"id":260,"index":0,"char":"Ą","width":20,"height":38,"xoffset":1,"yoffset":2,"xadvance":21,"chnl":15,"x":40,"y":307,"page":0},{"id":261,"index":0,"char":"ą","width":20,"height":38,"xoffset":1,"yoffset":2,"xadvance":21,"chnl":15,"x":53,"y":346,"page":0},{"id":262,"index":0,"char":"Ć","width":20,"height":38,"xoffset":1,"yoffset":2,"xadvance":21,"chnl":15,"x":53,"y":205,"page":0},{"id":263,"index":0,"char":"ć","width":20,"height":38,"xoffset":1,"yoffset":2,"xadvance":21,"chnl":15,"x":61,"y":244,"page":0},{"id":264,"index":0,"char":"Ĉ","width":20,"height":38,"xoffset":1,"yoffset":2,"xadvance":21,"chnl":15,"x":74,"y":205,"page":0},{"id":265,"index":0,"char":"ĉ","width":20,"height":38,"xoffset":1,"yoffset":2,"xadvance":21,"chnl":15,"x":77,"y":156,"page":0},{"id":266,"index":0,"char":"Ċ","width":20,"height":38,"xoffset":1,"yoffset":2,"xadvance":21,"chnl":15,"x":85,"y":117,"page":0},{"id":267,"index":0,"char":"ċ","width":20,"height":38,"xoffset":1,"yoffset":2,"xadvance":21,"chnl":15,"x":61,"y":283,"page":0},{"id":268,"index":0,"char":"Č","width":20,"height":38,"xoffset":1,"yoffset":2,"xadvance":21,"chnl":15,"x":89,"y":41,"page":0},{"id":269,"index":0,"char":"č","width":20,"height":38,"xoffset":1,"yoffset":2,"xadvance":21,"chnl":15,"x":97,"y":0,"page":0},{"id":270,"index":0,"char":"Ď","width":20,"height":38,"xoffset":1,"yoffset":2,"xadvance":21,"chnl":15,"x":0,"y":502,"page":0},{"id":271,"index":0,"char":"ď","width":20,"height":38,"xoffset":1,"yoffset":2,"xadvance":21,"chnl":15,"x":0,"y":541,"page":0},{"id":272,"index":0,"char":"Đ","width":20,"height":38,"xoffset":1,"yoffset":2,"xadvance":21,"chnl":15,"x":0,"y":580,"page":0},{"id":273,"index":0,"char":"đ","width":20,"height":38,"xoffset":1,"yoffset":2,"xadvance":21,"chnl":15,"x":0,"y":619,"page":0},{"id":274,"index":0,"char":"Ē","width":20,"height":38,"xoffset":1,"yoffset":2,"xadvance":21,"chnl":15,"x":0,"y":658,"page":0},{"id":275,"index":0,"char":"ē","width":20,"height":38,"xoffset":1,"yoffset":2,"xadvance":21,"chnl":15,"x":0,"y":697,"page":0},{"id":276,"index":0,"char":"Ĕ","width":20,"height":38,"xoffset":1,"yoffset":2,"xadvance":21,"chnl":15,"x":0,"y":736,"page":0},{"id":277,"index":0,"char":"ĕ","width":20,"height":38,"xoffset":1,"yoffset":2,"xadvance":21,"chnl":15,"x":0,"y":775,"page":0},{"id":278,"index":0,"char":"Ė","width":20,"height":38,"xoffset":1,"yoffset":2,"xadvance":21,"chnl":15,"x":0,"y":814,"page":0},{"id":279,"index":0,"char":"ė","width":20,"height":38,"xoffset":1,"yoffset":2,"xadvance":21,"chnl":15,"x":0,"y":853,"page":0},{"id":280,"index":0,"char":"Ę","width":20,"height":38,"xoffset":1,"yoffset":2,"xadvance":21,"chnl":15,"x":0,"y":892,"page":0},{"id":281,"index":0,"char":"ę","width":20,"height":38,"xoffset":1,"yoffset":2,"xadvance":21,"chnl":15,"x":0,"y":931,"page":0},{"id":282,"index":0,"char":"Ě","width":20,"height":38,"xoffset":1,"yoffset":2,"xadvance":21,"chnl":15,"x":0,"y":970,"page":0},{"id":283,"index":0,"char":"ě","width":20,"height":38,"xoffset":1,"yoffset":2,"xadvance":21,"chnl":15,"x":21,"y":502,"page":0},{"id":284,"index":0,"char":"Ĝ","width":20,"height":38,"xoffset":1,"yoffset":2,"xadvance":21,"chnl":15,"x":27,"y":463,"page":0},{"id":285,"index":0,"char":"ĝ","width":20,"height":38,"xoffset":1,"yoffset":2,"xadvance":21,"chnl":15,"x":44,"y":424,"page":0},{"id":286,"index":0,"char":"Ğ","width":20,"height":38,"xoffset":1,"yoffset":2,"xadvance":21,"chnl":15,"x":64,"y":385,"page":0},{"id":287,"index":0,"char":"ğ","width":20,"height":38,"xoffset":1,"yoffset":2,"xadvance":21,"chnl":15,"x":74,"y":322,"page":0},{"id":288,"index":0,"char":"Ġ","width":20,"height":38,"xoffset":1,"yoffset":2,"xadvance":21,"chnl":15,"x":82,"y":244,"page":0},{"id":289,"index":0,"char":"ġ","width":20,"height":38,"xoffset":1,"yoffset":2,"xadvance":21,"chnl":15,"x":82,"y":283,"page":0},{"id":290,"index":0,"char":"Ģ","width":20,"height":38,"xoffset":1,"yoffset":2,"xadvance":21,"chnl":15,"x":95,"y":195,"page":0},{"id":291,"index":0,"char":"ģ","width":20,"height":38,"xoffset":1,"yoffset":2,"xadvance":21,"chnl":15,"x":98,"y":156,"page":0},{"id":292,"index":0,"char":"Ĥ","width":20,"height":38,"xoffset":1,"yoffset":2,"xadvance":21,"chnl":15,"x":106,"y":80,"page":0},{"id":293,"index":0,"char":"ĥ","width":20,"height":38,"xoffset":1,"yoffset":2,"xadvance":21,"chnl":15,"x":110,"y":39,"page":0},{"id":294,"index":0,"char":"Ħ","width":20,"height":38,"xoffset":1,"yoffset":2,"xadvance":21,"chnl":15,"x":118,"y":0,"page":0},{"id":295,"index":0,"char":"ħ","width":20,"height":38,"xoffset":1,"yoffset":2,"xadvance":21,"chnl":15,"x":21,"y":541,"page":0},{"id":296,"index":0,"char":"Ĩ","width":20,"height":38,"xoffset":1,"yoffset":2,"xadvance":21,"chnl":15,"x":21,"y":580,"page":0},{"id":297,"index":0,"char":"ĩ","width":20,"height":38,"xoffset":1,"yoffset":2,"xadvance":21,"chnl":15,"x":21,"y":619,"page":0},{"id":298,"index":0,"char":"Ī","width":20,"height":38,"xoffset":1,"yoffset":2,"xadvance":21,"chnl":15,"x":21,"y":658,"page":0},{"id":299,"index":0,"char":"ī","width":20,"height":38,"xoffset":1,"yoffset":2,"xadvance":21,"chnl":15,"x":21,"y":697,"page":0},{"id":300,"index":0,"char":"Ĭ","width":20,"height":38,"xoffset":1,"yoffset":2,"xadvance":21,"chnl":15,"x":21,"y":736,"page":0},{"id":301,"index":0,"char":"ĭ","width":20,"height":38,"xoffset":1,"yoffset":2,"xadvance":21,"chnl":15,"x":21,"y":775,"page":0},{"id":302,"index":0,"char":"Į","width":20,"height":38,"xoffset":1,"yoffset":2,"xadvance":21,"chnl":15,"x":21,"y":814,"page":0},{"id":303,"index":0,"char":"į","width":20,"height":38,"xoffset":1,"yoffset":2,"xadvance":21,"chnl":15,"x":21,"y":853,"page":0},{"id":304,"index":0,"char":"İ","width":20,"height":38,"xoffset":1,"yoffset":2,"xadvance":21,"chnl":15,"x":21,"y":892,"page":0},{"id":308,"index":0,"char":"Ĵ","width":20,"height":38,"xoffset":1,"yoffset":2,"xadvance":21,"chnl":15,"x":21,"y":931,"page":0},{"id":309,"index":0,"char":"ĵ","width":20,"height":38,"xoffset":1,"yoffset":2,"xadvance":21,"chnl":15,"x":21,"y":970,"page":0},{"id":310,"index":0,"char":"Ķ","width":20,"height":38,"xoffset":1,"yoffset":2,"xadvance":21,"chnl":15,"x":42,"y":502,"page":0},{"id":311,"index":0,"char":"ķ","width":20,"height":38,"xoffset":1,"yoffset":2,"xadvance":21,"chnl":15,"x":48,"y":463,"page":0},{"id":312,"index":0,"char":"ĸ","width":20,"height":38,"xoffset":1,"yoffset":2,"xadvance":21,"chnl":15,"x":65,"y":424,"page":0},{"id":313,"index":0,"char":"Ĺ","width":20,"height":38,"xoffset":1,"yoffset":2,"xadvance":21,"chnl":15,"x":85,"y":361,"page":0},{"id":314,"index":0,"char":"ĺ","width":20,"height":38,"xoffset":1,"yoffset":2,"xadvance":21,"chnl":15,"x":95,"y":322,"page":0},{"id":315,"index":0,"char":"Ļ","width":20,"height":38,"xoffset":1,"yoffset":2,"xadvance":21,"chnl":15,"x":103,"y":234,"page":0},{"id":316,"index":0,"char":"ļ","width":20,"height":38,"xoffset":1,"yoffset":2,"xadvance":21,"chnl":15,"x":116,"y":195,"page":0},{"id":317,"index":0,"char":"Ľ","width":20,"height":38,"xoffset":1,"yoffset":2,"xadvance":21,"chnl":15,"x":103,"y":273,"page":0},{"id":318,"index":0,"char":"ľ","width":20,"height":38,"xoffset":1,"yoffset":2,"xadvance":21,"chnl":15,"x":119,"y":119,"page":0},{"id":319,"index":0,"char":"Ŀ","width":20,"height":38,"xoffset":1,"yoffset":2,"xadvance":21,"chnl":15,"x":127,"y":78,"page":0},{"id":320,"index":0,"char":"ŀ","width":20,"height":38,"xoffset":1,"yoffset":2,"xadvance":21,"chnl":15,"x":131,"y":39,"page":0},{"id":323,"index":0,"char":"Ń","width":20,"height":38,"xoffset":1,"yoffset":2,"xadvance":21,"chnl":15,"x":139,"y":0,"page":0},{"id":324,"index":0,"char":"ń","width":20,"height":38,"xoffset":1,"yoffset":2,"xadvance":21,"chnl":15,"x":42,"y":541,"page":0},{"id":325,"index":0,"char":"Ņ","width":20,"height":38,"xoffset":1,"yoffset":2,"xadvance":21,"chnl":15,"x":42,"y":580,"page":0},{"id":326,"index":0,"char":"ņ","width":20,"height":38,"xoffset":1,"yoffset":2,"xadvance":21,"chnl":15,"x":42,"y":619,"page":0},{"id":327,"index":0,"char":"Ň","width":20,"height":38,"xoffset":1,"yoffset":2,"xadvance":21,"chnl":15,"x":42,"y":658,"page":0},{"id":328,"index":0,"char":"ň","width":20,"height":38,"xoffset":1,"yoffset":2,"xadvance":21,"chnl":15,"x":42,"y":697,"page":0},{"id":330,"index":0,"char":"Ŋ","width":20,"height":38,"xoffset":1,"yoffset":2,"xadvance":21,"chnl":15,"x":42,"y":736,"page":0},{"id":331,"index":0,"char":"ŋ","width":20,"height":38,"xoffset":1,"yoffset":2,"xadvance":21,"chnl":15,"x":42,"y":775,"page":0},{"id":332,"index":0,"char":"Ō","width":20,"height":38,"xoffset":1,"yoffset":2,"xadvance":21,"chnl":15,"x":42,"y":814,"page":0},{"id":333,"index":0,"char":"ō","width":20,"height":38,"xoffset":1,"yoffset":2,"xadvance":21,"chnl":15,"x":42,"y":853,"page":0},{"id":334,"index":0,"char":"Ŏ","width":20,"height":38,"xoffset":1,"yoffset":2,"xadvance":21,"chnl":15,"x":42,"y":892,"page":0},{"id":335,"index":0,"char":"ŏ","width":20,"height":38,"xoffset":1,"yoffset":2,"xadvance":21,"chnl":15,"x":42,"y":931,"page":0},{"id":336,"index":0,"char":"Ő","width":20,"height":38,"xoffset":1,"yoffset":2,"xadvance":21,"chnl":15,"x":42,"y":970,"page":0},{"id":337,"index":0,"char":"ő","width":20,"height":38,"xoffset":1,"yoffset":2,"xadvance":21,"chnl":15,"x":63,"y":502,"page":0},{"id":340,"index":0,"char":"Ŕ","width":20,"height":38,"xoffset":1,"yoffset":2,"xadvance":21,"chnl":15,"x":69,"y":463,"page":0},{"id":341,"index":0,"char":"ŕ","width":20,"height":38,"xoffset":1,"yoffset":2,"xadvance":21,"chnl":15,"x":86,"y":400,"page":0},{"id":342,"index":0,"char":"Ŗ","width":20,"height":38,"xoffset":1,"yoffset":2,"xadvance":21,"chnl":15,"x":106,"y":361,"page":0},{"id":343,"index":0,"char":"ŗ","width":20,"height":38,"xoffset":1,"yoffset":2,"xadvance":21,"chnl":15,"x":116,"y":312,"page":0},{"id":344,"index":0,"char":"Ř","width":20,"height":38,"xoffset":1,"yoffset":2,"xadvance":21,"chnl":15,"x":124,"y":234,"page":0},{"id":345,"index":0,"char":"ř","width":20,"height":38,"xoffset":1,"yoffset":2,"xadvance":21,"chnl":15,"x":124,"y":273,"page":0},{"id":346,"index":0,"char":"Ś","width":20,"height":38,"xoffset":1,"yoffset":2,"xadvance":21,"chnl":15,"x":137,"y":158,"page":0},{"id":347,"index":0,"char":"ś","width":20,"height":38,"xoffset":1,"yoffset":2,"xadvance":21,"chnl":15,"x":140,"y":117,"page":0},{"id":348,"index":0,"char":"Ŝ","width":20,"height":38,"xoffset":1,"yoffset":2,"xadvance":21,"chnl":15,"x":148,"y":78,"page":0},{"id":349,"index":0,"char":"ŝ","width":20,"height":38,"xoffset":1,"yoffset":2,"xadvance":21,"chnl":15,"x":152,"y":39,"page":0},{"id":350,"index":0,"char":"Ş","width":20,"height":38,"xoffset":1,"yoffset":2,"xadvance":21,"chnl":15,"x":160,"y":0,"page":0},{"id":351,"index":0,"char":"ş","width":20,"height":38,"xoffset":1,"yoffset":2,"xadvance":21,"chnl":15,"x":63,"y":541,"page":0},{"id":352,"index":201,"char":"Š","width":19,"height":38,"xoffset":2,"yoffset":2,"xadvance":21,"chnl":15,"x":63,"y":580,"page":0},{"id":354,"index":0,"char":"Ţ","width":20,"height":38,"xoffset":1,"yoffset":2,"xadvance":21,"chnl":15,"x":63,"y":619,"page":0},{"id":355,"index":0,"char":"ţ","width":20,"height":38,"xoffset":1,"yoffset":2,"xadvance":21,"chnl":15,"x":83,"y":580,"page":0},{"id":356,"index":0,"char":"Ť","width":20,"height":38,"xoffset":1,"yoffset":2,"xadvance":21,"chnl":15,"x":84,"y":502,"page":0},{"id":357,"index":0,"char":"ť","width":20,"height":38,"xoffset":1,"yoffset":2,"xadvance":21,"chnl":15,"x":84,"y":541,"page":0},{"id":358,"index":0,"char":"Ŧ","width":20,"height":38,"xoffset":1,"yoffset":2,"xadvance":21,"chnl":15,"x":90,"y":439,"page":0},{"id":359,"index":0,"char":"ŧ","width":20,"height":38,"xoffset":1,"yoffset":2,"xadvance":21,"chnl":15,"x":107,"y":400,"page":0},{"id":360,"index":0,"char":"Ũ","width":20,"height":38,"xoffset":1,"yoffset":2,"xadvance":21,"chnl":15,"x":127,"y":351,"page":0},{"id":361,"index":0,"char":"ũ","width":20,"height":38,"xoffset":1,"yoffset":2,"xadvance":21,"chnl":15,"x":137,"y":312,"page":0},{"id":362,"index":0,"char":"Ū","width":20,"height":38,"xoffset":1,"yoffset":2,"xadvance":21,"chnl":15,"x":145,"y":197,"page":0},{"id":363,"index":0,"char":"ū","width":20,"height":38,"xoffset":1,"yoffset":2,"xadvance":21,"chnl":15,"x":158,"y":156,"page":0},{"id":364,"index":0,"char":"Ŭ","width":20,"height":38,"xoffset":1,"yoffset":2,"xadvance":21,"chnl":15,"x":161,"y":117,"page":0},{"id":365,"index":0,"char":"ŭ","width":20,"height":38,"xoffset":1,"yoffset":2,"xadvance":21,"chnl":15,"x":169,"y":78,"page":0},{"id":366,"index":0,"char":"Ů","width":20,"height":38,"xoffset":1,"yoffset":2,"xadvance":21,"chnl":15,"x":173,"y":39,"page":0},{"id":367,"index":0,"char":"ů","width":20,"height":38,"xoffset":1,"yoffset":2,"xadvance":21,"chnl":15,"x":181,"y":0,"page":0},{"id":368,"index":0,"char":"Ű","width":20,"height":38,"xoffset":1,"yoffset":2,"xadvance":21,"chnl":15,"x":145,"y":236,"page":0},{"id":369,"index":0,"char":"ű","width":20,"height":38,"xoffset":1,"yoffset":2,"xadvance":21,"chnl":15,"x":63,"y":658,"page":0},{"id":370,"index":0,"char":"Ų","width":20,"height":38,"xoffset":1,"yoffset":2,"xadvance":21,"chnl":15,"x":63,"y":697,"page":0},{"id":371,"index":0,"char":"ų","width":20,"height":38,"xoffset":1,"yoffset":2,"xadvance":21,"chnl":15,"x":63,"y":736,"page":0},{"id":372,"index":0,"char":"Ŵ","width":20,"height":38,"xoffset":1,"yoffset":2,"xadvance":21,"chnl":15,"x":63,"y":775,"page":0},{"id":373,"index":0,"char":"ŵ","width":20,"height":38,"xoffset":1,"yoffset":2,"xadvance":21,"chnl":15,"x":63,"y":814,"page":0},{"id":374,"index":0,"char":"Ŷ","width":20,"height":38,"xoffset":1,"yoffset":2,"xadvance":21,"chnl":15,"x":63,"y":853,"page":0},{"id":375,"index":0,"char":"ŷ","width":20,"height":38,"xoffset":1,"yoffset":2,"xadvance":21,"chnl":15,"x":63,"y":892,"page":0},{"id":377,"index":0,"char":"Ź","width":20,"height":38,"xoffset":1,"yoffset":2,"xadvance":21,"chnl":15,"x":63,"y":931,"page":0},{"id":378,"index":0,"char":"ź","width":20,"height":38,"xoffset":1,"yoffset":2,"xadvance":21,"chnl":15,"x":63,"y":970,"page":0},{"id":379,"index":0,"char":"Ż","width":20,"height":38,"xoffset":1,"yoffset":2,"xadvance":21,"chnl":15,"x":84,"y":619,"page":0},{"id":380,"index":0,"char":"ż","width":20,"height":38,"xoffset":1,"yoffset":2,"xadvance":21,"chnl":15,"x":104,"y":580,"page":0},{"id":381,"index":221,"char":"Ž","width":26,"height":38,"xoffset":0,"yoffset":2,"xadvance":27,"chnl":15,"x":105,"y":478,"page":0},{"id":399,"index":0,"char":"Ə","width":20,"height":38,"xoffset":1,"yoffset":2,"xadvance":21,"chnl":15,"x":111,"y":439,"page":0},{"id":416,"index":0,"char":"Ơ","width":20,"height":38,"xoffset":1,"yoffset":2,"xadvance":21,"chnl":15,"x":128,"y":390,"page":0},{"id":417,"index":0,"char":"ơ","width":20,"height":38,"xoffset":1,"yoffset":2,"xadvance":21,"chnl":15,"x":148,"y":351,"page":0},{"id":431,"index":0,"char":"Ư","width":20,"height":38,"xoffset":1,"yoffset":2,"xadvance":21,"chnl":15,"x":105,"y":517,"page":0},{"id":432,"index":0,"char":"ư","width":20,"height":38,"xoffset":1,"yoffset":2,"xadvance":21,"chnl":15,"x":158,"y":275,"page":0},{"id":452,"index":0,"char":"Ǆ","width":20,"height":38,"xoffset":1,"yoffset":2,"xadvance":21,"chnl":15,"x":166,"y":195,"page":0},{"id":453,"index":0,"char":"ǅ","width":20,"height":38,"xoffset":1,"yoffset":2,"xadvance":21,"chnl":15,"x":179,"y":156,"page":0},{"id":454,"index":0,"char":"ǆ","width":20,"height":38,"xoffset":1,"yoffset":2,"xadvance":21,"chnl":15,"x":182,"y":117,"page":0},{"id":455,"index":0,"char":"Ǉ","width":20,"height":38,"xoffset":1,"yoffset":2,"xadvance":21,"chnl":15,"x":190,"y":78,"page":0},{"id":456,"index":0,"char":"ǈ","width":20,"height":38,"xoffset":1,"yoffset":2,"xadvance":21,"chnl":15,"x":194,"y":39,"page":0},{"id":457,"index":0,"char":"ǉ","width":20,"height":38,"xoffset":1,"yoffset":2,"xadvance":21,"chnl":15,"x":202,"y":0,"page":0},{"id":458,"index":0,"char":"Ǌ","width":20,"height":38,"xoffset":1,"yoffset":2,"xadvance":21,"chnl":15,"x":166,"y":234,"page":0},{"id":459,"index":0,"char":"ǋ","width":20,"height":38,"xoffset":1,"yoffset":2,"xadvance":21,"chnl":15,"x":84,"y":658,"page":0},{"id":460,"index":0,"char":"ǌ","width":20,"height":38,"xoffset":1,"yoffset":2,"xadvance":21,"chnl":15,"x":84,"y":697,"page":0},{"id":461,"index":0,"char":"Ǎ","width":20,"height":38,"xoffset":1,"yoffset":2,"xadvance":21,"chnl":15,"x":84,"y":736,"page":0},{"id":462,"index":0,"char":"ǎ","width":20,"height":38,"xoffset":1,"yoffset":2,"xadvance":21,"chnl":15,"x":84,"y":775,"page":0},{"id":463,"index":0,"char":"Ǐ","width":20,"height":38,"xoffset":1,"yoffset":2,"xadvance":21,"chnl":15,"x":84,"y":814,"page":0},{"id":464,"index":0,"char":"ǐ","width":20,"height":38,"xoffset":1,"yoffset":2,"xadvance":21,"chnl":15,"x":84,"y":853,"page":0},{"id":465,"index":0,"char":"Ǒ","width":20,"height":38,"xoffset":1,"yoffset":2,"xadvance":21,"chnl":15,"x":84,"y":892,"page":0},{"id":466,"index":0,"char":"ǒ","width":20,"height":38,"xoffset":1,"yoffset":2,"xadvance":21,"chnl":15,"x":84,"y":931,"page":0},{"id":467,"index":0,"char":"Ǔ","width":20,"height":38,"xoffset":1,"yoffset":2,"xadvance":21,"chnl":15,"x":84,"y":970,"page":0},{"id":468,"index":0,"char":"ǔ","width":20,"height":38,"xoffset":1,"yoffset":2,"xadvance":21,"chnl":15,"x":105,"y":619,"page":0},{"id":469,"index":0,"char":"Ǖ","width":20,"height":38,"xoffset":1,"yoffset":2,"xadvance":21,"chnl":15,"x":125,"y":556,"page":0},{"id":470,"index":0,"char":"ǖ","width":20,"height":38,"xoffset":1,"yoffset":2,"xadvance":21,"chnl":15,"x":126,"y":517,"page":0},{"id":471,"index":0,"char":"Ǘ","width":20,"height":38,"xoffset":1,"yoffset":2,"xadvance":21,"chnl":15,"x":132,"y":429,"page":0},{"id":472,"index":0,"char":"ǘ","width":20,"height":38,"xoffset":1,"yoffset":2,"xadvance":21,"chnl":15,"x":149,"y":390,"page":0},{"id":473,"index":0,"char":"Ǚ","width":20,"height":38,"xoffset":1,"yoffset":2,"xadvance":21,"chnl":15,"x":132,"y":468,"page":0},{"id":474,"index":0,"char":"ǚ","width":20,"height":38,"xoffset":1,"yoffset":2,"xadvance":21,"chnl":15,"x":169,"y":314,"page":0},{"id":475,"index":0,"char":"Ǜ","width":20,"height":38,"xoffset":1,"yoffset":2,"xadvance":21,"chnl":15,"x":179,"y":273,"page":0},{"id":476,"index":0,"char":"ǜ","width":20,"height":38,"xoffset":1,"yoffset":2,"xadvance":21,"chnl":15,"x":187,"y":195,"page":0},{"id":486,"index":0,"char":"Ǧ","width":20,"height":38,"xoffset":1,"yoffset":2,"xadvance":21,"chnl":15,"x":200,"y":156,"page":0},{"id":487,"index":0,"char":"ǧ","width":20,"height":38,"xoffset":1,"yoffset":2,"xadvance":21,"chnl":15,"x":187,"y":234,"page":0},{"id":490,"index":0,"char":"Ǫ","width":20,"height":38,"xoffset":1,"yoffset":2,"xadvance":21,"chnl":15,"x":203,"y":117,"page":0},{"id":491,"index":0,"char":"ǫ","width":20,"height":38,"xoffset":1,"yoffset":2,"xadvance":21,"chnl":15,"x":211,"y":78,"page":0},{"id":506,"index":0,"char":"Ǻ","width":20,"height":38,"xoffset":1,"yoffset":2,"xadvance":21,"chnl":15,"x":215,"y":39,"page":0},{"id":507,"index":0,"char":"ǻ","width":20,"height":38,"xoffset":1,"yoffset":2,"xadvance":21,"chnl":15,"x":223,"y":0,"page":0},{"id":508,"index":0,"char":"Ǽ","width":20,"height":38,"xoffset":1,"yoffset":2,"xadvance":21,"chnl":15,"x":105,"y":658,"page":0},{"id":509,"index":0,"char":"ǽ","width":20,"height":38,"xoffset":1,"yoffset":2,"xadvance":21,"chnl":15,"x":105,"y":697,"page":0},{"id":510,"index":0,"char":"Ǿ","width":20,"height":38,"xoffset":1,"yoffset":2,"xadvance":21,"chnl":15,"x":105,"y":736,"page":0},{"id":511,"index":0,"char":"ǿ","width":20,"height":38,"xoffset":1,"yoffset":2,"xadvance":21,"chnl":15,"x":105,"y":775,"page":0},{"id":512,"index":0,"char":"Ȁ","width":20,"height":38,"xoffset":1,"yoffset":2,"xadvance":21,"chnl":15,"x":105,"y":814,"page":0},{"id":513,"index":0,"char":"ȁ","width":20,"height":38,"xoffset":1,"yoffset":2,"xadvance":21,"chnl":15,"x":105,"y":853,"page":0},{"id":514,"index":0,"char":"Ȃ","width":20,"height":38,"xoffset":1,"yoffset":2,"xadvance":21,"chnl":15,"x":105,"y":892,"page":0},{"id":515,"index":0,"char":"ȃ","width":20,"height":38,"xoffset":1,"yoffset":2,"xadvance":21,"chnl":15,"x":105,"y":931,"page":0},{"id":516,"index":0,"char":"Ȅ","width":20,"height":38,"xoffset":1,"yoffset":2,"xadvance":21,"chnl":15,"x":105,"y":970,"page":0},{"id":517,"index":0,"char":"ȅ","width":20,"height":38,"xoffset":1,"yoffset":2,"xadvance":21,"chnl":15,"x":126,"y":595,"page":0},{"id":518,"index":0,"char":"Ȇ","width":20,"height":38,"xoffset":1,"yoffset":2,"xadvance":21,"chnl":15,"x":146,"y":556,"page":0},{"id":519,"index":0,"char":"ȇ","width":20,"height":38,"xoffset":1,"yoffset":2,"xadvance":21,"chnl":15,"x":147,"y":507,"page":0},{"id":520,"index":0,"char":"Ȉ","width":20,"height":38,"xoffset":1,"yoffset":2,"xadvance":21,"chnl":15,"x":153,"y":429,"page":0},{"id":521,"index":0,"char":"ȉ","width":20,"height":38,"xoffset":1,"yoffset":2,"xadvance":21,"chnl":15,"x":153,"y":468,"page":0},{"id":522,"index":0,"char":"Ȋ","width":20,"height":38,"xoffset":1,"yoffset":2,"xadvance":21,"chnl":15,"x":170,"y":353,"page":0},{"id":523,"index":0,"char":"ȋ","width":20,"height":38,"xoffset":1,"yoffset":2,"xadvance":21,"chnl":15,"x":190,"y":312,"page":0},{"id":524,"index":0,"char":"Ȍ","width":20,"height":38,"xoffset":1,"yoffset":2,"xadvance":21,"chnl":15,"x":200,"y":273,"page":0},{"id":525,"index":0,"char":"ȍ","width":20,"height":38,"xoffset":1,"yoffset":2,"xadvance":21,"chnl":15,"x":208,"y":195,"page":0},{"id":526,"index":0,"char":"Ȏ","width":20,"height":38,"xoffset":1,"yoffset":2,"xadvance":21,"chnl":15,"x":221,"y":156,"page":0},{"id":527,"index":0,"char":"ȏ","width":20,"height":38,"xoffset":1,"yoffset":2,"xadvance":21,"chnl":15,"x":208,"y":234,"page":0},{"id":528,"index":0,"char":"Ȑ","width":20,"height":38,"xoffset":1,"yoffset":2,"xadvance":21,"chnl":15,"x":224,"y":117,"page":0},{"id":529,"index":0,"char":"ȑ","width":20,"height":38,"xoffset":1,"yoffset":2,"xadvance":21,"chnl":15,"x":232,"y":78,"page":0},{"id":530,"index":0,"char":"Ȓ","width":20,"height":38,"xoffset":1,"yoffset":2,"xadvance":21,"chnl":15,"x":236,"y":39,"page":0},{"id":531,"index":0,"char":"ȓ","width":20,"height":38,"xoffset":1,"yoffset":2,"xadvance":21,"chnl":15,"x":244,"y":0,"page":0},{"id":532,"index":0,"char":"Ȕ","width":20,"height":38,"xoffset":1,"yoffset":2,"xadvance":21,"chnl":15,"x":126,"y":634,"page":0},{"id":533,"index":0,"char":"ȕ","width":20,"height":38,"xoffset":1,"yoffset":2,"xadvance":21,"chnl":15,"x":126,"y":673,"page":0},{"id":534,"index":0,"char":"Ȗ","width":20,"height":38,"xoffset":1,"yoffset":2,"xadvance":21,"chnl":15,"x":126,"y":712,"page":0},{"id":535,"index":0,"char":"ȗ","width":20,"height":38,"xoffset":1,"yoffset":2,"xadvance":21,"chnl":15,"x":126,"y":751,"page":0},{"id":536,"index":0,"char":"Ș","width":20,"height":38,"xoffset":1,"yoffset":2,"xadvance":21,"chnl":15,"x":126,"y":790,"page":0},{"id":537,"index":0,"char":"ș","width":20,"height":38,"xoffset":1,"yoffset":2,"xadvance":21,"chnl":15,"x":126,"y":829,"page":0},{"id":538,"index":0,"char":"Ț","width":20,"height":38,"xoffset":1,"yoffset":2,"xadvance":21,"chnl":15,"x":126,"y":868,"page":0},{"id":539,"index":0,"char":"ț","width":20,"height":38,"xoffset":1,"yoffset":2,"xadvance":21,"chnl":15,"x":126,"y":907,"page":0},{"id":554,"index":0,"char":"Ȫ","width":20,"height":38,"xoffset":1,"yoffset":2,"xadvance":21,"chnl":15,"x":126,"y":946,"page":0},{"id":555,"index":0,"char":"ȫ","width":20,"height":38,"xoffset":1,"yoffset":2,"xadvance":21,"chnl":15,"x":126,"y":985,"page":0},{"id":556,"index":0,"char":"Ȭ","width":20,"height":38,"xoffset":1,"yoffset":2,"xadvance":21,"chnl":15,"x":147,"y":595,"page":0},{"id":557,"index":0,"char":"ȭ","width":20,"height":38,"xoffset":1,"yoffset":2,"xadvance":21,"chnl":15,"x":167,"y":546,"page":0},{"id":560,"index":0,"char":"Ȱ","width":20,"height":38,"xoffset":1,"yoffset":2,"xadvance":21,"chnl":15,"x":168,"y":507,"page":0},{"id":561,"index":0,"char":"ȱ","width":20,"height":38,"xoffset":1,"yoffset":2,"xadvance":21,"chnl":15,"x":174,"y":392,"page":0},{"id":562,"index":0,"char":"Ȳ","width":20,"height":38,"xoffset":1,"yoffset":2,"xadvance":21,"chnl":15,"x":191,"y":351,"page":0},{"id":563,"index":0,"char":"ȳ","width":20,"height":38,"xoffset":1,"yoffset":2,"xadvance":21,"chnl":15,"x":211,"y":312,"page":0},{"id":567,"index":0,"char":"ȷ","width":20,"height":38,"xoffset":1,"yoffset":2,"xadvance":21,"chnl":15,"x":221,"y":273,"page":0},{"id":601,"index":0,"char":"ə","width":20,"height":38,"xoffset":1,"yoffset":2,"xadvance":21,"chnl":15,"x":174,"y":431,"page":0},{"id":697,"index":0,"char":"ʹ","width":20,"height":38,"xoffset":1,"yoffset":2,"xadvance":21,"chnl":15,"x":229,"y":195,"page":0},{"id":698,"index":0,"char":"ʺ","width":20,"height":38,"xoffset":1,"yoffset":2,"xadvance":21,"chnl":15,"x":242,"y":156,"page":0},{"id":699,"index":0,"char":"ʻ","width":20,"height":38,"xoffset":1,"yoffset":2,"xadvance":21,"chnl":15,"x":229,"y":234,"page":0},{"id":700,"index":0,"char":"ʼ","width":20,"height":38,"xoffset":1,"yoffset":2,"xadvance":21,"chnl":15,"x":245,"y":117,"page":0},{"id":702,"index":0,"char":"ʾ","width":20,"height":38,"xoffset":1,"yoffset":2,"xadvance":21,"chnl":15,"x":253,"y":78,"page":0},{"id":703,"index":0,"char":"ʿ","width":20,"height":38,"xoffset":1,"yoffset":2,"xadvance":21,"chnl":15,"x":257,"y":39,"page":0},{"id":712,"index":0,"char":"ˈ","width":20,"height":38,"xoffset":1,"yoffset":2,"xadvance":21,"chnl":15,"x":265,"y":0,"page":0},{"id":714,"index":0,"char":"ˊ","width":20,"height":38,"xoffset":1,"yoffset":2,"xadvance":21,"chnl":15,"x":147,"y":634,"page":0},{"id":715,"index":0,"char":"ˋ","width":20,"height":38,"xoffset":1,"yoffset":2,"xadvance":21,"chnl":15,"x":147,"y":673,"page":0},{"id":716,"index":0,"char":"ˌ","width":20,"height":38,"xoffset":1,"yoffset":2,"xadvance":21,"chnl":15,"x":147,"y":712,"page":0},{"id":7688,"index":0,"char":"Ḉ","width":20,"height":38,"xoffset":1,"yoffset":2,"xadvance":21,"chnl":15,"x":147,"y":751,"page":0},{"id":7689,"index":0,"char":"ḉ","width":20,"height":38,"xoffset":1,"yoffset":2,"xadvance":21,"chnl":15,"x":147,"y":790,"page":0},{"id":7692,"index":0,"char":"Ḍ","width":20,"height":38,"xoffset":1,"yoffset":2,"xadvance":21,"chnl":15,"x":147,"y":829,"page":0},{"id":7693,"index":0,"char":"ḍ","width":20,"height":38,"xoffset":1,"yoffset":2,"xadvance":21,"chnl":15,"x":147,"y":868,"page":0},{"id":7694,"index":0,"char":"Ḏ","width":20,"height":38,"xoffset":1,"yoffset":2,"xadvance":21,"chnl":15,"x":147,"y":907,"page":0},{"id":7695,"index":0,"char":"ḏ","width":20,"height":38,"xoffset":1,"yoffset":2,"xadvance":21,"chnl":15,"x":147,"y":946,"page":0},{"id":7700,"index":0,"char":"Ḕ","width":20,"height":38,"xoffset":1,"yoffset":2,"xadvance":21,"chnl":15,"x":147,"y":985,"page":0},{"id":7701,"index":0,"char":"ḕ","width":20,"height":38,"xoffset":1,"yoffset":2,"xadvance":21,"chnl":15,"x":168,"y":585,"page":0},{"id":7702,"index":0,"char":"Ḗ","width":20,"height":38,"xoffset":1,"yoffset":2,"xadvance":21,"chnl":15,"x":188,"y":546,"page":0},{"id":7703,"index":0,"char":"ḗ","width":20,"height":38,"xoffset":1,"yoffset":2,"xadvance":21,"chnl":15,"x":189,"y":470,"page":0},{"id":7708,"index":0,"char":"Ḝ","width":20,"height":38,"xoffset":1,"yoffset":2,"xadvance":21,"chnl":15,"x":195,"y":390,"page":0},{"id":7709,"index":0,"char":"ḝ","width":20,"height":38,"xoffset":1,"yoffset":2,"xadvance":21,"chnl":15,"x":212,"y":351,"page":0},{"id":7712,"index":0,"char":"Ḡ","width":20,"height":38,"xoffset":1,"yoffset":2,"xadvance":21,"chnl":15,"x":232,"y":312,"page":0},{"id":7713,"index":0,"char":"ḡ","width":20,"height":38,"xoffset":1,"yoffset":2,"xadvance":21,"chnl":15,"x":242,"y":273,"page":0},{"id":7716,"index":0,"char":"Ḥ","width":20,"height":38,"xoffset":1,"yoffset":2,"xadvance":21,"chnl":15,"x":195,"y":429,"page":0},{"id":7717,"index":0,"char":"ḥ","width":20,"height":38,"xoffset":1,"yoffset":2,"xadvance":21,"chnl":15,"x":250,"y":195,"page":0},{"id":7722,"index":0,"char":"Ḫ","width":20,"height":38,"xoffset":1,"yoffset":2,"xadvance":21,"chnl":15,"x":263,"y":156,"page":0},{"id":7723,"index":0,"char":"ḫ","width":20,"height":38,"xoffset":1,"yoffset":2,"xadvance":21,"chnl":15,"x":250,"y":234,"page":0},{"id":7726,"index":0,"char":"Ḯ","width":20,"height":38,"xoffset":1,"yoffset":2,"xadvance":21,"chnl":15,"x":266,"y":117,"page":0},{"id":7727,"index":0,"char":"ḯ","width":20,"height":38,"xoffset":1,"yoffset":2,"xadvance":21,"chnl":15,"x":274,"y":78,"page":0},{"id":7728,"index":0,"char":"Ḱ","width":20,"height":38,"xoffset":1,"yoffset":2,"xadvance":21,"chnl":15,"x":278,"y":39,"page":0},{"id":7729,"index":0,"char":"ḱ","width":20,"height":38,"xoffset":1,"yoffset":2,"xadvance":21,"chnl":15,"x":286,"y":0,"page":0},{"id":7734,"index":0,"char":"Ḷ","width":20,"height":38,"xoffset":1,"yoffset":2,"xadvance":21,"chnl":15,"x":168,"y":624,"page":0},{"id":7735,"index":0,"char":"ḷ","width":20,"height":38,"xoffset":1,"yoffset":2,"xadvance":21,"chnl":15,"x":168,"y":663,"page":0},{"id":7738,"index":0,"char":"Ḻ","width":20,"height":38,"xoffset":1,"yoffset":2,"xadvance":21,"chnl":15,"x":168,"y":702,"page":0},{"id":7739,"index":0,"char":"ḻ","width":20,"height":38,"xoffset":1,"yoffset":2,"xadvance":21,"chnl":15,"x":168,"y":741,"page":0},{"id":7746,"index":0,"char":"Ṃ","width":20,"height":38,"xoffset":1,"yoffset":2,"xadvance":21,"chnl":15,"x":168,"y":780,"page":0},{"id":7747,"index":0,"char":"ṃ","width":20,"height":38,"xoffset":1,"yoffset":2,"xadvance":21,"chnl":15,"x":168,"y":819,"page":0},{"id":7748,"index":0,"char":"Ṅ","width":20,"height":38,"xoffset":1,"yoffset":2,"xadvance":21,"chnl":15,"x":168,"y":858,"page":0},{"id":7749,"index":0,"char":"ṅ","width":20,"height":38,"xoffset":1,"yoffset":2,"xadvance":21,"chnl":15,"x":168,"y":897,"page":0},{"id":7750,"index":0,"char":"Ṇ","width":20,"height":38,"xoffset":1,"yoffset":2,"xadvance":21,"chnl":15,"x":168,"y":936,"page":0},{"id":7751,"index":0,"char":"ṇ","width":20,"height":38,"xoffset":1,"yoffset":2,"xadvance":21,"chnl":15,"x":168,"y":975,"page":0},{"id":7752,"index":0,"char":"Ṉ","width":20,"height":38,"xoffset":1,"yoffset":2,"xadvance":21,"chnl":15,"x":189,"y":585,"page":0},{"id":7753,"index":0,"char":"ṉ","width":20,"height":38,"xoffset":1,"yoffset":2,"xadvance":21,"chnl":15,"x":209,"y":509,"page":0},{"id":7756,"index":0,"char":"Ṍ","width":20,"height":38,"xoffset":1,"yoffset":2,"xadvance":21,"chnl":15,"x":210,"y":468,"page":0},{"id":7757,"index":0,"char":"ṍ","width":20,"height":38,"xoffset":1,"yoffset":2,"xadvance":21,"chnl":15,"x":216,"y":390,"page":0},{"id":7758,"index":0,"char":"Ṏ","width":20,"height":38,"xoffset":1,"yoffset":2,"xadvance":21,"chnl":15,"x":233,"y":351,"page":0},{"id":7759,"index":0,"char":"ṏ","width":20,"height":38,"xoffset":1,"yoffset":2,"xadvance":21,"chnl":15,"x":216,"y":429,"page":0},{"id":7760,"index":0,"char":"Ṑ","width":20,"height":38,"xoffset":1,"yoffset":2,"xadvance":21,"chnl":15,"x":253,"y":312,"page":0},{"id":7761,"index":0,"char":"ṑ","width":20,"height":38,"xoffset":1,"yoffset":2,"xadvance":21,"chnl":15,"x":263,"y":273,"page":0},{"id":7762,"index":0,"char":"Ṓ","width":20,"height":38,"xoffset":1,"yoffset":2,"xadvance":21,"chnl":15,"x":271,"y":195,"page":0},{"id":7763,"index":0,"char":"ṓ","width":20,"height":38,"xoffset":1,"yoffset":2,"xadvance":21,"chnl":15,"x":284,"y":156,"page":0},{"id":7770,"index":0,"char":"Ṛ","width":20,"height":38,"xoffset":1,"yoffset":2,"xadvance":21,"chnl":15,"x":271,"y":234,"page":0},{"id":7771,"index":0,"char":"ṛ","width":20,"height":38,"xoffset":1,"yoffset":2,"xadvance":21,"chnl":15,"x":287,"y":117,"page":0},{"id":7774,"index":0,"char":"Ṟ","width":20,"height":38,"xoffset":1,"yoffset":2,"xadvance":21,"chnl":15,"x":295,"y":78,"page":0},{"id":7775,"index":0,"char":"ṟ","width":20,"height":38,"xoffset":1,"yoffset":2,"xadvance":21,"chnl":15,"x":299,"y":39,"page":0},{"id":7776,"index":0,"char":"Ṡ","width":20,"height":38,"xoffset":1,"yoffset":2,"xadvance":21,"chnl":15,"x":307,"y":0,"page":0},{"id":7777,"index":0,"char":"ṡ","width":20,"height":38,"xoffset":1,"yoffset":2,"xadvance":21,"chnl":15,"x":189,"y":624,"page":0},{"id":7778,"index":0,"char":"Ṣ","width":20,"height":38,"xoffset":1,"yoffset":2,"xadvance":21,"chnl":15,"x":189,"y":663,"page":0},{"id":7779,"index":0,"char":"ṣ","width":20,"height":38,"xoffset":1,"yoffset":2,"xadvance":21,"chnl":15,"x":189,"y":702,"page":0},{"id":7780,"index":0,"char":"Ṥ","width":20,"height":38,"xoffset":1,"yoffset":2,"xadvance":21,"chnl":15,"x":189,"y":741,"page":0},{"id":7781,"index":0,"char":"ṥ","width":20,"height":38,"xoffset":1,"yoffset":2,"xadvance":21,"chnl":15,"x":189,"y":780,"page":0},{"id":7782,"index":0,"char":"Ṧ","width":20,"height":38,"xoffset":1,"yoffset":2,"xadvance":21,"chnl":15,"x":189,"y":819,"page":0},{"id":7783,"index":0,"char":"ṧ","width":20,"height":38,"xoffset":1,"yoffset":2,"xadvance":21,"chnl":15,"x":189,"y":858,"page":0},{"id":7784,"index":0,"char":"Ṩ","width":20,"height":38,"xoffset":1,"yoffset":2,"xadvance":21,"chnl":15,"x":189,"y":897,"page":0},{"id":7785,"index":0,"char":"ṩ","width":20,"height":38,"xoffset":1,"yoffset":2,"xadvance":21,"chnl":15,"x":189,"y":936,"page":0},{"id":7788,"index":0,"char":"Ṭ","width":20,"height":38,"xoffset":1,"yoffset":2,"xadvance":21,"chnl":15,"x":189,"y":975,"page":0},{"id":7789,"index":0,"char":"ṭ","width":20,"height":38,"xoffset":1,"yoffset":2,"xadvance":21,"chnl":15,"x":210,"y":548,"page":0},{"id":7790,"index":0,"char":"Ṯ","width":20,"height":38,"xoffset":1,"yoffset":2,"xadvance":21,"chnl":15,"x":230,"y":507,"page":0},{"id":7791,"index":0,"char":"ṯ","width":20,"height":38,"xoffset":1,"yoffset":2,"xadvance":21,"chnl":15,"x":231,"y":468,"page":0},{"id":7800,"index":0,"char":"Ṹ","width":20,"height":38,"xoffset":1,"yoffset":2,"xadvance":21,"chnl":15,"x":237,"y":390,"page":0},{"id":7801,"index":0,"char":"ṹ","width":20,"height":38,"xoffset":1,"yoffset":2,"xadvance":21,"chnl":15,"x":254,"y":351,"page":0},{"id":7802,"index":0,"char":"Ṻ","width":20,"height":38,"xoffset":1,"yoffset":2,"xadvance":21,"chnl":15,"x":237,"y":429,"page":0},{"id":7803,"index":0,"char":"ṻ","width":20,"height":38,"xoffset":1,"yoffset":2,"xadvance":21,"chnl":15,"x":274,"y":312,"page":0},{"id":7808,"index":0,"char":"Ẁ","width":20,"height":38,"xoffset":1,"yoffset":2,"xadvance":21,"chnl":15,"x":284,"y":273,"page":0},{"id":7809,"index":0,"char":"ẁ","width":20,"height":38,"xoffset":1,"yoffset":2,"xadvance":21,"chnl":15,"x":292,"y":195,"page":0},{"id":7810,"index":0,"char":"Ẃ","width":20,"height":38,"xoffset":1,"yoffset":2,"xadvance":21,"chnl":15,"x":305,"y":156,"page":0},{"id":7811,"index":0,"char":"ẃ","width":20,"height":38,"xoffset":1,"yoffset":2,"xadvance":21,"chnl":15,"x":292,"y":234,"page":0},{"id":7812,"index":0,"char":"Ẅ","width":20,"height":38,"xoffset":1,"yoffset":2,"xadvance":21,"chnl":15,"x":308,"y":117,"page":0},{"id":7813,"index":0,"char":"ẅ","width":20,"height":38,"xoffset":1,"yoffset":2,"xadvance":21,"chnl":15,"x":316,"y":78,"page":0},{"id":7822,"index":0,"char":"Ẏ","width":20,"height":38,"xoffset":1,"yoffset":2,"xadvance":21,"chnl":15,"x":320,"y":39,"page":0},{"id":7823,"index":0,"char":"ẏ","width":20,"height":38,"xoffset":1,"yoffset":2,"xadvance":21,"chnl":15,"x":328,"y":0,"page":0},{"id":7826,"index":0,"char":"Ẓ","width":20,"height":38,"xoffset":1,"yoffset":2,"xadvance":21,"chnl":15,"x":210,"y":587,"page":0},{"id":7827,"index":0,"char":"ẓ","width":20,"height":38,"xoffset":1,"yoffset":2,"xadvance":21,"chnl":15,"x":210,"y":626,"page":0},{"id":7831,"index":0,"char":"ẗ","width":20,"height":38,"xoffset":1,"yoffset":2,"xadvance":21,"chnl":15,"x":210,"y":665,"page":0},{"id":7838,"index":0,"char":"ẞ","width":20,"height":38,"xoffset":1,"yoffset":2,"xadvance":21,"chnl":15,"x":210,"y":704,"page":0},{"id":7840,"index":0,"char":"Ạ","width":20,"height":38,"xoffset":1,"yoffset":2,"xadvance":21,"chnl":15,"x":210,"y":743,"page":0},{"id":7841,"index":0,"char":"ạ","width":20,"height":38,"xoffset":1,"yoffset":2,"xadvance":21,"chnl":15,"x":210,"y":782,"page":0},{"id":7842,"index":0,"char":"Ả","width":20,"height":38,"xoffset":1,"yoffset":2,"xadvance":21,"chnl":15,"x":210,"y":821,"page":0},{"id":7843,"index":0,"char":"ả","width":20,"height":38,"xoffset":1,"yoffset":2,"xadvance":21,"chnl":15,"x":210,"y":860,"page":0},{"id":7844,"index":0,"char":"Ấ","width":20,"height":38,"xoffset":1,"yoffset":2,"xadvance":21,"chnl":15,"x":210,"y":899,"page":0},{"id":7845,"index":0,"char":"ấ","width":20,"height":38,"xoffset":1,"yoffset":2,"xadvance":21,"chnl":15,"x":210,"y":938,"page":0},{"id":7846,"index":0,"char":"Ầ","width":20,"height":38,"xoffset":1,"yoffset":2,"xadvance":21,"chnl":15,"x":210,"y":977,"page":0},{"id":7847,"index":0,"char":"ầ","width":20,"height":38,"xoffset":1,"yoffset":2,"xadvance":21,"chnl":15,"x":231,"y":546,"page":0},{"id":7848,"index":0,"char":"Ẩ","width":20,"height":38,"xoffset":1,"yoffset":2,"xadvance":21,"chnl":15,"x":251,"y":507,"page":0},{"id":7849,"index":0,"char":"ẩ","width":20,"height":38,"xoffset":1,"yoffset":2,"xadvance":21,"chnl":15,"x":252,"y":468,"page":0},{"id":7850,"index":0,"char":"Ẫ","width":20,"height":38,"xoffset":1,"yoffset":2,"xadvance":21,"chnl":15,"x":258,"y":390,"page":0},{"id":7851,"index":0,"char":"ẫ","width":20,"height":38,"xoffset":1,"yoffset":2,"xadvance":21,"chnl":15,"x":275,"y":351,"page":0},{"id":7852,"index":0,"char":"Ậ","width":20,"height":38,"xoffset":1,"yoffset":2,"xadvance":21,"chnl":15,"x":258,"y":429,"page":0},{"id":7853,"index":0,"char":"ậ","width":20,"height":38,"xoffset":1,"yoffset":2,"xadvance":21,"chnl":15,"x":295,"y":312,"page":0},{"id":7854,"index":0,"char":"Ắ","width":20,"height":38,"xoffset":1,"yoffset":2,"xadvance":21,"chnl":15,"x":305,"y":273,"page":0},{"id":7855,"index":0,"char":"ắ","width":20,"height":38,"xoffset":1,"yoffset":2,"xadvance":21,"chnl":15,"x":313,"y":195,"page":0},{"id":7856,"index":0,"char":"Ằ","width":20,"height":38,"xoffset":1,"yoffset":2,"xadvance":21,"chnl":15,"x":326,"y":156,"page":0},{"id":7857,"index":0,"char":"ằ","width":20,"height":38,"xoffset":1,"yoffset":2,"xadvance":21,"chnl":15,"x":313,"y":234,"page":0},{"id":7858,"index":0,"char":"Ẳ","width":20,"height":38,"xoffset":1,"yoffset":2,"xadvance":21,"chnl":15,"x":329,"y":117,"page":0},{"id":7859,"index":0,"char":"ẳ","width":20,"height":38,"xoffset":1,"yoffset":2,"xadvance":21,"chnl":15,"x":337,"y":78,"page":0},{"id":7860,"index":0,"char":"Ẵ","width":20,"height":38,"xoffset":1,"yoffset":2,"xadvance":21,"chnl":15,"x":341,"y":39,"page":0},{"id":7861,"index":0,"char":"ẵ","width":20,"height":38,"xoffset":1,"yoffset":2,"xadvance":21,"chnl":15,"x":349,"y":0,"page":0},{"id":7862,"index":0,"char":"Ặ","width":20,"height":38,"xoffset":1,"yoffset":2,"xadvance":21,"chnl":15,"x":231,"y":585,"page":0},{"id":7863,"index":0,"char":"ặ","width":20,"height":38,"xoffset":1,"yoffset":2,"xadvance":21,"chnl":15,"x":231,"y":624,"page":0},{"id":7864,"index":0,"char":"Ẹ","width":20,"height":38,"xoffset":1,"yoffset":2,"xadvance":21,"chnl":15,"x":231,"y":663,"page":0},{"id":7865,"index":0,"char":"ẹ","width":20,"height":38,"xoffset":1,"yoffset":2,"xadvance":21,"chnl":15,"x":231,"y":702,"page":0},{"id":7866,"index":0,"char":"Ẻ","width":20,"height":38,"xoffset":1,"yoffset":2,"xadvance":21,"chnl":15,"x":231,"y":741,"page":0},{"id":7867,"index":0,"char":"ẻ","width":20,"height":38,"xoffset":1,"yoffset":2,"xadvance":21,"chnl":15,"x":231,"y":780,"page":0},{"id":7868,"index":0,"char":"Ẽ","width":20,"height":38,"xoffset":1,"yoffset":2,"xadvance":21,"chnl":15,"x":231,"y":819,"page":0},{"id":7869,"index":0,"char":"ẽ","width":20,"height":38,"xoffset":1,"yoffset":2,"xadvance":21,"chnl":15,"x":231,"y":858,"page":0},{"id":7870,"index":0,"char":"Ế","width":20,"height":38,"xoffset":1,"yoffset":2,"xadvance":21,"chnl":15,"x":231,"y":897,"page":0},{"id":7871,"index":0,"char":"ế","width":20,"height":38,"xoffset":1,"yoffset":2,"xadvance":21,"chnl":15,"x":231,"y":936,"page":0},{"id":7872,"index":0,"char":"Ề","width":20,"height":38,"xoffset":1,"yoffset":2,"xadvance":21,"chnl":15,"x":231,"y":975,"page":0},{"id":7873,"index":0,"char":"ề","width":20,"height":38,"xoffset":1,"yoffset":2,"xadvance":21,"chnl":15,"x":252,"y":546,"page":0},{"id":7874,"index":0,"char":"Ể","width":20,"height":38,"xoffset":1,"yoffset":2,"xadvance":21,"chnl":15,"x":272,"y":507,"page":0},{"id":7875,"index":0,"char":"ể","width":20,"height":38,"xoffset":1,"yoffset":2,"xadvance":21,"chnl":15,"x":273,"y":468,"page":0},{"id":7876,"index":0,"char":"Ễ","width":20,"height":38,"xoffset":1,"yoffset":2,"xadvance":21,"chnl":15,"x":279,"y":390,"page":0},{"id":7877,"index":0,"char":"ễ","width":20,"height":38,"xoffset":1,"yoffset":2,"xadvance":21,"chnl":15,"x":296,"y":351,"page":0},{"id":7878,"index":0,"char":"Ệ","width":20,"height":38,"xoffset":1,"yoffset":2,"xadvance":21,"chnl":15,"x":279,"y":429,"page":0},{"id":7879,"index":0,"char":"ệ","width":20,"height":38,"xoffset":1,"yoffset":2,"xadvance":21,"chnl":15,"x":316,"y":312,"page":0},{"id":7880,"index":0,"char":"Ỉ","width":20,"height":38,"xoffset":1,"yoffset":2,"xadvance":21,"chnl":15,"x":326,"y":273,"page":0},{"id":7881,"index":0,"char":"ỉ","width":20,"height":38,"xoffset":1,"yoffset":2,"xadvance":21,"chnl":15,"x":334,"y":195,"page":0},{"id":7882,"index":0,"char":"Ị","width":20,"height":38,"xoffset":1,"yoffset":2,"xadvance":21,"chnl":15,"x":347,"y":156,"page":0},{"id":7883,"index":0,"char":"ị","width":20,"height":38,"xoffset":1,"yoffset":2,"xadvance":21,"chnl":15,"x":334,"y":234,"page":0},{"id":7884,"index":0,"char":"Ọ","width":20,"height":38,"xoffset":1,"yoffset":2,"xadvance":21,"chnl":15,"x":350,"y":117,"page":0},{"id":7885,"index":0,"char":"ọ","width":20,"height":38,"xoffset":1,"yoffset":2,"xadvance":21,"chnl":15,"x":358,"y":78,"page":0},{"id":7886,"index":0,"char":"Ỏ","width":20,"height":38,"xoffset":1,"yoffset":2,"xadvance":21,"chnl":15,"x":362,"y":39,"page":0},{"id":7887,"index":0,"char":"ỏ","width":20,"height":38,"xoffset":1,"yoffset":2,"xadvance":21,"chnl":15,"x":370,"y":0,"page":0},{"id":7888,"index":0,"char":"Ố","width":20,"height":38,"xoffset":1,"yoffset":2,"xadvance":21,"chnl":15,"x":252,"y":585,"page":0},{"id":7889,"index":0,"char":"ố","width":20,"height":38,"xoffset":1,"yoffset":2,"xadvance":21,"chnl":15,"x":252,"y":624,"page":0},{"id":7890,"index":0,"char":"Ồ","width":20,"height":38,"xoffset":1,"yoffset":2,"xadvance":21,"chnl":15,"x":252,"y":663,"page":0},{"id":7891,"index":0,"char":"ồ","width":20,"height":38,"xoffset":1,"yoffset":2,"xadvance":21,"chnl":15,"x":252,"y":702,"page":0},{"id":7892,"index":0,"char":"Ổ","width":20,"height":38,"xoffset":1,"yoffset":2,"xadvance":21,"chnl":15,"x":252,"y":741,"page":0},{"id":7893,"index":0,"char":"ổ","width":20,"height":38,"xoffset":1,"yoffset":2,"xadvance":21,"chnl":15,"x":252,"y":780,"page":0},{"id":7894,"index":0,"char":"Ỗ","width":20,"height":38,"xoffset":1,"yoffset":2,"xadvance":21,"chnl":15,"x":252,"y":819,"page":0},{"id":7895,"index":0,"char":"ỗ","width":20,"height":38,"xoffset":1,"yoffset":2,"xadvance":21,"chnl":15,"x":252,"y":858,"page":0},{"id":7896,"index":0,"char":"Ộ","width":20,"height":38,"xoffset":1,"yoffset":2,"xadvance":21,"chnl":15,"x":252,"y":897,"page":0},{"id":7897,"index":0,"char":"ộ","width":20,"height":38,"xoffset":1,"yoffset":2,"xadvance":21,"chnl":15,"x":252,"y":936,"page":0},{"id":7898,"index":0,"char":"Ớ","width":20,"height":38,"xoffset":1,"yoffset":2,"xadvance":21,"chnl":15,"x":252,"y":975,"page":0},{"id":7899,"index":0,"char":"ớ","width":20,"height":38,"xoffset":1,"yoffset":2,"xadvance":21,"chnl":15,"x":273,"y":546,"page":0},{"id":7900,"index":0,"char":"Ờ","width":20,"height":38,"xoffset":1,"yoffset":2,"xadvance":21,"chnl":15,"x":293,"y":507,"page":0},{"id":7901,"index":0,"char":"ờ","width":20,"height":38,"xoffset":1,"yoffset":2,"xadvance":21,"chnl":15,"x":294,"y":468,"page":0},{"id":7902,"index":0,"char":"Ở","width":20,"height":38,"xoffset":1,"yoffset":2,"xadvance":21,"chnl":15,"x":300,"y":390,"page":0},{"id":7903,"index":0,"char":"ở","width":20,"height":38,"xoffset":1,"yoffset":2,"xadvance":21,"chnl":15,"x":317,"y":351,"page":0},{"id":7904,"index":0,"char":"Ỡ","width":20,"height":38,"xoffset":1,"yoffset":2,"xadvance":21,"chnl":15,"x":300,"y":429,"page":0},{"id":7905,"index":0,"char":"ỡ","width":20,"height":38,"xoffset":1,"yoffset":2,"xadvance":21,"chnl":15,"x":337,"y":312,"page":0},{"id":7906,"index":0,"char":"Ợ","width":20,"height":38,"xoffset":1,"yoffset":2,"xadvance":21,"chnl":15,"x":347,"y":273,"page":0},{"id":7907,"index":0,"char":"ợ","width":20,"height":38,"xoffset":1,"yoffset":2,"xadvance":21,"chnl":15,"x":355,"y":195,"page":0},{"id":7908,"index":0,"char":"Ụ","width":20,"height":38,"xoffset":1,"yoffset":2,"xadvance":21,"chnl":15,"x":368,"y":156,"page":0},{"id":7909,"index":0,"char":"ụ","width":20,"height":38,"xoffset":1,"yoffset":2,"xadvance":21,"chnl":15,"x":355,"y":234,"page":0},{"id":7910,"index":0,"char":"Ủ","width":20,"height":38,"xoffset":1,"yoffset":2,"xadvance":21,"chnl":15,"x":371,"y":117,"page":0},{"id":7911,"index":0,"char":"ủ","width":20,"height":38,"xoffset":1,"yoffset":2,"xadvance":21,"chnl":15,"x":379,"y":78,"page":0},{"id":7912,"index":0,"char":"Ứ","width":20,"height":38,"xoffset":1,"yoffset":2,"xadvance":21,"chnl":15,"x":383,"y":39,"page":0},{"id":7913,"index":0,"char":"ứ","width":20,"height":38,"xoffset":1,"yoffset":2,"xadvance":21,"chnl":15,"x":391,"y":0,"page":0},{"id":7914,"index":0,"char":"Ừ","width":20,"height":38,"xoffset":1,"yoffset":2,"xadvance":21,"chnl":15,"x":273,"y":585,"page":0},{"id":7915,"index":0,"char":"ừ","width":20,"height":38,"xoffset":1,"yoffset":2,"xadvance":21,"chnl":15,"x":273,"y":624,"page":0},{"id":7916,"index":0,"char":"Ử","width":20,"height":38,"xoffset":1,"yoffset":2,"xadvance":21,"chnl":15,"x":273,"y":663,"page":0},{"id":7917,"index":0,"char":"ử","width":20,"height":38,"xoffset":1,"yoffset":2,"xadvance":21,"chnl":15,"x":273,"y":702,"page":0},{"id":7918,"index":0,"char":"Ữ","width":20,"height":38,"xoffset":1,"yoffset":2,"xadvance":21,"chnl":15,"x":273,"y":741,"page":0},{"id":7919,"index":0,"char":"ữ","width":20,"height":38,"xoffset":1,"yoffset":2,"xadvance":21,"chnl":15,"x":273,"y":780,"page":0},{"id":7920,"index":0,"char":"Ự","width":20,"height":38,"xoffset":1,"yoffset":2,"xadvance":21,"chnl":15,"x":273,"y":819,"page":0},{"id":7921,"index":0,"char":"ự","width":20,"height":38,"xoffset":1,"yoffset":2,"xadvance":21,"chnl":15,"x":273,"y":858,"page":0},{"id":7922,"index":0,"char":"Ỳ","width":20,"height":38,"xoffset":1,"yoffset":2,"xadvance":21,"chnl":15,"x":273,"y":897,"page":0},{"id":7923,"index":0,"char":"ỳ","width":20,"height":38,"xoffset":1,"yoffset":2,"xadvance":21,"chnl":15,"x":273,"y":936,"page":0},{"id":7924,"index":0,"char":"Ỵ","width":20,"height":38,"xoffset":1,"yoffset":2,"xadvance":21,"chnl":15,"x":273,"y":975,"page":0},{"id":7925,"index":0,"char":"ỵ","width":20,"height":38,"xoffset":1,"yoffset":2,"xadvance":21,"chnl":15,"x":294,"y":546,"page":0},{"id":7926,"index":0,"char":"Ỷ","width":20,"height":38,"xoffset":1,"yoffset":2,"xadvance":21,"chnl":15,"x":314,"y":507,"page":0},{"id":7927,"index":0,"char":"ỷ","width":20,"height":38,"xoffset":1,"yoffset":2,"xadvance":21,"chnl":15,"x":315,"y":468,"page":0},{"id":7928,"index":0,"char":"Ỹ","width":20,"height":38,"xoffset":1,"yoffset":2,"xadvance":21,"chnl":15,"x":321,"y":390,"page":0},{"id":7929,"index":0,"char":"ỹ","width":20,"height":38,"xoffset":1,"yoffset":2,"xadvance":21,"chnl":15,"x":338,"y":351,"page":0},{"id":8192,"index":0,"char":" ","width":20,"height":38,"xoffset":1,"yoffset":2,"xadvance":21,"chnl":15,"x":321,"y":429,"page":0},{"id":8193,"index":0,"char":" ","width":20,"height":38,"xoffset":1,"yoffset":2,"xadvance":21,"chnl":15,"x":358,"y":312,"page":0},{"id":8194,"index":0,"char":" ","width":20,"height":38,"xoffset":1,"yoffset":2,"xadvance":21,"chnl":15,"x":368,"y":273,"page":0},{"id":8195,"index":0,"char":" ","width":20,"height":38,"xoffset":1,"yoffset":2,"xadvance":21,"chnl":15,"x":376,"y":195,"page":0},{"id":8196,"index":0,"char":" ","width":20,"height":38,"xoffset":1,"yoffset":2,"xadvance":21,"chnl":15,"x":389,"y":156,"page":0},{"id":8197,"index":0,"char":" ","width":20,"height":38,"xoffset":1,"yoffset":2,"xadvance":21,"chnl":15,"x":376,"y":234,"page":0},{"id":8198,"index":0,"char":" ","width":20,"height":38,"xoffset":1,"yoffset":2,"xadvance":21,"chnl":15,"x":392,"y":117,"page":0},{"id":8199,"index":0,"char":" ","width":20,"height":38,"xoffset":1,"yoffset":2,"xadvance":21,"chnl":15,"x":400,"y":78,"page":0},{"id":8200,"index":0,"char":" ","width":20,"height":38,"xoffset":1,"yoffset":2,"xadvance":21,"chnl":15,"x":404,"y":39,"page":0},{"id":8201,"index":0,"char":" ","width":20,"height":38,"xoffset":1,"yoffset":2,"xadvance":21,"chnl":15,"x":412,"y":0,"page":0},{"id":8202,"index":0,"char":" ","width":20,"height":38,"xoffset":1,"yoffset":2,"xadvance":21,"chnl":15,"x":294,"y":585,"page":0},{"id":8203,"index":0,"char":"​","width":20,"height":38,"xoffset":1,"yoffset":2,"xadvance":21,"chnl":15,"x":294,"y":624,"page":0},{"id":8209,"index":0,"char":"‑","width":20,"height":38,"xoffset":1,"yoffset":2,"xadvance":21,"chnl":15,"x":294,"y":663,"page":0},{"id":8210,"index":0,"char":"‒","width":20,"height":38,"xoffset":1,"yoffset":2,"xadvance":21,"chnl":15,"x":294,"y":702,"page":0},{"id":8213,"index":0,"char":"―","width":20,"height":38,"xoffset":1,"yoffset":2,"xadvance":21,"chnl":15,"x":294,"y":741,"page":0},{"id":8242,"index":0,"char":"′","width":20,"height":38,"xoffset":1,"yoffset":2,"xadvance":21,"chnl":15,"x":294,"y":780,"page":0},{"id":8243,"index":0,"char":"″","width":20,"height":38,"xoffset":1,"yoffset":2,"xadvance":21,"chnl":15,"x":294,"y":819,"page":0},{"id":8244,"index":0,"char":"‴","width":20,"height":38,"xoffset":1,"yoffset":2,"xadvance":21,"chnl":15,"x":294,"y":858,"page":0},{"id":8245,"index":0,"char":"‵","width":20,"height":38,"xoffset":1,"yoffset":2,"xadvance":21,"chnl":15,"x":294,"y":897,"page":0},{"id":8274,"index":0,"char":"⁒","width":20,"height":38,"xoffset":1,"yoffset":2,"xadvance":21,"chnl":15,"x":294,"y":936,"page":0},{"id":8353,"index":0,"char":"₡","width":20,"height":38,"xoffset":1,"yoffset":2,"xadvance":21,"chnl":15,"x":294,"y":975,"page":0},{"id":8355,"index":0,"char":"₣","width":20,"height":38,"xoffset":1,"yoffset":2,"xadvance":21,"chnl":15,"x":315,"y":546,"page":0},{"id":8356,"index":0,"char":"₤","width":20,"height":38,"xoffset":1,"yoffset":2,"xadvance":21,"chnl":15,"x":335,"y":507,"page":0},{"id":8358,"index":0,"char":"₦","width":20,"height":38,"xoffset":1,"yoffset":2,"xadvance":21,"chnl":15,"x":336,"y":468,"page":0},{"id":8359,"index":0,"char":"₧","width":20,"height":38,"xoffset":1,"yoffset":2,"xadvance":21,"chnl":15,"x":342,"y":390,"page":0},{"id":8361,"index":0,"char":"₩","width":20,"height":38,"xoffset":1,"yoffset":2,"xadvance":21,"chnl":15,"x":359,"y":351,"page":0},{"id":8363,"index":0,"char":"₫","width":20,"height":38,"xoffset":1,"yoffset":2,"xadvance":21,"chnl":15,"x":342,"y":429,"page":0},{"id":8365,"index":0,"char":"₭","width":20,"height":38,"xoffset":1,"yoffset":2,"xadvance":21,"chnl":15,"x":379,"y":312,"page":0},{"id":8366,"index":0,"char":"₮","width":20,"height":38,"xoffset":1,"yoffset":2,"xadvance":21,"chnl":15,"x":389,"y":273,"page":0},{"id":8369,"index":0,"char":"₱","width":20,"height":38,"xoffset":1,"yoffset":2,"xadvance":21,"chnl":15,"x":397,"y":195,"page":0},{"id":8370,"index":0,"char":"₲","width":20,"height":38,"xoffset":1,"yoffset":2,"xadvance":21,"chnl":15,"x":410,"y":156,"page":0},{"id":8372,"index":0,"char":"₴","width":20,"height":38,"xoffset":1,"yoffset":2,"xadvance":21,"chnl":15,"x":397,"y":234,"page":0},{"id":8373,"index":0,"char":"₵","width":20,"height":38,"xoffset":1,"yoffset":2,"xadvance":21,"chnl":15,"x":413,"y":117,"page":0},{"id":8376,"index":0,"char":"₸","width":20,"height":38,"xoffset":1,"yoffset":2,"xadvance":21,"chnl":15,"x":421,"y":78,"page":0},{"id":8377,"index":0,"char":"₹","width":20,"height":38,"xoffset":1,"yoffset":2,"xadvance":21,"chnl":15,"x":425,"y":39,"page":0},{"id":8378,"index":0,"char":"₺","width":20,"height":38,"xoffset":1,"yoffset":2,"xadvance":21,"chnl":15,"x":433,"y":0,"page":0},{"id":8380,"index":0,"char":"₼","width":20,"height":38,"xoffset":1,"yoffset":2,"xadvance":21,"chnl":15,"x":315,"y":585,"page":0},{"id":8381,"index":0,"char":"₽","width":20,"height":38,"xoffset":1,"yoffset":2,"xadvance":21,"chnl":15,"x":315,"y":624,"page":0},{"id":8592,"index":0,"char":"←","width":20,"height":38,"xoffset":1,"yoffset":2,"xadvance":21,"chnl":15,"x":315,"y":663,"page":0},{"id":8593,"index":0,"char":"↑","width":20,"height":38,"xoffset":1,"yoffset":2,"xadvance":21,"chnl":15,"x":315,"y":702,"page":0},{"id":8594,"index":0,"char":"→","width":20,"height":38,"xoffset":1,"yoffset":2,"xadvance":21,"chnl":15,"x":315,"y":741,"page":0},{"id":8595,"index":0,"char":"↓","width":20,"height":38,"xoffset":1,"yoffset":2,"xadvance":21,"chnl":15,"x":315,"y":780,"page":0},{"id":8709,"index":0,"char":"∅","width":20,"height":38,"xoffset":1,"yoffset":2,"xadvance":21,"chnl":15,"x":315,"y":819,"page":0},{"id":8725,"index":0,"char":"∕","width":20,"height":38,"xoffset":1,"yoffset":2,"xadvance":21,"chnl":15,"x":315,"y":858,"page":0},{"id":8758,"index":0,"char":"∶","width":20,"height":38,"xoffset":1,"yoffset":2,"xadvance":21,"chnl":15,"x":315,"y":897,"page":0},{"id":8801,"index":0,"char":"≡","width":20,"height":38,"xoffset":1,"yoffset":2,"xadvance":21,"chnl":15,"x":315,"y":936,"page":0},{"id":8802,"index":0,"char":"≢","width":20,"height":38,"xoffset":1,"yoffset":2,"xadvance":21,"chnl":15,"x":315,"y":975,"page":0},{"id":36,"index":7,"char":"$","width":19,"height":37,"xoffset":2,"yoffset":6,"xadvance":22,"chnl":15,"x":336,"y":546,"page":0},{"id":194,"index":182,"char":"Â","width":27,"height":37,"xoffset":1,"yoffset":3,"xadvance":28,"chnl":15,"x":336,"y":584,"page":0},{"id":195,"index":161,"char":"Ã","width":27,"height":37,"xoffset":1,"yoffset":3,"xadvance":28,"chnl":15,"x":356,"y":507,"page":0},{"id":196,"index":98,"char":"Ä","width":27,"height":37,"xoffset":1,"yoffset":3,"xadvance":28,"chnl":15,"x":356,"y":545,"page":0},{"id":197,"index":99,"char":"Å","width":27,"height":37,"xoffset":1,"yoffset":3,"xadvance":28,"chnl":15,"x":357,"y":468,"page":0},{"id":202,"index":183,"char":"Ê","width":20,"height":37,"xoffset":3,"yoffset":3,"xadvance":23,"chnl":15,"x":363,"y":390,"page":0},{"id":203,"index":185,"char":"Ë","width":20,"height":37,"xoffset":3,"yoffset":3,"xadvance":23,"chnl":15,"x":380,"y":351,"page":0},{"id":206,"index":188,"char":"Î","width":11,"height":37,"xoffset":1,"yoffset":3,"xadvance":10,"chnl":15,"x":400,"y":312,"page":0},{"id":207,"index":189,"char":"Ï","width":14,"height":37,"xoffset":-1,"yoffset":3,"xadvance":10,"chnl":15,"x":410,"y":273,"page":0},{"id":209,"index":102,"char":"Ñ","width":24,"height":37,"xoffset":3,"yoffset":3,"xadvance":28,"chnl":15,"x":363,"y":428,"page":0},{"id":255,"index":172,"char":"ÿ","width":19,"height":37,"xoffset":0,"yoffset":11,"xadvance":19,"chnl":15,"x":384,"y":389,"page":0},{"id":376,"index":173,"char":"Ÿ","width":26,"height":37,"xoffset":1,"yoffset":3,"xadvance":27,"chnl":15,"x":401,"y":350,"page":0},{"id":87,"index":58,"char":"W","width":36,"height":32,"xoffset":1,"yoffset":9,"xadvance":37,"chnl":15,"x":412,"y":311,"page":0},{"id":106,"index":77,"char":"j","width":11,"height":36,"xoffset":-4,"yoffset":12,"xadvance":8,"chnl":15,"x":69,"y":41,"page":0},{"id":188,"index":216,"char":"¼","width":16,"height":36,"xoffset":0,"yoffset":8,"xadvance":16,"chnl":15,"x":89,"y":80,"page":0},{"id":81,"index":52,"char":"Q","width":31,"height":35,"xoffset":0,"yoffset":8,"xadvance":30,"chnl":15,"x":418,"y":195,"page":0},{"id":33,"index":4,"char":"!","width":7,"height":34,"xoffset":1,"yoffset":7,"xadvance":12,"chnl":15,"x":137,"y":197,"page":0},{"id":37,"index":8,"char":"%","width":30,"height":34,"xoffset":-1,"yoffset":7,"xadvance":32,"chnl":15,"x":431,"y":156,"page":0},{"id":63,"index":34,"char":"?","width":17,"height":34,"xoffset":0,"yoffset":6,"xadvance":18,"chnl":15,"x":119,"y":158,"page":0},{"id":98,"index":69,"char":"b","width":19,"height":34,"xoffset":0,"yoffset":6,"xadvance":20,"chnl":15,"x":189,"y":509,"page":0},{"id":100,"index":71,"char":"d","width":20,"height":34,"xoffset":0,"yoffset":6,"xadvance":20,"chnl":15,"x":434,"y":117,"page":0},{"id":102,"index":73,"char":"f","width":11,"height":34,"xoffset":0,"yoffset":6,"xadvance":9,"chnl":15,"x":106,"y":119,"page":0},{"id":104,"index":75,"char":"h","width":19,"height":34,"xoffset":0,"yoffset":6,"xadvance":19,"chnl":15,"x":442,"y":78,"page":0},{"id":107,"index":78,"char":"k","width":17,"height":34,"xoffset":0,"yoffset":6,"xadvance":16,"chnl":15,"x":446,"y":39,"page":0},{"id":108,"index":79,"char":"l","width":10,"height":34,"xoffset":0,"yoffset":6,"xadvance":8,"chnl":15,"x":158,"y":314,"page":0},{"id":161,"index":153,"char":"¡","width":7,"height":34,"xoffset":1,"yoffset":6,"xadvance":10,"chnl":15,"x":81,"y":41,"page":0},{"id":167,"index":134,"char":"§","width":16,"height":34,"xoffset":-1,"yoffset":6,"xadvance":15,"chnl":15,"x":454,"y":0,"page":0},{"id":191,"index":152,"char":"¿","width":17,"height":34,"xoffset":0,"yoffset":6,"xadvance":19,"chnl":15,"x":418,"y":231,"page":0},{"id":223,"index":137,"char":"ß","width":22,"height":34,"xoffset":0,"yoffset":6,"xadvance":23,"chnl":15,"x":455,"y":113,"page":0},{"id":240,"index":205,"char":"ð","width":21,"height":34,"xoffset":0,"yoffset":6,"xadvance":21,"chnl":15,"x":462,"y":74,"page":0},{"id":322,"index":220,"char":"ł","width":14,"height":34,"xoffset":-4,"yoffset":6,"xadvance":8,"chnl":15,"x":174,"y":470,"page":0},{"id":8706,"index":227,"char":"∂","width":21,"height":34,"xoffset":0,"yoffset":6,"xadvance":21,"chnl":15,"x":464,"y":35,"page":0},{"id":38,"index":9,"char":"&","width":27,"height":33,"xoffset":2,"yoffset":8,"xadvance":31,"chnl":15,"x":471,"y":0,"page":0},{"id":48,"index":19,"char":"0","width":26,"height":33,"xoffset":0,"yoffset":7,"xadvance":26,"chnl":15,"x":425,"y":266,"page":0},{"id":56,"index":27,"char":"8","width":20,"height":33,"xoffset":3,"yoffset":7,"xadvance":26,"chnl":15,"x":436,"y":231,"page":0},{"id":67,"index":38,"char":"C","width":28,"height":33,"xoffset":1,"yoffset":8,"xadvance":28,"chnl":15,"x":450,"y":191,"page":0},{"id":71,"index":42,"char":"G","width":28,"height":33,"xoffset":1,"yoffset":8,"xadvance":29,"chnl":15,"x":462,"y":148,"page":0},{"id":79,"index":50,"char":"O","width":31,"height":33,"xoffset":1,"yoffset":8,"xadvance":30,"chnl":15,"x":478,"y":109,"page":0},{"id":83,"index":54,"char":"S","width":19,"height":33,"xoffset":2,"yoffset":8,"xadvance":21,"chnl":15,"x":484,"y":70,"page":0},{"id":91,"index":62,"char":"[","width":10,"height":33,"xoffset":1,"yoffset":10,"xadvance":11,"chnl":15,"x":145,"y":275,"page":0},{"id":93,"index":64,"char":"]","width":10,"height":33,"xoffset":1,"yoffset":10,"xadvance":11,"chnl":15,"x":486,"y":34,"page":0},{"id":95,"index":66,"char":"_","width":33,"height":6,"xoffset":-2,"yoffset":39,"xadvance":27,"chnl":15,"x":168,"y":1016,"page":0},{"id":162,"index":132,"char":"¢","width":19,"height":33,"xoffset":1,"yoffset":6,"xadvance":20,"chnl":15,"x":497,"y":34,"page":0},{"id":216,"index":144,"char":"Ø","width":31,"height":33,"xoffset":0,"yoffset":7,"xadvance":30,"chnl":15,"x":499,"y":0,"page":0},{"id":338,"index":163,"char":"Œ","width":33,"height":31,"xoffset":0,"yoffset":9,"xadvance":32,"chnl":15,"x":504,"y":68,"page":0},{"id":8212,"index":166,"char":"—","width":33,"height":6,"xoffset":1,"yoffset":22,"xadvance":34,"chnl":15,"x":462,"y":182,"page":0},{"id":8260,"index":237,"char":"⁄","width":19,"height":33,"xoffset":0,"yoffset":7,"xadvance":20,"chnl":15,"x":517,"y":34,"page":0},{"id":8710,"index":235,"char":"∆","width":30,"height":33,"xoffset":-2,"yoffset":7,"xadvance":30,"chnl":15,"x":531,"y":0,"page":0},{"id":50,"index":21,"char":"2","width":22,"height":32,"xoffset":2,"yoffset":8,"xadvance":26,"chnl":15,"x":537,"y":34,"page":0},{"id":54,"index":25,"char":"6","width":20,"height":32,"xoffset":3,"yoffset":9,"xadvance":26,"chnl":15,"x":491,"y":143,"page":0},{"id":57,"index":28,"char":"9","width":20,"height":32,"xoffset":3,"yoffset":8,"xadvance":26,"chnl":15,"x":510,"y":100,"page":0},{"id":65,"index":36,"char":"A","width":27,"height":32,"xoffset":1,"yoffset":8,"xadvance":28,"chnl":15,"x":336,"y":622,"page":0},{"id":77,"index":48,"char":"M","width":28,"height":32,"xoffset":3,"yoffset":9,"xadvance":31,"chnl":15,"x":336,"y":655,"page":0},{"id":78,"index":49,"char":"N","width":24,"height":32,"xoffset":3,"yoffset":9,"xadvance":28,"chnl":15,"x":364,"y":583,"page":0},{"id":85,"index":56,"char":"U","width":22,"height":32,"xoffset":3,"yoffset":9,"xadvance":26,"chnl":15,"x":364,"y":616,"page":0},{"id":86,"index":57,"char":"V","width":27,"height":32,"xoffset":1,"yoffset":9,"xadvance":28,"chnl":15,"x":384,"y":506,"page":0},{"id":89,"index":60,"char":"Y","width":26,"height":32,"xoffset":1,"yoffset":8,"xadvance":27,"chnl":15,"x":385,"y":466,"page":0},{"id":163,"index":133,"char":"£","width":22,"height":32,"xoffset":7,"yoffset":8,"xadvance":27,"chnl":15,"x":388,"y":427,"page":0},{"id":165,"index":146,"char":"¥","width":30,"height":32,"xoffset":-1,"yoffset":8,"xadvance":28,"chnl":15,"x":404,"y":388,"page":0},{"id":189,"index":215,"char":"½","width":16,"height":32,"xoffset":0,"yoffset":8,"xadvance":15,"chnl":15,"x":384,"y":539,"page":0},{"id":8225,"index":177,"char":"‡","width":17,"height":32,"xoffset":-1,"yoffset":10,"xadvance":14,"chnl":15,"x":428,"y":344,"page":0},{"id":8719,"index":229,"char":"∏","width":28,"height":32,"xoffset":0,"yoffset":8,"xadvance":28,"chnl":15,"x":411,"y":421,"page":0},{"id":8721,"index":228,"char":"∑","width":26,"height":32,"xoffset":1,"yoffset":8,"xadvance":28,"chnl":15,"x":435,"y":377,"page":0},{"id":47,"index":18,"char":"/","width":24,"height":31,"xoffset":0,"yoffset":11,"xadvance":26,"chnl":15,"x":446,"y":344,"page":0},{"id":49,"index":20,"char":"1","width":9,"height":31,"xoffset":8,"yoffset":9,"xadvance":26,"chnl":15,"x":449,"y":300,"page":0},{"id":51,"index":22,"char":"3","width":17,"height":31,"xoffset":4,"yoffset":9,"xadvance":26,"chnl":15,"x":452,"y":265,"page":0},{"id":52,"index":23,"char":"4","width":23,"height":31,"xoffset":1,"yoffset":9,"xadvance":26,"chnl":15,"x":457,"y":225,"page":0},{"id":53,"index":24,"char":"5","width":16,"height":31,"xoffset":5,"yoffset":9,"xadvance":26,"chnl":15,"x":479,"y":189,"page":0},{"id":55,"index":26,"char":"7","width":19,"height":31,"xoffset":3,"yoffset":9,"xadvance":26,"chnl":15,"x":459,"y":297,"page":0},{"id":64,"index":35,"char":"@","width":31,"height":31,"xoffset":0,"yoffset":9,"xadvance":32,"chnl":15,"x":470,"y":257,"page":0},{"id":66,"index":37,"char":"B","width":23,"height":31,"xoffset":3,"yoffset":9,"xadvance":26,"chnl":15,"x":481,"y":221,"page":0},{"id":68,"index":39,"char":"D","width":26,"height":31,"xoffset":3,"yoffset":9,"xadvance":29,"chnl":15,"x":496,"y":176,"page":0},{"id":69,"index":40,"char":"E","width":20,"height":31,"xoffset":3,"yoffset":9,"xadvance":23,"chnl":15,"x":512,"y":133,"page":0},{"id":70,"index":41,"char":"F","width":19,"height":31,"xoffset":3,"yoffset":9,"xadvance":22,"chnl":15,"x":531,"y":100,"page":0},{"id":72,"index":43,"char":"H","width":24,"height":31,"xoffset":3,"yoffset":9,"xadvance":28,"chnl":15,"x":538,"y":67,"page":0},{"id":73,"index":44,"char":"I","width":7,"height":31,"xoffset":3,"yoffset":9,"xadvance":10,"chnl":15,"x":560,"y":34,"page":0},{"id":74,"index":45,"char":"J","width":11,"height":31,"xoffset":0,"yoffset":9,"xadvance":11,"chnl":15,"x":562,"y":0,"page":0},{"id":75,"index":46,"char":"K","width":21,"height":31,"xoffset":3,"yoffset":9,"xadvance":21,"chnl":15,"x":336,"y":688,"page":0},{"id":76,"index":47,"char":"L","width":17,"height":31,"xoffset":3,"yoffset":9,"xadvance":20,"chnl":15,"x":336,"y":720,"page":0},{"id":80,"index":51,"char":"P","width":22,"height":31,"xoffset":3,"yoffset":9,"xadvance":24,"chnl":15,"x":336,"y":752,"page":0},{"id":82,"index":53,"char":"R","width":22,"height":31,"xoffset":3,"yoffset":9,"xadvance":26,"chnl":15,"x":354,"y":720,"page":0},{"id":84,"index":55,"char":"T","width":20,"height":31,"xoffset":0,"yoffset":9,"xadvance":19,"chnl":15,"x":358,"y":688,"page":0},{"id":88,"index":59,"char":"X","width":26,"height":31,"xoffset":2,"yoffset":9,"xadvance":27,"chnl":15,"x":365,"y":649,"page":0},{"id":90,"index":61,"char":"Z","width":26,"height":31,"xoffset":0,"yoffset":9,"xadvance":27,"chnl":15,"x":387,"y":616,"page":0},{"id":92,"index":63,"char":"\\","width":24,"height":31,"xoffset":0,"yoffset":11,"xadvance":21,"chnl":15,"x":389,"y":572,"page":0},{"id":182,"index":136,"char":"¶","width":27,"height":31,"xoffset":-1,"yoffset":9,"xadvance":28,"chnl":15,"x":401,"y":539,"page":0},{"id":198,"index":143,"char":"Æ","width":31,"height":31,"xoffset":1,"yoffset":9,"xadvance":31,"chnl":15,"x":412,"y":454,"page":0},{"id":208,"index":204,"char":"Ð","width":30,"height":31,"xoffset":-1,"yoffset":9,"xadvance":29,"chnl":15,"x":440,"y":410,"page":0},{"id":222,"index":208,"char":"Þ","width":22,"height":31,"xoffset":3,"yoffset":9,"xadvance":24,"chnl":15,"x":462,"y":376,"page":0},{"id":242,"index":122,"char":"ò","width":21,"height":31,"xoffset":0,"yoffset":10,"xadvance":21,"chnl":15,"x":471,"y":329,"page":0},{"id":249,"index":127,"char":"ù","width":16,"height":31,"xoffset":0,"yoffset":10,"xadvance":17,"chnl":15,"x":479,"y":289,"page":0},{"id":321,"index":219,"char":"Ł","width":21,"height":31,"xoffset":-1,"yoffset":9,"xadvance":20,"chnl":15,"x":412,"y":486,"page":0},{"id":103,"index":74,"char":"g","width":20,"height":30,"xoffset":0,"yoffset":17,"xadvance":20,"chnl":15,"x":336,"y":784,"page":0},{"id":112,"index":83,"char":"p","width":19,"height":30,"xoffset":0,"yoffset":17,"xadvance":20,"chnl":15,"x":336,"y":815,"page":0},{"id":121,"index":92,"char":"y","width":19,"height":30,"xoffset":0,"yoffset":18,"xadvance":19,"chnl":15,"x":336,"y":846,"page":0},{"id":124,"index":95,"char":"|","width":6,"height":30,"xoffset":2,"yoffset":10,"xadvance":8,"chnl":15,"x":336,"y":877,"page":0},{"id":166,"index":203,"char":"¦","width":6,"height":30,"xoffset":2,"yoffset":10,"xadvance":8,"chnl":15,"x":336,"y":908,"page":0},{"id":224,"index":106,"char":"à","width":19,"height":30,"xoffset":0,"yoffset":10,"xadvance":19,"chnl":15,"x":336,"y":939,"page":0},{"id":225,"index":105,"char":"á","width":19,"height":30,"xoffset":0,"yoffset":10,"xadvance":19,"chnl":15,"x":336,"y":970,"page":0},{"id":226,"index":107,"char":"â","width":19,"height":30,"xoffset":0,"yoffset":10,"xadvance":19,"chnl":15,"x":343,"y":877,"page":0},{"id":229,"index":110,"char":"å","width":19,"height":30,"xoffset":0,"yoffset":10,"xadvance":19,"chnl":15,"x":343,"y":908,"page":0},{"id":232,"index":113,"char":"è","width":16,"height":30,"xoffset":0,"yoffset":10,"xadvance":15,"chnl":15,"x":356,"y":815,"page":0},{"id":233,"index":112,"char":"é","width":16,"height":30,"xoffset":0,"yoffset":10,"xadvance":15,"chnl":15,"x":357,"y":784,"page":0},{"id":234,"index":114,"char":"ê","width":16,"height":30,"xoffset":0,"yoffset":10,"xadvance":15,"chnl":15,"x":356,"y":846,"page":0},{"id":236,"index":117,"char":"ì","width":7,"height":30,"xoffset":0,"yoffset":10,"xadvance":8,"chnl":15,"x":359,"y":752,"page":0},{"id":237,"index":116,"char":"í","width":7,"height":30,"xoffset":0,"yoffset":10,"xadvance":8,"chnl":15,"x":367,"y":752,"page":0},{"id":238,"index":118,"char":"î","width":11,"height":30,"xoffset":-2,"yoffset":10,"xadvance":8,"chnl":15,"x":356,"y":939,"page":0},{"id":243,"index":121,"char":"ó","width":21,"height":30,"xoffset":0,"yoffset":10,"xadvance":21,"chnl":15,"x":356,"y":970,"page":0},{"id":244,"index":123,"char":"ô","width":21,"height":30,"xoffset":0,"yoffset":10,"xadvance":21,"chnl":15,"x":363,"y":877,"page":0},{"id":250,"index":126,"char":"ú","width":16,"height":30,"xoffset":0,"yoffset":10,"xadvance":17,"chnl":15,"x":363,"y":908,"page":0},{"id":251,"index":128,"char":"û","width":16,"height":30,"xoffset":0,"yoffset":10,"xadvance":17,"chnl":15,"x":368,"y":939,"page":0},{"id":8224,"index":130,"char":"†","width":17,"height":30,"xoffset":-1,"yoffset":10,"xadvance":14,"chnl":15,"x":380,"y":908,"page":0},{"id":8230,"index":158,"char":"…","width":30,"height":7,"xoffset":1,"yoffset":33,"xadvance":34,"chnl":15,"x":12,"y":84,"page":0},{"id":181,"index":147,"char":"µ","width":26,"height":29,"xoffset":-1,"yoffset":17,"xadvance":28,"chnl":15,"x":378,"y":970,"page":0},{"id":227,"index":109,"char":"ã","width":19,"height":29,"xoffset":0,"yoffset":11,"xadvance":19,"chnl":15,"x":385,"y":939,"page":0},{"id":228,"index":108,"char":"ä","width":19,"height":29,"xoffset":0,"yoffset":11,"xadvance":19,"chnl":15,"x":373,"y":815,"page":0},{"id":231,"index":111,"char":"ç","width":19,"height":29,"xoffset":0,"yoffset":17,"xadvance":19,"chnl":15,"x":373,"y":845,"page":0},{"id":235,"index":115,"char":"ë","width":16,"height":29,"xoffset":0,"yoffset":11,"xadvance":15,"chnl":15,"x":374,"y":783,"page":0},{"id":239,"index":119,"char":"ï","width":14,"height":29,"xoffset":-4,"yoffset":11,"xadvance":8,"chnl":15,"x":375,"y":752,"page":0},{"id":241,"index":120,"char":"ñ","width":17,"height":29,"xoffset":0,"yoffset":11,"xadvance":18,"chnl":15,"x":377,"y":720,"page":0},{"id":245,"index":125,"char":"õ","width":21,"height":29,"xoffset":0,"yoffset":11,"xadvance":21,"chnl":15,"x":385,"y":875,"page":0},{"id":246,"index":124,"char":"ö","width":21,"height":29,"xoffset":0,"yoffset":11,"xadvance":21,"chnl":15,"x":390,"y":750,"page":0},{"id":252,"index":129,"char":"ü","width":16,"height":29,"xoffset":0,"yoffset":11,"xadvance":17,"chnl":15,"x":398,"y":905,"page":0},{"id":353,"index":202,"char":"š","width":16,"height":29,"xoffset":0,"yoffset":11,"xadvance":16,"chnl":15,"x":391,"y":780,"page":0},{"id":382,"index":222,"char":"ž","width":16,"height":29,"xoffset":0,"yoffset":11,"xadvance":16,"chnl":15,"x":379,"y":681,"page":0},{"id":105,"index":76,"char":"i","width":7,"height":28,"xoffset":0,"yoffset":12,"xadvance":8,"chnl":15,"x":392,"y":648,"page":0},{"id":113,"index":84,"char":"q","width":21,"height":28,"xoffset":0,"yoffset":17,"xadvance":21,"chnl":15,"x":395,"y":711,"page":0},{"id":35,"index":6,"char":"#","width":26,"height":27,"xoffset":0,"yoffset":14,"xadvance":26,"chnl":15,"x":396,"y":677,"page":0},{"id":119,"index":90,"char":"w","width":27,"height":22,"xoffset":0,"yoffset":18,"xadvance":26,"chnl":15,"x":336,"y":1001,"page":0},{"id":172,"index":154,"char":"¬","width":27,"height":13,"xoffset":-1,"yoffset":26,"xadvance":27,"chnl":15,"x":471,"y":361,"page":0},{"id":169,"index":139,"char":"©","width":23,"height":26,"xoffset":0,"yoffset":10,"xadvance":24,"chnl":15,"x":400,"y":648,"page":0},{"id":174,"index":138,"char":"®","width":23,"height":26,"xoffset":-1,"yoffset":10,"xadvance":23,"chnl":15,"x":493,"y":321,"page":0},{"id":339,"index":164,"char":"œ","width":24,"height":22,"xoffset":0,"yoffset":18,"xadvance":23,"chnl":15,"x":364,"y":1001,"page":0},{"id":59,"index":30,"char":";","width":9,"height":23,"xoffset":0,"yoffset":24,"xadvance":10,"chnl":15,"x":61,"y":322,"page":0},{"id":97,"index":68,"char":"a","width":19,"height":23,"xoffset":0,"yoffset":17,"xadvance":19,"chnl":15,"x":105,"y":556,"page":0},{"id":99,"index":70,"char":"c","width":19,"height":23,"xoffset":0,"yoffset":17,"xadvance":19,"chnl":15,"x":389,"y":1000,"page":0},{"id":111,"index":82,"char":"o","width":21,"height":23,"xoffset":0,"yoffset":17,"xadvance":21,"chnl":15,"x":496,"y":289,"page":0},{"id":248,"index":151,"char":"ø","width":22,"height":23,"xoffset":0,"yoffset":17,"xadvance":21,"chnl":15,"x":502,"y":253,"page":0},{"id":101,"index":72,"char":"e","width":16,"height":22,"xoffset":0,"yoffset":18,"xadvance":15,"chnl":15,"x":505,"y":208,"page":0},{"id":109,"index":80,"char":"m","width":22,"height":22,"xoffset":0,"yoffset":18,"xadvance":22,"chnl":15,"x":522,"y":208,"page":0},{"id":110,"index":81,"char":"n","width":17,"height":22,"xoffset":0,"yoffset":18,"xadvance":18,"chnl":15,"x":523,"y":165,"page":0},{"id":114,"index":85,"char":"r","width":17,"height":22,"xoffset":0,"yoffset":18,"xadvance":17,"chnl":15,"x":533,"y":132,"page":0},{"id":115,"index":86,"char":"s","width":16,"height":22,"xoffset":0,"yoffset":18,"xadvance":16,"chnl":15,"x":541,"y":155,"page":0},{"id":116,"index":87,"char":"t","width":17,"height":22,"xoffset":-1,"yoffset":18,"xadvance":15,"chnl":15,"x":541,"y":178,"page":0},{"id":117,"index":88,"char":"u","width":16,"height":22,"xoffset":0,"yoffset":18,"xadvance":17,"chnl":15,"x":551,"y":99,"page":0},{"id":118,"index":89,"char":"v","width":19,"height":22,"xoffset":0,"yoffset":18,"xadvance":19,"chnl":15,"x":563,"y":66,"page":0},{"id":120,"index":91,"char":"x","width":20,"height":22,"xoffset":0,"yoffset":18,"xadvance":20,"chnl":15,"x":551,"y":122,"page":0},{"id":122,"index":93,"char":"z","width":16,"height":22,"xoffset":0,"yoffset":18,"xadvance":16,"chnl":15,"x":558,"y":145,"page":0},{"id":230,"index":150,"char":"æ","width":22,"height":22,"xoffset":0,"yoffset":18,"xadvance":22,"chnl":15,"x":568,"y":89,"page":0},{"id":305,"index":241,"char":"ı","width":7,"height":22,"xoffset":0,"yoffset":18,"xadvance":8,"chnl":15,"x":45,"y":205,"page":0},{"id":8804,"index":225,"char":"≤","width":14,"height":22,"xoffset":0,"yoffset":16,"xadvance":14,"chnl":15,"x":90,"y":478,"page":0},{"id":8805,"index":226,"char":"≥","width":14,"height":22,"xoffset":1,"yoffset":16,"xadvance":14,"chnl":15,"x":572,"y":112,"page":0},{"id":164,"index":174,"char":"¤","width":21,"height":21,"xoffset":-1,"yoffset":14,"xadvance":23,"chnl":15,"x":505,"y":231,"page":0},{"id":179,"index":214,"char":"³","width":12,"height":21,"xoffset":1,"yoffset":9,"xadvance":13,"chnl":15,"x":568,"y":32,"page":0},{"id":170,"index":148,"char":"ª","width":14,"height":20,"xoffset":0,"yoffset":13,"xadvance":13,"chnl":15,"x":412,"y":518,"page":0},{"id":60,"index":31,"char":"<","width":14,"height":19,"xoffset":0,"yoffset":17,"xadvance":15,"chnl":15,"x":523,"y":188,"page":0},{"id":62,"index":33,"char":">","width":14,"height":19,"xoffset":2,"yoffset":17,"xadvance":15,"chnl":15,"x":427,"y":518,"page":0},{"id":171,"index":156,"char":"«","width":15,"height":19,"xoffset":0,"yoffset":17,"xadvance":17,"chnl":15,"x":574,"y":0,"page":0},{"id":186,"index":149,"char":"º","width":15,"height":19,"xoffset":0,"yoffset":13,"xadvance":15,"chnl":15,"x":434,"y":486,"page":0},{"id":187,"index":157,"char":"»","width":15,"height":19,"xoffset":2,"yoffset":17,"xadvance":17,"chnl":15,"x":444,"y":442,"page":0},{"id":8211,"index":165,"char":"–","width":19,"height":6,"xoffset":1,"yoffset":22,"xadvance":20,"chnl":15,"x":147,"y":546,"page":0},{"id":8249,"index":175,"char":"‹","width":10,"height":19,"xoffset":0,"yoffset":17,"xadvance":10,"chnl":15,"x":74,"y":361,"page":0},{"id":8250,"index":176,"char":"›","width":10,"height":19,"xoffset":2,"yoffset":17,"xadvance":10,"chnl":15,"x":444,"y":462,"page":0},{"id":8776,"index":234,"char":"≈","width":19,"height":15,"xoffset":2,"yoffset":11,"xadvance":24,"chnl":15,"x":0,"y":1009,"page":0},{"id":8800,"index":223,"char":"≠","width":17,"height":19,"xoffset":-1,"yoffset":17,"xadvance":15,"chnl":15,"x":581,"y":20,"page":0},{"id":58,"index":29,"char":":","width":7,"height":17,"xoffset":1,"yoffset":24,"xadvance":10,"chnl":15,"x":53,"y":244,"page":0},{"id":43,"index":14,"char":"+","width":16,"height":16,"xoffset":1,"yoffset":14,"xadvance":17,"chnl":15,"x":590,"y":0,"page":0},{"id":45,"index":16,"char":"-","width":16,"height":6,"xoffset":1,"yoffset":22,"xadvance":17,"chnl":15,"x":45,"y":117,"page":0},{"id":61,"index":32,"char":"=","width":16,"height":11,"xoffset":1,"yoffset":20,"xadvance":18,"chnl":15,"x":389,"y":604,"page":0},{"id":173,"index":210,"char":"­","width":16,"height":6,"xoffset":1,"yoffset":22,"xadvance":18,"chnl":15,"x":385,"y":499,"page":0},{"id":177,"index":145,"char":"±","width":16,"height":14,"xoffset":-1,"yoffset":17,"xadvance":14,"chnl":15,"x":20,"y":1009,"page":0},{"id":178,"index":213,"char":"²","width":13,"height":16,"xoffset":-1,"yoffset":9,"xadvance":14,"chnl":15,"x":581,"y":40,"page":0},{"id":185,"index":212,"char":"¹","width":8,"height":16,"xoffset":0,"yoffset":9,"xadvance":6,"chnl":15,"x":583,"y":57,"page":0},{"id":247,"index":171,"char":"÷","width":16,"height":16,"xoffset":-1,"yoffset":19,"xadvance":15,"chnl":15,"x":393,"y":810,"page":0},{"id":8208,"index":16,"char":"‐","width":16,"height":6,"xoffset":1,"yoffset":22,"xadvance":17,"chnl":15,"x":538,"y":201,"page":0},{"id":8722,"index":210,"char":"−","width":16,"height":6,"xoffset":1,"yoffset":22,"xadvance":18,"chnl":15,"x":77,"y":195,"page":0},{"id":8222,"index":180,"char":"„","width":15,"height":12,"xoffset":2,"yoffset":33,"xadvance":16,"chnl":15,"x":493,"y":348,"page":0},{"id":126,"index":97,"char":"~","width":14,"height":6,"xoffset":0,"yoffset":28,"xadvance":13,"chnl":15,"x":62,"y":156,"page":0},{"id":168,"index":142,"char":"¨","width":14,"height":7,"xoffset":0,"yoffset":15,"xadvance":14,"chnl":15,"x":132,"y":507,"page":0},{"id":42,"index":13,"char":"*","width":12,"height":13,"xoffset":2,"yoffset":16,"xadvance":17,"chnl":15,"x":583,"y":74,"page":0},{"id":44,"index":15,"char":",","width":9,"height":13,"xoffset":0,"yoffset":33,"xadvance":10,"chnl":15,"x":459,"y":329,"page":0},{"id":215,"index":211,"char":"×","width":13,"height":13,"xoffset":2,"yoffset":18,"xadvance":17,"chnl":15,"x":37,"y":1009,"page":0},{"id":731,"index":246,"char":"˛","width":13,"height":11,"xoffset":1,"yoffset":36,"xadvance":42,"chnl":15,"x":502,"y":277,"page":0},{"id":8220,"index":167,"char":"“","width":13,"height":12,"xoffset":1,"yoffset":8,"xadvance":14,"chnl":15,"x":51,"y":1009,"page":0},{"id":8221,"index":168,"char":"”","width":13,"height":12,"xoffset":2,"yoffset":8,"xadvance":14,"chnl":15,"x":65,"y":1009,"page":0},{"id":175,"index":199,"char":"¯","width":12,"height":5,"xoffset":0,"yoffset":16,"xadvance":12,"chnl":15,"x":103,"y":312,"page":0},{"id":176,"index":131,"char":"°","width":12,"height":12,"xoffset":1,"yoffset":2,"xadvance":10,"chnl":15,"x":79,"y":1009,"page":0},{"id":184,"index":200,"char":"¸","width":11,"height":12,"xoffset":6,"yoffset":36,"xadvance":2,"chnl":15,"x":92,"y":1009,"page":0},{"id":713,"index":199,"char":"ˉ","width":12,"height":5,"xoffset":0,"yoffset":16,"xadvance":12,"chnl":15,"x":412,"y":344,"page":0},{"id":732,"index":198,"char":"˜","width":12,"height":6,"xoffset":2,"yoffset":16,"xadvance":14,"chnl":15,"x":457,"y":257,"page":0},{"id":8216,"index":169,"char":"‘","width":8,"height":12,"xoffset":1,"yoffset":8,"xadvance":9,"chnl":15,"x":496,"y":208,"page":0},{"id":8217,"index":170,"char":"’","width":8,"height":12,"xoffset":2,"yoffset":8,"xadvance":9,"chnl":15,"x":104,"y":1009,"page":0},{"id":8218,"index":179,"char":"‚","width":8,"height":12,"xoffset":2,"yoffset":33,"xadvance":9,"chnl":15,"x":113,"y":1009,"page":0},{"id":94,"index":65,"char":"^","width":11,"height":7,"xoffset":2,"yoffset":14,"xadvance":13,"chnl":15,"x":479,"y":321,"page":0},{"id":710,"index":197,"char":"ˆ","width":11,"height":7,"xoffset":2,"yoffset":14,"xadvance":13,"chnl":15,"x":496,"y":313,"page":0},{"id":711,"index":247,"char":"ˇ","width":11,"height":7,"xoffset":2,"yoffset":22,"xadvance":13,"chnl":15,"x":508,"y":313,"page":0},{"id":733,"index":245,"char":"˝","width":11,"height":10,"xoffset":2,"yoffset":12,"xadvance":12,"chnl":15,"x":425,"y":300,"page":0},{"id":8226,"index":135,"char":"•","width":11,"height":11,"xoffset":3,"yoffset":20,"xadvance":14,"chnl":15,"x":434,"y":506,"page":0},{"id":34,"index":5,"char":"\"","width":10,"height":10,"xoffset":1,"yoffset":5,"xadvance":11,"chnl":15,"x":231,"y":1014,"page":0},{"id":39,"index":10,"char":"'","width":6,"height":10,"xoffset":1,"yoffset":5,"xadvance":7,"chnl":15,"x":202,"y":1014,"page":0},{"id":96,"index":67,"char":"`","width":7,"height":10,"xoffset":2,"yoffset":12,"xadvance":9,"chnl":15,"x":512,"y":165,"page":0},{"id":180,"index":141,"char":"´","width":7,"height":10,"xoffset":2,"yoffset":12,"xadvance":9,"chnl":15,"x":437,"y":300,"page":0},{"id":728,"index":242,"char":"˘","width":10,"height":7,"xoffset":3,"yoffset":15,"xadvance":13,"chnl":15,"x":116,"y":351,"page":0},{"id":730,"index":244,"char":"˚","width":10,"height":10,"xoffset":2,"yoffset":12,"xadvance":11,"chnl":15,"x":242,"y":1014,"page":0},{"id":46,"index":17,"char":".","width":7,"height":7,"xoffset":1,"yoffset":33,"xadvance":10,"chnl":15,"x":95,"y":234,"page":0},{"id":183,"index":178,"char":"·","width":7,"height":7,"xoffset":3,"yoffset":21,"xadvance":11,"chnl":15,"x":470,"y":289,"page":0},{"id":729,"index":243,"char":"˙","width":7,"height":7,"xoffset":4,"yoffset":15,"xadvance":8,"chnl":15,"x":533,"y":155,"page":0},{"id":8729,"index":178,"char":"∙","width":7,"height":7,"xoffset":3,"yoffset":21,"xadvance":11,"chnl":15,"x":379,"y":711,"page":0},{"id":32,"index":3,"char":" ","width":0,"height":0,"xoffset":-2,"yoffset":36,"xadvance":10,"chnl":15,"x":85,"y":400,"page":0},{"id":8364,"index":258,"char":"€","width":0,"height":0,"xoffset":-2,"yoffset":36,"xadvance":42,"chnl":15,"x":127,"y":390,"page":0}],"info":{"face":"Peignot","size":42,"bold":0,"italic":0,"charset":["!","\"","#","$","%","&","'","(",")","*","+",",","-",".","/","0","1","2","3","4","5","6","7","8","9",":",";","<","=",">","?","@","A","B","C","D","E","F","G","H","I","J","K","L","M","N","O","P","Q","R","S","T","U","V","W","X","Y","Z","[","\\","]","^","_","`","a","b","c","d","e","f","g","h","i","j","k","l","m","n","o","p","q","r","s","t","u","v","w","x","y","z","{","|","}","~"," ","¡","¢","£","¤","¥","¦","§","¨","©","ª","«","¬","­","®","¯","°","±","²","³","´","µ","¶","·","¸","¹","º","»","¼","½","¾","¿","À","Á","Â","Ã","Ä","Å","Æ","Ç","È","É","Ê","Ë","Ì","Í","Î","Ï","Ð","Ñ","Ò","Ó","Ô","Õ","Ö","×","Ø","Ù","Ú","Û","Ü","Ý","Þ","ß","à","á","â","ã","ä","å","æ","ç","è","é","ê","ë","ì","í","î","ï","ð","ñ","ò","ó","ô","õ","ö","÷","ø","ù","ú","û","ü","ý","þ","ÿ","Ā","ā","Ă","ă","Ą","ą","Ć","ć","Ĉ","ĉ","Ċ","ċ","Č","č","Ď","ď","Đ","đ","Ē","ē","Ĕ","ĕ","Ė","ė","Ę","ę","Ě","ě","Ĝ","ĝ","Ğ","ğ","Ġ","ġ","Ģ","ģ","Ĥ","ĥ","Ħ","ħ","Ĩ","ĩ","Ī","ī","Ĭ","ĭ","Į","į","İ","ı","Ĵ","ĵ","Ķ","ķ","ĸ","Ĺ","ĺ","Ļ","ļ","Ľ","ľ","Ŀ","ŀ","Ł","ł","Ń","ń","Ņ","ņ","Ň","ň","Ŋ","ŋ","Ō","ō","Ŏ","ŏ","Ő","ő","Œ","œ","Ŕ","ŕ","Ŗ","ŗ","Ř","ř","Ś","ś","Ŝ","ŝ","Ş","ş","Š","š","Ţ","ţ","Ť","ť","Ŧ","ŧ","Ũ","ũ","Ū","ū","Ŭ","ŭ","Ů","ů","Ű","ű","Ų","ų","Ŵ","ŵ","Ŷ","ŷ","Ÿ","Ź","ź","Ż","ż","Ž","ž","Ə","ƒ","Ơ","ơ","Ư","ư","Ǆ","ǅ","ǆ","Ǉ","ǈ","ǉ","Ǌ","ǋ","ǌ","Ǎ","ǎ","Ǐ","ǐ","Ǒ","ǒ","Ǔ","ǔ","Ǖ","ǖ","Ǘ","ǘ","Ǚ","ǚ","Ǜ","ǜ","Ǧ","ǧ","Ǫ","ǫ","Ǻ","ǻ","Ǽ","ǽ","Ǿ","ǿ","Ȁ","ȁ","Ȃ","ȃ","Ȅ","ȅ","Ȇ","ȇ","Ȉ","ȉ","Ȋ","ȋ","Ȍ","ȍ","Ȏ","ȏ","Ȑ","ȑ","Ȓ","ȓ","Ȕ","ȕ","Ȗ","ȗ","Ș","ș","Ț","ț","Ȫ","ȫ","Ȭ","ȭ","Ȱ","ȱ","Ȳ","ȳ","ȷ","ə","ʹ","ʺ","ʻ","ʼ","ʾ","ʿ","ˆ","ˇ","ˈ","ˉ","ˊ","ˋ","ˌ","˘","˙","˚","˛","˜","˝","Ḉ","ḉ","Ḍ","ḍ","Ḏ","ḏ","Ḕ","ḕ","Ḗ","ḗ","Ḝ","ḝ","Ḡ","ḡ","Ḥ","ḥ","Ḫ","ḫ","Ḯ","ḯ","Ḱ","ḱ","Ḷ","ḷ","Ḻ","ḻ","Ṃ","ṃ","Ṅ","ṅ","Ṇ","ṇ","Ṉ","ṉ","Ṍ","ṍ","Ṏ","ṏ","Ṑ","ṑ","Ṓ","ṓ","Ṛ","ṛ","Ṟ","ṟ","Ṡ","ṡ","Ṣ","ṣ","Ṥ","ṥ","Ṧ","ṧ","Ṩ","ṩ","Ṭ","ṭ","Ṯ","ṯ","Ṹ","ṹ","Ṻ","ṻ","Ẁ","ẁ","Ẃ","ẃ","Ẅ","ẅ","Ẏ","ẏ","Ẓ","ẓ","ẗ","ẞ","Ạ","ạ","Ả","ả","Ấ","ấ","Ầ","ầ","Ẩ","ẩ","Ẫ","ẫ","Ậ","ậ","Ắ","ắ","Ằ","ằ","Ẳ","ẳ","Ẵ","ẵ","Ặ","ặ","Ẹ","ẹ","Ẻ","ẻ","Ẽ","ẽ","Ế","ế","Ề","ề","Ể","ể","Ễ","ễ","Ệ","ệ","Ỉ","ỉ","Ị","ị","Ọ","ọ","Ỏ","ỏ","Ố","ố","Ồ","ồ","Ổ","ổ","Ỗ","ỗ","Ộ","ộ","Ớ","ớ","Ờ","ờ","Ở","ở","Ỡ","ỡ","Ợ","ợ","Ụ","ụ","Ủ","ủ","Ứ","ứ","Ừ","ừ","Ử","ử","Ữ","ữ","Ự","ự","Ỳ","ỳ","Ỵ","ỵ","Ỷ","ỷ","Ỹ","ỹ"," "," "," "," "," "," "," "," "," "," "," ","​","‐","‑","‒","–","—","―","‘","’","‚","“","”","„","†","‡","•","…","‰","′","″","‴","‵","‹","›","⁄","⁒","₡","₣","₤","₦","₧","₩","₫","€","₭","₮","₱","₲","₴","₵","₸","₹","₺","₼","₽","←","↑","→","↓","∂","∅","∆","∏","∑","−","∕","∙","√","∞","∫","∶","≈","≠","≡","≢","≤","≥"],"unicode":1,"stretchH":100,"smooth":1,"aa":1,"padding":[2,2,2,2],"spacing":[0,0]},"common":{"lineHeight":43,"base":36,"scaleW":1024,"scaleH":1024,"pages":1,"packed":0,"alphaChnl":0,"redChnl":0,"greenChnl":0,"blueChnl":0},"distanceField":{"fieldType":"msdf","distanceRange":4},"kernings":[{"first":76,"second":111,"amount":-1},{"first":76,"second":116,"amount":-3},{"first":80,"second":97,"amount":-3},{"first":80,"second":111,"amount":-1},{"first":84,"second":97,"amount":-3},{"first":84,"second":101,"amount":-3},{"first":84,"second":105,"amount":-1},{"first":84,"second":111,"amount":-3},{"first":84,"second":114,"amount":-3},{"first":84,"second":117,"amount":-3},{"first":86,"second":97,"amount":-5},{"first":86,"second":101,"amount":-1},{"first":86,"second":111,"amount":-3},{"first":87,"second":97,"amount":-5},{"first":87,"second":101,"amount":-1},{"first":87,"second":111,"amount":-2},{"first":89,"second":97,"amount":-5},{"first":89,"second":101,"amount":-3},{"first":89,"second":111,"amount":-5},{"first":89,"second":117,"amount":-2},{"first":102,"second":97,"amount":-1},{"first":102,"second":111,"amount":-1},{"first":116,"second":97,"amount":-1},{"first":116,"second":111,"amount":-1},{"first":118,"second":97,"amount":-3},{"first":119,"second":97,"amount":-3},{"first":121,"second":97,"amount":-3},{"first":121,"second":111,"amount":-1}]}