{"pages":["Poppins-Regular.png"],"chars":[{"id":40,"index":667,"char":"(","width":17,"height":51,"xoffset":3,"yoffset":7,"xadvance":19,"chnl":15,"x":0,"y":0,"page":0},{"id":41,"index":668,"char":")","width":17,"height":51,"xoffset":-1,"yoffset":7,"xadvance":19,"chnl":15,"x":0,"y":52,"page":0},{"id":47,"index":674,"char":"/","width":19,"height":51,"xoffset":0,"yoffset":6,"xadvance":20,"chnl":15,"x":0,"y":104,"page":0},{"id":91,"index":718,"char":"[","width":12,"height":51,"xoffset":4,"yoffset":7,"xadvance":18,"chnl":15,"x":18,"y":0,"page":0},{"id":92,"index":719,"char":"\\","width":21,"height":51,"xoffset":4,"yoffset":6,"xadvance":28,"chnl":15,"x":18,"y":52,"page":0},{"id":93,"index":720,"char":"]","width":12,"height":51,"xoffset":3,"yoffset":7,"xadvance":18,"chnl":15,"x":31,"y":0,"page":0},{"id":123,"index":750,"char":"{","width":16,"height":51,"xoffset":2,"yoffset":7,"xadvance":19,"chnl":15,"x":0,"y":156,"page":0},{"id":125,"index":752,"char":"}","width":16,"height":51,"xoffset":1,"yoffset":7,"xadvance":19,"chnl":15,"x":0,"y":208,"page":0},{"id":8725,"index":1017,"char":"∕","width":19,"height":51,"xoffset":0,"yoffset":6,"xadvance":20,"chnl":15,"x":0,"y":260,"page":0},{"id":8747,"index":1021,"char":"∫","width":19,"height":51,"xoffset":-4,"yoffset":7,"xadvance":11,"chnl":15,"x":17,"y":156,"page":0},{"id":291,"index":881,"char":"ģ","width":27,"height":49,"xoffset":0,"yoffset":12,"xadvance":28,"chnl":15,"x":20,"y":104,"page":0},{"id":253,"index":847,"char":"ý","width":27,"height":48,"xoffset":-1,"yoffset":13,"xadvance":24,"chnl":15,"x":17,"y":208,"page":0},{"id":7923,"index":986,"char":"ỳ","width":27,"height":48,"xoffset":-1,"yoffset":13,"xadvance":24,"chnl":15,"x":40,"y":52,"page":0},{"id":8224,"index":997,"char":"†","width":23,"height":48,"xoffset":0,"yoffset":13,"xadvance":23,"chnl":15,"x":44,"y":0,"page":0},{"id":8225,"index":998,"char":"‡","width":23,"height":48,"xoffset":0,"yoffset":13,"xadvance":23,"chnl":15,"x":37,"y":154,"page":0},{"id":106,"index":733,"char":"j","width":13,"height":47,"xoffset":-3,"yoffset":14,"xadvance":10,"chnl":15,"x":48,"y":101,"page":0},{"id":230,"index":824,"char":"æ","width":47,"height":28,"xoffset":0,"yoffset":23,"xadvance":46,"chnl":15,"x":0,"y":312,"page":0},{"id":287,"index":877,"char":"ğ","width":27,"height":47,"xoffset":0,"yoffset":14,"xadvance":28,"chnl":15,"x":20,"y":257,"page":0},{"id":509,"index":960,"char":"ǽ","width":47,"height":37,"xoffset":0,"yoffset":13,"xadvance":46,"chnl":15,"x":45,"y":203,"page":0},{"id":254,"index":848,"char":"þ","width":27,"height":46,"xoffset":1,"yoffset":15,"xadvance":28,"chnl":15,"x":61,"y":149,"page":0},{"id":289,"index":879,"char":"ġ","width":27,"height":46,"xoffset":0,"yoffset":16,"xadvance":28,"chnl":15,"x":62,"y":101,"page":0},{"id":339,"index":917,"char":"œ","width":46,"height":28,"xoffset":0,"yoffset":23,"xadvance":45,"chnl":15,"x":89,"y":148,"page":0},{"id":375,"index":949,"char":"ŷ","width":27,"height":46,"xoffset":-1,"yoffset":14,"xadvance":24,"chnl":15,"x":68,"y":0,"page":0},{"id":199,"index":793,"char":"Ç","width":32,"height":45,"xoffset":0,"yoffset":16,"xadvance":32,"chnl":15,"x":68,"y":47,"page":0},{"id":255,"index":849,"char":"ÿ","width":27,"height":45,"xoffset":-1,"yoffset":15,"xadvance":24,"chnl":15,"x":96,"y":0,"page":0},{"id":303,"index":889,"char":"į","width":13,"height":45,"xoffset":-3,"yoffset":14,"xadvance":10,"chnl":15,"x":90,"y":93,"page":0},{"id":311,"index":893,"char":"ķ","width":22,"height":45,"xoffset":1,"yoffset":15,"xadvance":22,"chnl":15,"x":101,"y":46,"page":0},{"id":314,"index":895,"char":"ĺ","width":13,"height":45,"xoffset":-2,"yoffset":5,"xadvance":10,"chnl":15,"x":104,"y":92,"page":0},{"id":316,"index":897,"char":"ļ","width":8,"height":45,"xoffset":1,"yoffset":15,"xadvance":10,"chnl":15,"x":118,"y":92,"page":0},{"id":338,"index":916,"char":"Œ","width":45,"height":34,"xoffset":0,"yoffset":16,"xadvance":46,"chnl":15,"x":124,"y":0,"page":0},{"id":350,"index":926,"char":"Ş","width":24,"height":45,"xoffset":0,"yoffset":16,"xadvance":25,"chnl":15,"x":124,"y":35,"page":0},{"id":366,"index":940,"char":"Ů","width":26,"height":45,"xoffset":1,"yoffset":6,"xadvance":28,"chnl":15,"x":127,"y":81,"page":0},{"id":7929,"index":988,"char":"ỹ","width":27,"height":45,"xoffset":-1,"yoffset":16,"xadvance":24,"chnl":15,"x":149,"y":35,"page":0},{"id":197,"index":791,"char":"Å","width":30,"height":44,"xoffset":-1,"yoffset":6,"xadvance":28,"chnl":15,"x":0,"y":341,"page":0},{"id":290,"index":880,"char":"Ģ","width":33,"height":44,"xoffset":0,"yoffset":16,"xadvance":33,"chnl":15,"x":0,"y":386,"page":0},{"id":310,"index":892,"char":"Ķ","width":25,"height":44,"xoffset":1,"yoffset":17,"xadvance":25,"chnl":15,"x":31,"y":341,"page":0},{"id":315,"index":896,"char":"Ļ","width":18,"height":44,"xoffset":1,"yoffset":17,"xadvance":18,"chnl":15,"x":48,"y":241,"page":0},{"id":325,"index":906,"char":"Ņ","width":27,"height":44,"xoffset":1,"yoffset":17,"xadvance":30,"chnl":15,"x":48,"y":286,"page":0},{"id":342,"index":920,"char":"Ŗ","width":24,"height":44,"xoffset":1,"yoffset":17,"xadvance":26,"chnl":15,"x":67,"y":241,"page":0},{"id":354,"index":930,"char":"Ţ","width":24,"height":44,"xoffset":-1,"yoffset":17,"xadvance":23,"chnl":15,"x":0,"y":431,"page":0},{"id":355,"index":931,"char":"ţ","width":18,"height":44,"xoffset":-1,"yoffset":17,"xadvance":15,"chnl":15,"x":0,"y":476,"page":0},{"id":402,"index":958,"char":"ƒ","width":20,"height":44,"xoffset":-4,"yoffset":14,"xadvance":14,"chnl":15,"x":0,"y":521,"page":0},{"id":536,"index":961,"char":"Ș","width":24,"height":44,"xoffset":0,"yoffset":16,"xadvance":25,"chnl":15,"x":19,"y":476,"page":0},{"id":538,"index":963,"char":"Ț","width":24,"height":44,"xoffset":-1,"yoffset":17,"xadvance":23,"chnl":15,"x":25,"y":431,"page":0},{"id":87,"index":714,"char":"W","width":43,"height":33,"xoffset":-1,"yoffset":17,"xadvance":41,"chnl":15,"x":170,"y":0,"page":0},{"id":192,"index":786,"char":"À","width":30,"height":43,"xoffset":-1,"yoffset":7,"xadvance":28,"chnl":15,"x":34,"y":386,"page":0},{"id":193,"index":787,"char":"Á","width":30,"height":43,"xoffset":-1,"yoffset":7,"xadvance":28,"chnl":15,"x":57,"y":331,"page":0},{"id":200,"index":794,"char":"È","width":20,"height":43,"xoffset":1,"yoffset":7,"xadvance":22,"chnl":15,"x":76,"y":286,"page":0},{"id":201,"index":795,"char":"É","width":20,"height":43,"xoffset":1,"yoffset":7,"xadvance":22,"chnl":15,"x":92,"y":241,"page":0},{"id":204,"index":798,"char":"Ì","width":13,"height":43,"xoffset":-2,"yoffset":7,"xadvance":10,"chnl":15,"x":93,"y":177,"page":0},{"id":205,"index":799,"char":"Í","width":13,"height":43,"xoffset":-2,"yoffset":7,"xadvance":10,"chnl":15,"x":107,"y":177,"page":0},{"id":210,"index":804,"char":"Ò","width":33,"height":43,"xoffset":0,"yoffset":7,"xadvance":33,"chnl":15,"x":0,"y":566,"page":0},{"id":211,"index":805,"char":"Ó","width":33,"height":43,"xoffset":0,"yoffset":7,"xadvance":33,"chnl":15,"x":21,"y":521,"page":0},{"id":217,"index":811,"char":"Ù","width":26,"height":43,"xoffset":1,"yoffset":7,"xadvance":28,"chnl":15,"x":44,"y":476,"page":0},{"id":218,"index":812,"char":"Ú","width":26,"height":43,"xoffset":1,"yoffset":7,"xadvance":28,"chnl":15,"x":50,"y":430,"page":0},{"id":221,"index":815,"char":"Ý","width":27,"height":43,"xoffset":-1,"yoffset":7,"xadvance":25,"chnl":15,"x":65,"y":375,"page":0},{"id":262,"index":856,"char":"Ć","width":32,"height":43,"xoffset":0,"yoffset":7,"xadvance":32,"chnl":15,"x":88,"y":330,"page":0},{"id":313,"index":894,"char":"Ĺ","width":18,"height":43,"xoffset":1,"yoffset":7,"xadvance":18,"chnl":15,"x":97,"y":285,"page":0},{"id":323,"index":904,"char":"Ń","width":27,"height":43,"xoffset":1,"yoffset":7,"xadvance":30,"chnl":15,"x":113,"y":221,"page":0},{"id":340,"index":918,"char":"Ŕ","width":24,"height":43,"xoffset":1,"yoffset":7,"xadvance":26,"chnl":15,"x":121,"y":177,"page":0},{"id":346,"index":924,"char":"Ś","width":24,"height":43,"xoffset":0,"yoffset":7,"xadvance":25,"chnl":15,"x":136,"y":127,"page":0},{"id":372,"index":946,"char":"Ŵ","width":43,"height":42,"xoffset":-1,"yoffset":8,"xadvance":41,"chnl":15,"x":154,"y":81,"page":0},{"id":377,"index":951,"char":"Ź","width":23,"height":43,"xoffset":0,"yoffset":7,"xadvance":23,"chnl":15,"x":177,"y":34,"page":0},{"id":508,"index":959,"char":"Ǽ","width":39,"height":43,"xoffset":-1,"yoffset":7,"xadvance":38,"chnl":15,"x":116,"y":265,"page":0},{"id":539,"index":964,"char":"ț","width":17,"height":43,"xoffset":-1,"yoffset":17,"xadvance":15,"chnl":15,"x":141,"y":221,"page":0},{"id":7808,"index":977,"char":"Ẁ","width":43,"height":43,"xoffset":-1,"yoffset":7,"xadvance":41,"chnl":15,"x":146,"y":171,"page":0},{"id":7810,"index":979,"char":"Ẃ","width":43,"height":43,"xoffset":-1,"yoffset":7,"xadvance":41,"chnl":15,"x":161,"y":124,"page":0},{"id":7812,"index":981,"char":"Ẅ","width":43,"height":41,"xoffset":-1,"yoffset":9,"xadvance":41,"chnl":15,"x":198,"y":78,"page":0},{"id":7922,"index":985,"char":"Ỳ","width":27,"height":43,"xoffset":-1,"yoffset":7,"xadvance":25,"chnl":15,"x":201,"y":34,"page":0},{"id":8240,"index":1001,"char":"‰","width":43,"height":34,"xoffset":0,"yoffset":16,"xadvance":42,"chnl":15,"x":229,"y":0,"page":0},{"id":124,"index":751,"char":"|","width":8,"height":42,"xoffset":2,"yoffset":13,"xadvance":12,"chnl":15,"x":229,"y":35,"page":0},{"id":166,"index":760,"char":"¦","width":8,"height":42,"xoffset":2,"yoffset":13,"xadvance":12,"chnl":15,"x":238,"y":35,"page":0},{"id":167,"index":761,"char":"§","width":24,"height":42,"xoffset":0,"yoffset":16,"xadvance":24,"chnl":15,"x":0,"y":610,"page":0},{"id":194,"index":788,"char":"Â","width":30,"height":42,"xoffset":-1,"yoffset":8,"xadvance":28,"chnl":15,"x":0,"y":653,"page":0},{"id":202,"index":796,"char":"Ê","width":20,"height":42,"xoffset":1,"yoffset":8,"xadvance":22,"chnl":15,"x":25,"y":610,"page":0},{"id":206,"index":800,"char":"Î","width":16,"height":42,"xoffset":-3,"yoffset":8,"xadvance":10,"chnl":15,"x":34,"y":565,"page":0},{"id":212,"index":806,"char":"Ô","width":33,"height":42,"xoffset":0,"yoffset":8,"xadvance":33,"chnl":15,"x":0,"y":696,"page":0},{"id":219,"index":813,"char":"Û","width":26,"height":42,"xoffset":1,"yoffset":8,"xadvance":28,"chnl":15,"x":31,"y":653,"page":0},{"id":258,"index":852,"char":"Ă","width":30,"height":42,"xoffset":-1,"yoffset":8,"xadvance":28,"chnl":15,"x":46,"y":608,"page":0},{"id":260,"index":854,"char":"Ą","width":30,"height":42,"xoffset":-1,"yoffset":17,"xadvance":28,"chnl":15,"x":51,"y":565,"page":0},{"id":268,"index":860,"char":"Č","width":32,"height":42,"xoffset":0,"yoffset":8,"xadvance":32,"chnl":15,"x":55,"y":520,"page":0},{"id":270,"index":862,"char":"Ď","width":29,"height":42,"xoffset":1,"yoffset":8,"xadvance":30,"chnl":15,"x":71,"y":474,"page":0},{"id":276,"index":868,"char":"Ĕ","width":20,"height":42,"xoffset":1,"yoffset":8,"xadvance":22,"chnl":15,"x":77,"y":419,"page":0},{"id":280,"index":872,"char":"Ę","width":20,"height":42,"xoffset":1,"yoffset":17,"xadvance":22,"chnl":15,"x":93,"y":374,"page":0},{"id":282,"index":874,"char":"Ě","width":20,"height":42,"xoffset":1,"yoffset":8,"xadvance":22,"chnl":15,"x":98,"y":417,"page":0},{"id":286,"index":876,"char":"Ğ","width":33,"height":42,"xoffset":0,"yoffset":8,"xadvance":33,"chnl":15,"x":114,"y":374,"page":0},{"id":300,"index":886,"char":"Ĭ","width":16,"height":42,"xoffset":-3,"yoffset":8,"xadvance":10,"chnl":15,"x":121,"y":309,"page":0},{"id":302,"index":888,"char":"Į","width":12,"height":42,"xoffset":-3,"yoffset":17,"xadvance":10,"chnl":15,"x":138,"y":309,"page":0},{"id":327,"index":908,"char":"Ň","width":27,"height":42,"xoffset":1,"yoffset":8,"xadvance":30,"chnl":15,"x":0,"y":739,"page":0},{"id":334,"index":912,"char":"Ŏ","width":33,"height":42,"xoffset":0,"yoffset":8,"xadvance":33,"chnl":15,"x":0,"y":782,"page":0},{"id":336,"index":914,"char":"Ő","width":33,"height":42,"xoffset":0,"yoffset":8,"xadvance":33,"chnl":15,"x":28,"y":739,"page":0},{"id":344,"index":922,"char":"Ř","width":24,"height":42,"xoffset":1,"yoffset":8,"xadvance":26,"chnl":15,"x":34,"y":696,"page":0},{"id":352,"index":928,"char":"Š","width":24,"height":42,"xoffset":0,"yoffset":8,"xadvance":25,"chnl":15,"x":58,"y":651,"page":0},{"id":356,"index":932,"char":"Ť","width":24,"height":42,"xoffset":-1,"yoffset":8,"xadvance":23,"chnl":15,"x":77,"y":608,"page":0},{"id":364,"index":938,"char":"Ŭ","width":26,"height":42,"xoffset":1,"yoffset":8,"xadvance":28,"chnl":15,"x":59,"y":694,"page":0},{"id":368,"index":942,"char":"Ű","width":26,"height":42,"xoffset":1,"yoffset":8,"xadvance":28,"chnl":15,"x":83,"y":651,"page":0},{"id":370,"index":944,"char":"Ų","width":26,"height":42,"xoffset":1,"yoffset":17,"xadvance":28,"chnl":15,"x":82,"y":563,"page":0},{"id":374,"index":948,"char":"Ŷ","width":27,"height":42,"xoffset":-1,"yoffset":8,"xadvance":25,"chnl":15,"x":102,"y":606,"page":0},{"id":381,"index":955,"char":"Ž","width":23,"height":42,"xoffset":0,"yoffset":8,"xadvance":23,"chnl":15,"x":88,"y":517,"page":0},{"id":8730,"index":1019,"char":"√","width":36,"height":42,"xoffset":-1,"yoffset":10,"xadvance":33,"chnl":15,"x":109,"y":560,"page":0},{"id":36,"index":663,"char":"$","width":24,"height":41,"xoffset":1,"yoffset":13,"xadvance":26,"chnl":15,"x":101,"y":460,"page":0},{"id":109,"index":736,"char":"m","width":41,"height":27,"xoffset":1,"yoffset":23,"xadvance":43,"chnl":15,"x":119,"y":417,"page":0},{"id":196,"index":790,"char":"Ä","width":30,"height":41,"xoffset":-1,"yoffset":9,"xadvance":28,"chnl":15,"x":112,"y":502,"page":0},{"id":203,"index":797,"char":"Ë","width":20,"height":41,"xoffset":1,"yoffset":9,"xadvance":22,"chnl":15,"x":126,"y":445,"page":0},{"id":207,"index":801,"char":"Ï","width":15,"height":41,"xoffset":-2,"yoffset":9,"xadvance":10,"chnl":15,"x":148,"y":352,"page":0},{"id":214,"index":808,"char":"Ö","width":33,"height":41,"xoffset":0,"yoffset":9,"xadvance":33,"chnl":15,"x":151,"y":309,"page":0},{"id":220,"index":814,"char":"Ü","width":26,"height":41,"xoffset":1,"yoffset":9,"xadvance":28,"chnl":15,"x":156,"y":265,"page":0},{"id":266,"index":858,"char":"Ċ","width":32,"height":41,"xoffset":0,"yoffset":9,"xadvance":32,"chnl":15,"x":159,"y":215,"page":0},{"id":288,"index":878,"char":"Ġ","width":33,"height":41,"xoffset":0,"yoffset":10,"xadvance":33,"chnl":15,"x":190,"y":168,"page":0},{"id":376,"index":950,"char":"Ÿ","width":27,"height":41,"xoffset":-1,"yoffset":9,"xadvance":25,"chnl":15,"x":205,"y":120,"page":0},{"id":64,"index":691,"char":"@","width":40,"height":39,"xoffset":1,"yoffset":19,"xadvance":43,"chnl":15,"x":183,"y":257,"page":0},{"id":195,"index":789,"char":"Ã","width":30,"height":40,"xoffset":-1,"yoffset":10,"xadvance":28,"chnl":15,"x":192,"y":210,"page":0},{"id":209,"index":803,"char":"Ñ","width":27,"height":40,"xoffset":1,"yoffset":10,"xadvance":30,"chnl":15,"x":223,"y":210,"page":0},{"id":213,"index":807,"char":"Õ","width":33,"height":40,"xoffset":0,"yoffset":10,"xadvance":33,"chnl":15,"x":224,"y":162,"page":0},{"id":256,"index":850,"char":"Ā","width":30,"height":40,"xoffset":-1,"yoffset":10,"xadvance":28,"chnl":15,"x":233,"y":120,"page":0},{"id":274,"index":866,"char":"Ē","width":20,"height":40,"xoffset":1,"yoffset":10,"xadvance":22,"chnl":15,"x":242,"y":78,"page":0},{"id":278,"index":870,"char":"Ė","width":20,"height":40,"xoffset":1,"yoffset":10,"xadvance":22,"chnl":15,"x":247,"y":35,"page":0},{"id":296,"index":882,"char":"Ĩ","width":17,"height":40,"xoffset":-3,"yoffset":10,"xadvance":10,"chnl":15,"x":263,"y":76,"page":0},{"id":298,"index":884,"char":"Ī","width":19,"height":40,"xoffset":-4,"yoffset":10,"xadvance":10,"chnl":15,"x":268,"y":35,"page":0},{"id":304,"index":890,"char":"İ","width":8,"height":40,"xoffset":1,"yoffset":10,"xadvance":10,"chnl":15,"x":143,"y":487,"page":0},{"id":332,"index":910,"char":"Ō","width":33,"height":40,"xoffset":0,"yoffset":10,"xadvance":33,"chnl":15,"x":147,"y":445,"page":0},{"id":360,"index":934,"char":"Ũ","width":26,"height":40,"xoffset":1,"yoffset":10,"xadvance":28,"chnl":15,"x":161,"y":394,"page":0},{"id":362,"index":936,"char":"Ū","width":26,"height":40,"xoffset":1,"yoffset":10,"xadvance":28,"chnl":15,"x":164,"y":351,"page":0},{"id":379,"index":953,"char":"Ż","width":23,"height":40,"xoffset":0,"yoffset":10,"xadvance":23,"chnl":15,"x":185,"y":297,"page":0},{"id":7868,"index":983,"char":"Ẽ","width":20,"height":40,"xoffset":1,"yoffset":10,"xadvance":22,"chnl":15,"x":0,"y":825,"page":0},{"id":7928,"index":987,"char":"Ỹ","width":27,"height":40,"xoffset":-1,"yoffset":10,"xadvance":25,"chnl":15,"x":0,"y":866,"page":0},{"id":81,"index":708,"char":"Q","width":34,"height":39,"xoffset":0,"yoffset":16,"xadvance":33,"chnl":15,"x":21,"y":825,"page":0},{"id":103,"index":730,"char":"g","width":27,"height":39,"xoffset":0,"yoffset":23,"xadvance":28,"chnl":15,"x":34,"y":782,"page":0},{"id":198,"index":792,"char":"Æ","width":39,"height":33,"xoffset":-1,"yoffset":17,"xadvance":38,"chnl":15,"x":273,"y":0,"page":0},{"id":229,"index":823,"char":"å","width":27,"height":39,"xoffset":0,"yoffset":12,"xadvance":28,"chnl":15,"x":0,"y":907,"page":0},{"id":367,"index":941,"char":"ů","width":25,"height":39,"xoffset":1,"yoffset":12,"xadvance":27,"chnl":15,"x":0,"y":947,"page":0},{"id":112,"index":739,"char":"p","width":27,"height":38,"xoffset":1,"yoffset":23,"xadvance":28,"chnl":15,"x":26,"y":947,"page":0},{"id":113,"index":740,"char":"q","width":27,"height":38,"xoffset":0,"yoffset":23,"xadvance":28,"chnl":15,"x":26,"y":986,"page":0},{"id":121,"index":748,"char":"y","width":27,"height":38,"xoffset":-1,"yoffset":23,"xadvance":24,"chnl":15,"x":28,"y":865,"page":0},{"id":181,"index":775,"char":"µ","width":25,"height":38,"xoffset":1,"yoffset":23,"xadvance":27,"chnl":15,"x":28,"y":904,"page":0},{"id":231,"index":825,"char":"ç","width":26,"height":38,"xoffset":0,"yoffset":23,"xadvance":25,"chnl":15,"x":54,"y":904,"page":0},{"id":242,"index":836,"char":"ò","width":27,"height":38,"xoffset":0,"yoffset":13,"xadvance":27,"chnl":15,"x":56,"y":822,"page":0},{"id":243,"index":837,"char":"ó","width":27,"height":38,"xoffset":0,"yoffset":13,"xadvance":27,"chnl":15,"x":56,"y":861,"page":0},{"id":326,"index":907,"char":"ņ","width":25,"height":38,"xoffset":1,"yoffset":23,"xadvance":27,"chnl":15,"x":54,"y":943,"page":0},{"id":343,"index":921,"char":"ŗ","width":15,"height":38,"xoffset":1,"yoffset":23,"xadvance":16,"chnl":15,"x":54,"y":982,"page":0},{"id":347,"index":925,"char":"ś","width":22,"height":38,"xoffset":0,"yoffset":13,"xadvance":22,"chnl":15,"x":70,"y":982,"page":0},{"id":351,"index":927,"char":"ş","width":22,"height":38,"xoffset":0,"yoffset":23,"xadvance":22,"chnl":15,"x":80,"y":943,"page":0},{"id":537,"index":962,"char":"ș","width":22,"height":38,"xoffset":0,"yoffset":23,"xadvance":22,"chnl":15,"x":93,"y":982,"page":0},{"id":119,"index":746,"char":"w","width":37,"height":27,"xoffset":-1,"yoffset":23,"xadvance":34,"chnl":15,"x":143,"y":528,"page":0},{"id":223,"index":817,"char":"ß","width":28,"height":37,"xoffset":1,"yoffset":14,"xadvance":29,"chnl":15,"x":152,"y":486,"page":0},{"id":224,"index":818,"char":"à","width":27,"height":37,"xoffset":0,"yoffset":13,"xadvance":28,"chnl":15,"x":81,"y":900,"page":0},{"id":225,"index":819,"char":"á","width":27,"height":37,"xoffset":0,"yoffset":13,"xadvance":28,"chnl":15,"x":103,"y":938,"page":0},{"id":232,"index":826,"char":"è","width":26,"height":37,"xoffset":0,"yoffset":13,"xadvance":26,"chnl":15,"x":116,"y":976,"page":0},{"id":233,"index":827,"char":"é","width":26,"height":37,"xoffset":0,"yoffset":13,"xadvance":26,"chnl":15,"x":62,"y":737,"page":0},{"id":236,"index":830,"char":"ì","width":13,"height":37,"xoffset":-2,"yoffset":13,"xadvance":10,"chnl":15,"x":0,"y":987,"page":0},{"id":237,"index":831,"char":"í","width":13,"height":37,"xoffset":-2,"yoffset":13,"xadvance":10,"chnl":15,"x":86,"y":694,"page":0},{"id":249,"index":843,"char":"ù","width":25,"height":37,"xoffset":1,"yoffset":13,"xadvance":27,"chnl":15,"x":62,"y":775,"page":0},{"id":250,"index":844,"char":"ú","width":25,"height":37,"xoffset":1,"yoffset":13,"xadvance":27,"chnl":15,"x":84,"y":813,"page":0},{"id":263,"index":857,"char":"ć","width":26,"height":37,"xoffset":0,"yoffset":13,"xadvance":25,"chnl":15,"x":88,"y":775,"page":0},{"id":324,"index":905,"char":"ń","width":25,"height":37,"xoffset":1,"yoffset":13,"xadvance":27,"chnl":15,"x":89,"y":732,"page":0},{"id":341,"index":919,"char":"ŕ","width":15,"height":37,"xoffset":1,"yoffset":13,"xadvance":16,"chnl":15,"x":100,"y":694,"page":0},{"id":373,"index":947,"char":"ŵ","width":37,"height":36,"xoffset":-1,"yoffset":14,"xadvance":34,"chnl":15,"x":110,"y":649,"page":0},{"id":378,"index":952,"char":"ź","width":20,"height":37,"xoffset":0,"yoffset":13,"xadvance":19,"chnl":15,"x":130,"y":603,"page":0},{"id":7809,"index":978,"char":"ẁ","width":37,"height":37,"xoffset":-1,"yoffset":13,"xadvance":34,"chnl":15,"x":146,"y":556,"page":0},{"id":7811,"index":980,"char":"ẃ","width":37,"height":37,"xoffset":-1,"yoffset":13,"xadvance":34,"chnl":15,"x":84,"y":851,"page":0},{"id":7813,"index":982,"char":"ẅ","width":37,"height":35,"xoffset":-1,"yoffset":15,"xadvance":34,"chnl":15,"x":110,"y":813,"page":0},{"id":35,"index":662,"char":"#","width":36,"height":35,"xoffset":-1,"yoffset":15,"xadvance":35,"chnl":15,"x":109,"y":889,"page":0},{"id":56,"index":683,"char":"8","width":26,"height":36,"xoffset":1,"yoffset":15,"xadvance":27,"chnl":15,"x":122,"y":849,"page":0},{"id":102,"index":729,"char":"f","width":16,"height":36,"xoffset":-1,"yoffset":14,"xadvance":14,"chnl":15,"x":131,"y":925,"page":0},{"id":105,"index":732,"char":"i","width":9,"height":36,"xoffset":1,"yoffset":14,"xadvance":10,"chnl":15,"x":14,"y":987,"page":0},{"id":226,"index":820,"char":"â","width":27,"height":36,"xoffset":0,"yoffset":14,"xadvance":28,"chnl":15,"x":146,"y":886,"page":0},{"id":234,"index":828,"char":"ê","width":26,"height":36,"xoffset":0,"yoffset":14,"xadvance":26,"chnl":15,"x":143,"y":962,"page":0},{"id":238,"index":832,"char":"î","width":16,"height":36,"xoffset":-3,"yoffset":14,"xadvance":10,"chnl":15,"x":148,"y":923,"page":0},{"id":240,"index":834,"char":"ð","width":27,"height":36,"xoffset":0,"yoffset":15,"xadvance":27,"chnl":15,"x":165,"y":923,"page":0},{"id":244,"index":838,"char":"ô","width":27,"height":36,"xoffset":0,"yoffset":14,"xadvance":27,"chnl":15,"x":170,"y":960,"page":0},{"id":251,"index":845,"char":"û","width":25,"height":36,"xoffset":1,"yoffset":14,"xadvance":27,"chnl":15,"x":115,"y":732,"page":0},{"id":259,"index":853,"char":"ă","width":27,"height":36,"xoffset":0,"yoffset":14,"xadvance":28,"chnl":15,"x":115,"y":769,"page":0},{"id":261,"index":855,"char":"ą","width":28,"height":36,"xoffset":0,"yoffset":23,"xadvance":28,"chnl":15,"x":116,"y":686,"page":0},{"id":269,"index":861,"char":"č","width":26,"height":36,"xoffset":0,"yoffset":14,"xadvance":25,"chnl":15,"x":141,"y":723,"page":0},{"id":277,"index":869,"char":"ĕ","width":26,"height":36,"xoffset":0,"yoffset":14,"xadvance":26,"chnl":15,"x":145,"y":686,"page":0},{"id":283,"index":875,"char":"ě","width":26,"height":36,"xoffset":0,"yoffset":14,"xadvance":26,"chnl":15,"x":148,"y":641,"page":0},{"id":301,"index":887,"char":"ĭ","width":16,"height":36,"xoffset":-3,"yoffset":14,"xadvance":10,"chnl":15,"x":151,"y":594,"page":0},{"id":328,"index":909,"char":"ň","width":25,"height":36,"xoffset":1,"yoffset":14,"xadvance":27,"chnl":15,"x":168,"y":594,"page":0},{"id":335,"index":913,"char":"ŏ","width":27,"height":36,"xoffset":0,"yoffset":14,"xadvance":27,"chnl":15,"x":143,"y":760,"page":0},{"id":337,"index":915,"char":"ő","width":27,"height":36,"xoffset":0,"yoffset":14,"xadvance":27,"chnl":15,"x":168,"y":723,"page":0},{"id":345,"index":923,"char":"ř","width":16,"height":36,"xoffset":1,"yoffset":14,"xadvance":16,"chnl":15,"x":172,"y":678,"page":0},{"id":353,"index":929,"char":"š","width":22,"height":36,"xoffset":0,"yoffset":14,"xadvance":22,"chnl":15,"x":175,"y":631,"page":0},{"id":357,"index":933,"char":"ť","width":18,"height":36,"xoffset":-1,"yoffset":14,"xadvance":15,"chnl":15,"x":148,"y":797,"page":0},{"id":365,"index":939,"char":"ŭ","width":25,"height":36,"xoffset":1,"yoffset":14,"xadvance":27,"chnl":15,"x":149,"y":834,"page":0},{"id":369,"index":943,"char":"ű","width":25,"height":36,"xoffset":1,"yoffset":14,"xadvance":27,"chnl":15,"x":167,"y":797,"page":0},{"id":371,"index":945,"char":"ų","width":25,"height":36,"xoffset":1,"yoffset":23,"xadvance":27,"chnl":15,"x":171,"y":760,"page":0},{"id":382,"index":956,"char":"ž","width":20,"height":36,"xoffset":0,"yoffset":14,"xadvance":19,"chnl":15,"x":174,"y":871,"page":0},{"id":8364,"index":1005,"char":"€","width":36,"height":34,"xoffset":-1,"yoffset":16,"xadvance":34,"chnl":15,"x":175,"y":834,"page":0},{"id":8706,"index":1012,"char":"∂","width":25,"height":36,"xoffset":0,"yoffset":15,"xadvance":24,"chnl":15,"x":193,"y":797,"page":0},{"id":8721,"index":1015,"char":"∑","width":20,"height":36,"xoffset":0,"yoffset":17,"xadvance":19,"chnl":15,"x":193,"y":908,"page":0},{"id":48,"index":675,"char":"0","width":25,"height":35,"xoffset":1,"yoffset":15,"xadvance":26,"chnl":15,"x":195,"y":869,"page":0},{"id":50,"index":677,"char":"2","width":24,"height":35,"xoffset":0,"yoffset":15,"xadvance":24,"chnl":15,"x":189,"y":668,"page":0},{"id":51,"index":678,"char":"3","width":24,"height":35,"xoffset":0,"yoffset":15,"xadvance":25,"chnl":15,"x":196,"y":704,"page":0},{"id":54,"index":681,"char":"6","width":25,"height":35,"xoffset":1,"yoffset":15,"xadvance":27,"chnl":15,"x":197,"y":740,"page":0},{"id":57,"index":684,"char":"9","width":25,"height":35,"xoffset":1,"yoffset":15,"xadvance":26,"chnl":15,"x":198,"y":945,"page":0},{"id":98,"index":725,"char":"b","width":27,"height":35,"xoffset":1,"yoffset":15,"xadvance":28,"chnl":15,"x":214,"y":905,"page":0},{"id":100,"index":727,"char":"d","width":27,"height":35,"xoffset":0,"yoffset":15,"xadvance":28,"chnl":15,"x":198,"y":981,"page":0},{"id":104,"index":731,"char":"h","width":25,"height":35,"xoffset":1,"yoffset":15,"xadvance":27,"chnl":15,"x":224,"y":941,"page":0},{"id":107,"index":734,"char":"k","width":22,"height":35,"xoffset":1,"yoffset":15,"xadvance":22,"chnl":15,"x":226,"y":977,"page":0},{"id":108,"index":735,"char":"l","width":8,"height":35,"xoffset":1,"yoffset":15,"xadvance":10,"chnl":15,"x":249,"y":977,"page":0},{"id":228,"index":822,"char":"ä","width":27,"height":35,"xoffset":0,"yoffset":15,"xadvance":28,"chnl":15,"x":219,"y":776,"page":0},{"id":235,"index":829,"char":"ë","width":26,"height":35,"xoffset":0,"yoffset":15,"xadvance":26,"chnl":15,"x":219,"y":812,"page":0},{"id":239,"index":833,"char":"ï","width":15,"height":35,"xoffset":-2,"yoffset":15,"xadvance":10,"chnl":15,"x":221,"y":848,"page":0},{"id":245,"index":839,"char":"õ","width":27,"height":35,"xoffset":0,"yoffset":16,"xadvance":27,"chnl":15,"x":237,"y":848,"page":0},{"id":246,"index":840,"char":"ö","width":27,"height":35,"xoffset":0,"yoffset":15,"xadvance":27,"chnl":15,"x":246,"y":812,"page":0},{"id":252,"index":846,"char":"ü","width":25,"height":35,"xoffset":1,"yoffset":15,"xadvance":27,"chnl":15,"x":242,"y":884,"page":0},{"id":267,"index":859,"char":"ċ","width":26,"height":35,"xoffset":0,"yoffset":16,"xadvance":25,"chnl":15,"x":265,"y":848,"page":0},{"id":271,"index":863,"char":"ď","width":34,"height":35,"xoffset":0,"yoffset":15,"xadvance":32,"chnl":15,"x":250,"y":920,"page":0},{"id":273,"index":865,"char":"đ","width":30,"height":35,"xoffset":0,"yoffset":15,"xadvance":28,"chnl":15,"x":268,"y":884,"page":0},{"id":279,"index":871,"char":"ė","width":26,"height":35,"xoffset":0,"yoffset":16,"xadvance":26,"chnl":15,"x":258,"y":956,"page":0},{"id":281,"index":873,"char":"ę","width":26,"height":35,"xoffset":0,"yoffset":23,"xadvance":26,"chnl":15,"x":285,"y":920,"page":0},{"id":318,"index":899,"char":"ľ","width":15,"height":35,"xoffset":1,"yoffset":15,"xadvance":15,"chnl":15,"x":285,"y":956,"page":0},{"id":320,"index":901,"char":"ŀ","width":14,"height":35,"xoffset":1,"yoffset":15,"xadvance":12,"chnl":15,"x":301,"y":956,"page":0},{"id":322,"index":903,"char":"ł","width":14,"height":35,"xoffset":-2,"yoffset":15,"xadvance":11,"chnl":15,"x":181,"y":435,"page":0},{"id":8212,"index":990,"char":"—","width":35,"height":7,"xoffset":1,"yoffset":29,"xadvance":37,"chnl":15,"x":116,"y":1017,"page":0},{"id":33,"index":660,"char":"!","width":9,"height":34,"xoffset":2,"yoffset":17,"xadvance":13,"chnl":15,"x":188,"y":392,"page":0},{"id":37,"index":664,"char":"%","width":32,"height":34,"xoffset":0,"yoffset":16,"xadvance":32,"chnl":15,"x":191,"y":338,"page":0},{"id":38,"index":665,"char":"&","width":33,"height":34,"xoffset":0,"yoffset":16,"xadvance":31,"chnl":15,"x":209,"y":297,"page":0},{"id":49,"index":676,"char":"1","width":12,"height":34,"xoffset":0,"yoffset":16,"xadvance":13,"chnl":15,"x":224,"y":251,"page":0},{"id":52,"index":679,"char":"4","width":28,"height":34,"xoffset":0,"yoffset":16,"xadvance":26,"chnl":15,"x":237,"y":251,"page":0},{"id":53,"index":680,"char":"5","width":25,"height":34,"xoffset":1,"yoffset":16,"xadvance":26,"chnl":15,"x":251,"y":203,"page":0},{"id":55,"index":682,"char":"7","width":24,"height":34,"xoffset":-1,"yoffset":16,"xadvance":23,"chnl":15,"x":258,"y":161,"page":0},{"id":63,"index":690,"char":"?","width":22,"height":34,"xoffset":0,"yoffset":16,"xadvance":22,"chnl":15,"x":264,"y":117,"page":0},{"id":67,"index":694,"char":"C","width":32,"height":34,"xoffset":0,"yoffset":16,"xadvance":32,"chnl":15,"x":281,"y":76,"page":0},{"id":71,"index":698,"char":"G","width":33,"height":34,"xoffset":0,"yoffset":16,"xadvance":33,"chnl":15,"x":288,"y":34,"page":0},{"id":74,"index":701,"char":"J","width":20,"height":34,"xoffset":0,"yoffset":17,"xadvance":22,"chnl":15,"x":181,"y":471,"page":0},{"id":77,"index":704,"char":"M","width":34,"height":33,"xoffset":1,"yoffset":17,"xadvance":36,"chnl":15,"x":313,"y":0,"page":0},{"id":79,"index":706,"char":"O","width":33,"height":34,"xoffset":0,"yoffset":16,"xadvance":33,"chnl":15,"x":196,"y":427,"page":0},{"id":83,"index":710,"char":"S","width":24,"height":34,"xoffset":0,"yoffset":16,"xadvance":25,"chnl":15,"x":181,"y":506,"page":0},{"id":85,"index":712,"char":"U","width":26,"height":34,"xoffset":1,"yoffset":17,"xadvance":28,"chnl":15,"x":202,"y":462,"page":0},{"id":161,"index":755,"char":"¡","width":9,"height":34,"xoffset":2,"yoffset":22,"xadvance":13,"chnl":15,"x":184,"y":541,"page":0},{"id":163,"index":757,"char":"£","width":25,"height":34,"xoffset":0,"yoffset":16,"xadvance":26,"chnl":15,"x":198,"y":373,"page":0},{"id":169,"index":763,"char":"©","width":33,"height":34,"xoffset":0,"yoffset":16,"xadvance":33,"chnl":15,"x":194,"y":541,"page":0},{"id":188,"index":782,"char":"¼","width":28,"height":34,"xoffset":0,"yoffset":16,"xadvance":27,"chnl":15,"x":206,"y":497,"page":0},{"id":189,"index":783,"char":"½","width":29,"height":34,"xoffset":0,"yoffset":16,"xadvance":28,"chnl":15,"x":229,"y":462,"page":0},{"id":190,"index":784,"char":"¾","width":31,"height":34,"xoffset":-1,"yoffset":16,"xadvance":30,"chnl":15,"x":194,"y":576,"page":0},{"id":191,"index":785,"char":"¿","width":22,"height":34,"xoffset":0,"yoffset":23,"xadvance":22,"chnl":15,"x":198,"y":611,"page":0},{"id":216,"index":810,"char":"Ø","width":34,"height":34,"xoffset":-1,"yoffset":16,"xadvance":33,"chnl":15,"x":214,"y":646,"page":0},{"id":227,"index":821,"char":"ã","width":27,"height":34,"xoffset":0,"yoffset":16,"xadvance":28,"chnl":15,"x":221,"y":611,"page":0},{"id":241,"index":835,"char":"ñ","width":25,"height":34,"xoffset":1,"yoffset":16,"xadvance":27,"chnl":15,"x":226,"y":576,"page":0},{"id":257,"index":851,"char":"ā","width":27,"height":34,"xoffset":0,"yoffset":16,"xadvance":28,"chnl":15,"x":228,"y":532,"page":0},{"id":275,"index":867,"char":"ē","width":26,"height":34,"xoffset":0,"yoffset":16,"xadvance":26,"chnl":15,"x":235,"y":497,"page":0},{"id":297,"index":883,"char":"ĩ","width":17,"height":34,"xoffset":-3,"yoffset":16,"xadvance":10,"chnl":15,"x":221,"y":681,"page":0},{"id":299,"index":885,"char":"ī","width":19,"height":34,"xoffset":-4,"yoffset":16,"xadvance":10,"chnl":15,"x":223,"y":716,"page":0},{"id":333,"index":911,"char":"ō","width":27,"height":34,"xoffset":0,"yoffset":16,"xadvance":27,"chnl":15,"x":239,"y":681,"page":0},{"id":361,"index":935,"char":"ũ","width":25,"height":34,"xoffset":1,"yoffset":16,"xadvance":27,"chnl":15,"x":243,"y":716,"page":0},{"id":363,"index":937,"char":"ū","width":25,"height":34,"xoffset":1,"yoffset":16,"xadvance":27,"chnl":15,"x":247,"y":751,"page":0},{"id":380,"index":954,"char":"ż","width":20,"height":34,"xoffset":0,"yoffset":16,"xadvance":19,"chnl":15,"x":249,"y":611,"page":0},{"id":399,"index":957,"char":"Ə","width":32,"height":34,"xoffset":1,"yoffset":16,"xadvance":33,"chnl":15,"x":249,"y":646,"page":0},{"id":7869,"index":984,"char":"ẽ","width":26,"height":34,"xoffset":0,"yoffset":16,"xadvance":26,"chnl":15,"x":267,"y":681,"page":0},{"id":8377,"index":142,"char":"₹","width":27,"height":34,"xoffset":0,"yoffset":17,"xadvance":27,"chnl":15,"x":269,"y":716,"page":0},{"id":8378,"index":1006,"char":"₺","width":33,"height":34,"xoffset":-1,"yoffset":17,"xadvance":35,"chnl":15,"x":252,"y":567,"page":0},{"id":59,"index":686,"char":";","width":11,"height":33,"xoffset":-1,"yoffset":23,"xadvance":11,"chnl":15,"x":214,"y":0,"page":0},{"id":65,"index":692,"char":"A","width":30,"height":33,"xoffset":-1,"yoffset":17,"xadvance":28,"chnl":15,"x":256,"y":532,"page":0},{"id":66,"index":693,"char":"B","width":24,"height":33,"xoffset":1,"yoffset":17,"xadvance":26,"chnl":15,"x":270,"y":602,"page":0},{"id":68,"index":695,"char":"D","width":29,"height":33,"xoffset":1,"yoffset":17,"xadvance":30,"chnl":15,"x":286,"y":566,"page":0},{"id":69,"index":696,"char":"E","width":20,"height":33,"xoffset":1,"yoffset":17,"xadvance":22,"chnl":15,"x":282,"y":636,"page":0},{"id":70,"index":697,"char":"F","width":21,"height":33,"xoffset":1,"yoffset":17,"xadvance":21,"chnl":15,"x":295,"y":600,"page":0},{"id":72,"index":699,"char":"H","width":27,"height":33,"xoffset":1,"yoffset":17,"xadvance":29,"chnl":15,"x":294,"y":670,"page":0},{"id":73,"index":700,"char":"I","width":8,"height":33,"xoffset":1,"yoffset":17,"xadvance":10,"chnl":15,"x":303,"y":634,"page":0},{"id":75,"index":702,"char":"K","width":25,"height":33,"xoffset":1,"yoffset":17,"xadvance":25,"chnl":15,"x":312,"y":634,"page":0},{"id":76,"index":703,"char":"L","width":18,"height":33,"xoffset":1,"yoffset":17,"xadvance":18,"chnl":15,"x":273,"y":751,"page":0},{"id":78,"index":705,"char":"N","width":27,"height":33,"xoffset":1,"yoffset":17,"xadvance":30,"chnl":15,"x":274,"y":785,"page":0},{"id":80,"index":707,"char":"P","width":24,"height":33,"xoffset":1,"yoffset":17,"xadvance":24,"chnl":15,"x":292,"y":751,"page":0},{"id":82,"index":709,"char":"R","width":24,"height":33,"xoffset":1,"yoffset":17,"xadvance":26,"chnl":15,"x":297,"y":704,"page":0},{"id":84,"index":711,"char":"T","width":24,"height":33,"xoffset":-1,"yoffset":17,"xadvance":23,"chnl":15,"x":292,"y":819,"page":0},{"id":86,"index":713,"char":"V","width":31,"height":33,"xoffset":-1,"yoffset":17,"xadvance":28,"chnl":15,"x":302,"y":785,"page":0},{"id":88,"index":715,"char":"X","width":26,"height":33,"xoffset":0,"yoffset":17,"xadvance":26,"chnl":15,"x":317,"y":738,"page":0},{"id":89,"index":716,"char":"Y","width":27,"height":33,"xoffset":-1,"yoffset":17,"xadvance":25,"chnl":15,"x":299,"y":853,"page":0},{"id":90,"index":717,"char":"Z","width":23,"height":33,"xoffset":0,"yoffset":17,"xadvance":23,"chnl":15,"x":317,"y":819,"page":0},{"id":116,"index":743,"char":"t","width":17,"height":33,"xoffset":-1,"yoffset":17,"xadvance":15,"chnl":15,"x":334,"y":772,"page":0},{"id":162,"index":756,"char":"¢","width":25,"height":33,"xoffset":1,"yoffset":20,"xadvance":28,"chnl":15,"x":312,"y":887,"page":0},{"id":165,"index":759,"char":"¥","width":27,"height":33,"xoffset":-1,"yoffset":17,"xadvance":25,"chnl":15,"x":327,"y":853,"page":0},{"id":182,"index":776,"char":"¶","width":24,"height":33,"xoffset":-1,"yoffset":17,"xadvance":25,"chnl":15,"x":312,"y":921,"page":0},{"id":208,"index":802,"char":"Ð","width":32,"height":33,"xoffset":-2,"yoffset":17,"xadvance":30,"chnl":15,"x":341,"y":806,"page":0},{"id":222,"index":816,"char":"Þ","width":24,"height":33,"xoffset":1,"yoffset":17,"xadvance":24,"chnl":15,"x":322,"y":668,"page":0},{"id":264,"index":0,"char":"Ĉ","width":25,"height":33,"xoffset":-2,"yoffset":17,"xadvance":21,"chnl":15,"x":322,"y":702,"page":0},{"id":265,"index":0,"char":"ĉ","width":25,"height":33,"xoffset":-2,"yoffset":17,"xadvance":21,"chnl":15,"x":344,"y":736,"page":0},{"id":272,"index":864,"char":"Đ","width":32,"height":33,"xoffset":-2,"yoffset":17,"xadvance":30,"chnl":15,"x":352,"y":770,"page":0},{"id":284,"index":0,"char":"Ĝ","width":25,"height":33,"xoffset":-2,"yoffset":17,"xadvance":21,"chnl":15,"x":316,"y":955,"page":0},{"id":285,"index":0,"char":"ĝ","width":25,"height":33,"xoffset":-2,"yoffset":17,"xadvance":21,"chnl":15,"x":337,"y":921,"page":0},{"id":292,"index":0,"char":"Ĥ","width":25,"height":33,"xoffset":-2,"yoffset":17,"xadvance":21,"chnl":15,"x":338,"y":887,"page":0},{"id":293,"index":0,"char":"ĥ","width":25,"height":33,"xoffset":-2,"yoffset":17,"xadvance":21,"chnl":15,"x":316,"y":989,"page":0},{"id":294,"index":0,"char":"Ħ","width":25,"height":33,"xoffset":-2,"yoffset":17,"xadvance":21,"chnl":15,"x":355,"y":840,"page":0},{"id":295,"index":0,"char":"ħ","width":25,"height":33,"xoffset":-2,"yoffset":17,"xadvance":21,"chnl":15,"x":374,"y":804,"page":0},{"id":308,"index":0,"char":"Ĵ","width":25,"height":33,"xoffset":-2,"yoffset":17,"xadvance":21,"chnl":15,"x":342,"y":955,"page":0},{"id":309,"index":0,"char":"ĵ","width":25,"height":33,"xoffset":-2,"yoffset":17,"xadvance":21,"chnl":15,"x":363,"y":921,"page":0},{"id":312,"index":0,"char":"ĸ","width":25,"height":33,"xoffset":-2,"yoffset":17,"xadvance":21,"chnl":15,"x":342,"y":989,"page":0},{"id":317,"index":898,"char":"Ľ","width":18,"height":33,"xoffset":1,"yoffset":17,"xadvance":19,"chnl":15,"x":364,"y":874,"page":0},{"id":319,"index":900,"char":"Ŀ","width":18,"height":33,"xoffset":1,"yoffset":17,"xadvance":18,"chnl":15,"x":381,"y":838,"page":0},{"id":321,"index":902,"char":"Ł","width":21,"height":33,"xoffset":-2,"yoffset":17,"xadvance":18,"chnl":15,"x":383,"y":872,"page":0},{"id":330,"index":0,"char":"Ŋ","width":25,"height":33,"xoffset":-2,"yoffset":17,"xadvance":21,"chnl":15,"x":368,"y":955,"page":0},{"id":331,"index":0,"char":"ŋ","width":25,"height":33,"xoffset":-2,"yoffset":17,"xadvance":21,"chnl":15,"x":368,"y":989,"page":0},{"id":348,"index":0,"char":"Ŝ","width":25,"height":33,"xoffset":-2,"yoffset":17,"xadvance":21,"chnl":15,"x":389,"y":906,"page":0},{"id":349,"index":0,"char":"ŝ","width":25,"height":33,"xoffset":-2,"yoffset":17,"xadvance":21,"chnl":15,"x":394,"y":940,"page":0},{"id":358,"index":0,"char":"Ŧ","width":25,"height":33,"xoffset":-2,"yoffset":17,"xadvance":21,"chnl":15,"x":394,"y":974,"page":0},{"id":359,"index":0,"char":"ŧ","width":25,"height":33,"xoffset":-2,"yoffset":17,"xadvance":21,"chnl":15,"x":224,"y":332,"page":0},{"id":416,"index":0,"char":"Ơ","width":25,"height":33,"xoffset":-2,"yoffset":17,"xadvance":21,"chnl":15,"x":243,"y":286,"page":0},{"id":417,"index":0,"char":"ơ","width":25,"height":33,"xoffset":-2,"yoffset":17,"xadvance":21,"chnl":15,"x":266,"y":238,"page":0},{"id":431,"index":0,"char":"Ư","width":25,"height":33,"xoffset":-2,"yoffset":17,"xadvance":21,"chnl":15,"x":277,"y":196,"page":0},{"id":432,"index":0,"char":"ư","width":25,"height":33,"xoffset":-2,"yoffset":17,"xadvance":21,"chnl":15,"x":283,"y":152,"page":0},{"id":452,"index":0,"char":"Ǆ","width":25,"height":33,"xoffset":-2,"yoffset":17,"xadvance":21,"chnl":15,"x":287,"y":111,"page":0},{"id":453,"index":0,"char":"ǅ","width":25,"height":33,"xoffset":-2,"yoffset":17,"xadvance":21,"chnl":15,"x":224,"y":366,"page":0},{"id":454,"index":0,"char":"ǆ","width":25,"height":33,"xoffset":-2,"yoffset":17,"xadvance":21,"chnl":15,"x":230,"y":400,"page":0},{"id":455,"index":0,"char":"Ǉ","width":25,"height":33,"xoffset":-2,"yoffset":17,"xadvance":21,"chnl":15,"x":250,"y":320,"page":0},{"id":456,"index":0,"char":"ǈ","width":25,"height":33,"xoffset":-2,"yoffset":17,"xadvance":21,"chnl":15,"x":250,"y":354,"page":0},{"id":457,"index":0,"char":"ǉ","width":25,"height":33,"xoffset":-2,"yoffset":17,"xadvance":21,"chnl":15,"x":269,"y":272,"page":0},{"id":458,"index":0,"char":"Ǌ","width":25,"height":33,"xoffset":-2,"yoffset":17,"xadvance":21,"chnl":15,"x":292,"y":230,"page":0},{"id":459,"index":0,"char":"ǋ","width":25,"height":33,"xoffset":-2,"yoffset":17,"xadvance":21,"chnl":15,"x":303,"y":186,"page":0},{"id":460,"index":0,"char":"ǌ","width":25,"height":33,"xoffset":-2,"yoffset":17,"xadvance":21,"chnl":15,"x":309,"y":145,"page":0},{"id":461,"index":0,"char":"Ǎ","width":25,"height":33,"xoffset":-2,"yoffset":17,"xadvance":21,"chnl":15,"x":313,"y":111,"page":0},{"id":462,"index":0,"char":"ǎ","width":25,"height":33,"xoffset":-2,"yoffset":17,"xadvance":21,"chnl":15,"x":314,"y":69,"page":0},{"id":463,"index":0,"char":"Ǐ","width":25,"height":33,"xoffset":-2,"yoffset":17,"xadvance":21,"chnl":15,"x":322,"y":34,"page":0},{"id":464,"index":0,"char":"ǐ","width":25,"height":33,"xoffset":-2,"yoffset":17,"xadvance":21,"chnl":15,"x":256,"y":388,"page":0},{"id":465,"index":0,"char":"Ǒ","width":25,"height":33,"xoffset":-2,"yoffset":17,"xadvance":21,"chnl":15,"x":256,"y":422,"page":0},{"id":466,"index":0,"char":"ǒ","width":25,"height":33,"xoffset":-2,"yoffset":17,"xadvance":21,"chnl":15,"x":259,"y":456,"page":0},{"id":467,"index":0,"char":"Ǔ","width":25,"height":33,"xoffset":-2,"yoffset":17,"xadvance":21,"chnl":15,"x":262,"y":490,"page":0},{"id":468,"index":0,"char":"ǔ","width":25,"height":33,"xoffset":-2,"yoffset":17,"xadvance":21,"chnl":15,"x":287,"y":524,"page":0},{"id":469,"index":0,"char":"Ǖ","width":25,"height":33,"xoffset":-2,"yoffset":17,"xadvance":21,"chnl":15,"x":276,"y":306,"page":0},{"id":470,"index":0,"char":"ǖ","width":25,"height":33,"xoffset":-2,"yoffset":17,"xadvance":21,"chnl":15,"x":295,"y":264,"page":0},{"id":471,"index":0,"char":"Ǘ","width":25,"height":33,"xoffset":-2,"yoffset":17,"xadvance":21,"chnl":15,"x":318,"y":220,"page":0},{"id":472,"index":0,"char":"ǘ","width":25,"height":33,"xoffset":-2,"yoffset":17,"xadvance":21,"chnl":15,"x":329,"y":179,"page":0},{"id":473,"index":0,"char":"Ǚ","width":25,"height":33,"xoffset":-2,"yoffset":17,"xadvance":21,"chnl":15,"x":335,"y":145,"page":0},{"id":474,"index":0,"char":"ǚ","width":25,"height":33,"xoffset":-2,"yoffset":17,"xadvance":21,"chnl":15,"x":339,"y":103,"page":0},{"id":475,"index":0,"char":"Ǜ","width":25,"height":33,"xoffset":-2,"yoffset":17,"xadvance":21,"chnl":15,"x":340,"y":68,"page":0},{"id":476,"index":0,"char":"ǜ","width":25,"height":33,"xoffset":-2,"yoffset":17,"xadvance":21,"chnl":15,"x":276,"y":340,"page":0},{"id":486,"index":0,"char":"Ǧ","width":25,"height":33,"xoffset":-2,"yoffset":17,"xadvance":21,"chnl":15,"x":348,"y":0,"page":0},{"id":487,"index":0,"char":"ǧ","width":25,"height":33,"xoffset":-2,"yoffset":17,"xadvance":21,"chnl":15,"x":348,"y":34,"page":0},{"id":490,"index":0,"char":"Ǫ","width":25,"height":33,"xoffset":-2,"yoffset":17,"xadvance":21,"chnl":15,"x":282,"y":374,"page":0},{"id":491,"index":0,"char":"ǫ","width":25,"height":33,"xoffset":-2,"yoffset":17,"xadvance":21,"chnl":15,"x":282,"y":408,"page":0},{"id":506,"index":0,"char":"Ǻ","width":25,"height":33,"xoffset":-2,"yoffset":17,"xadvance":21,"chnl":15,"x":285,"y":442,"page":0},{"id":507,"index":0,"char":"ǻ","width":25,"height":33,"xoffset":-2,"yoffset":17,"xadvance":21,"chnl":15,"x":288,"y":476,"page":0},{"id":510,"index":0,"char":"Ǿ","width":25,"height":33,"xoffset":-2,"yoffset":17,"xadvance":21,"chnl":15,"x":313,"y":510,"page":0},{"id":511,"index":0,"char":"ǿ","width":25,"height":33,"xoffset":-2,"yoffset":17,"xadvance":21,"chnl":15,"x":316,"y":544,"page":0},{"id":512,"index":0,"char":"Ȁ","width":25,"height":33,"xoffset":-2,"yoffset":17,"xadvance":21,"chnl":15,"x":317,"y":578,"page":0},{"id":513,"index":0,"char":"ȁ","width":25,"height":33,"xoffset":-2,"yoffset":17,"xadvance":21,"chnl":15,"x":338,"y":612,"page":0},{"id":514,"index":0,"char":"Ȃ","width":25,"height":33,"xoffset":-2,"yoffset":17,"xadvance":21,"chnl":15,"x":347,"y":646,"page":0},{"id":515,"index":0,"char":"ȃ","width":25,"height":33,"xoffset":-2,"yoffset":17,"xadvance":21,"chnl":15,"x":348,"y":680,"page":0},{"id":516,"index":0,"char":"Ȅ","width":25,"height":33,"xoffset":-2,"yoffset":17,"xadvance":21,"chnl":15,"x":370,"y":714,"page":0},{"id":517,"index":0,"char":"ȅ","width":25,"height":33,"xoffset":-2,"yoffset":17,"xadvance":21,"chnl":15,"x":385,"y":748,"page":0},{"id":518,"index":0,"char":"Ȇ","width":25,"height":33,"xoffset":-2,"yoffset":17,"xadvance":21,"chnl":15,"x":302,"y":298,"page":0},{"id":519,"index":0,"char":"ȇ","width":25,"height":33,"xoffset":-2,"yoffset":17,"xadvance":21,"chnl":15,"x":302,"y":332,"page":0},{"id":520,"index":0,"char":"Ȉ","width":25,"height":33,"xoffset":-2,"yoffset":17,"xadvance":21,"chnl":15,"x":321,"y":254,"page":0},{"id":521,"index":0,"char":"ȉ","width":25,"height":33,"xoffset":-2,"yoffset":17,"xadvance":21,"chnl":15,"x":344,"y":213,"page":0},{"id":522,"index":0,"char":"Ȋ","width":25,"height":33,"xoffset":-2,"yoffset":17,"xadvance":21,"chnl":15,"x":355,"y":179,"page":0},{"id":523,"index":0,"char":"ȋ","width":25,"height":33,"xoffset":-2,"yoffset":17,"xadvance":21,"chnl":15,"x":361,"y":137,"page":0},{"id":524,"index":0,"char":"Ȍ","width":25,"height":33,"xoffset":-2,"yoffset":17,"xadvance":21,"chnl":15,"x":365,"y":102,"page":0},{"id":525,"index":0,"char":"ȍ","width":25,"height":33,"xoffset":-2,"yoffset":17,"xadvance":21,"chnl":15,"x":366,"y":68,"page":0},{"id":526,"index":0,"char":"Ȏ","width":25,"height":33,"xoffset":-2,"yoffset":17,"xadvance":21,"chnl":15,"x":374,"y":0,"page":0},{"id":527,"index":0,"char":"ȏ","width":25,"height":33,"xoffset":-2,"yoffset":17,"xadvance":21,"chnl":15,"x":374,"y":34,"page":0},{"id":528,"index":0,"char":"Ȑ","width":25,"height":33,"xoffset":-2,"yoffset":17,"xadvance":21,"chnl":15,"x":308,"y":366,"page":0},{"id":529,"index":0,"char":"ȑ","width":25,"height":33,"xoffset":-2,"yoffset":17,"xadvance":21,"chnl":15,"x":308,"y":400,"page":0},{"id":530,"index":0,"char":"Ȓ","width":25,"height":33,"xoffset":-2,"yoffset":17,"xadvance":21,"chnl":15,"x":311,"y":434,"page":0},{"id":531,"index":0,"char":"ȓ","width":25,"height":33,"xoffset":-2,"yoffset":17,"xadvance":21,"chnl":15,"x":314,"y":468,"page":0},{"id":532,"index":0,"char":"Ȕ","width":25,"height":33,"xoffset":-2,"yoffset":17,"xadvance":21,"chnl":15,"x":339,"y":502,"page":0},{"id":533,"index":0,"char":"ȕ","width":25,"height":33,"xoffset":-2,"yoffset":17,"xadvance":21,"chnl":15,"x":342,"y":536,"page":0},{"id":534,"index":0,"char":"Ȗ","width":25,"height":33,"xoffset":-2,"yoffset":17,"xadvance":21,"chnl":15,"x":343,"y":570,"page":0},{"id":535,"index":0,"char":"ȗ","width":25,"height":33,"xoffset":-2,"yoffset":17,"xadvance":21,"chnl":15,"x":364,"y":604,"page":0},{"id":554,"index":0,"char":"Ȫ","width":25,"height":33,"xoffset":-2,"yoffset":17,"xadvance":21,"chnl":15,"x":373,"y":638,"page":0},{"id":555,"index":0,"char":"ȫ","width":25,"height":33,"xoffset":-2,"yoffset":17,"xadvance":21,"chnl":15,"x":374,"y":672,"page":0},{"id":556,"index":0,"char":"Ȭ","width":25,"height":33,"xoffset":-2,"yoffset":17,"xadvance":21,"chnl":15,"x":396,"y":706,"page":0},{"id":557,"index":0,"char":"ȭ","width":25,"height":33,"xoffset":-2,"yoffset":17,"xadvance":21,"chnl":15,"x":328,"y":288,"page":0},{"id":560,"index":0,"char":"Ȱ","width":25,"height":33,"xoffset":-2,"yoffset":17,"xadvance":21,"chnl":15,"x":347,"y":247,"page":0},{"id":561,"index":0,"char":"ȱ","width":25,"height":33,"xoffset":-2,"yoffset":17,"xadvance":21,"chnl":15,"x":370,"y":213,"page":0},{"id":562,"index":0,"char":"Ȳ","width":25,"height":33,"xoffset":-2,"yoffset":17,"xadvance":21,"chnl":15,"x":381,"y":171,"page":0},{"id":563,"index":0,"char":"ȳ","width":25,"height":33,"xoffset":-2,"yoffset":17,"xadvance":21,"chnl":15,"x":387,"y":136,"page":0},{"id":567,"index":0,"char":"ȷ","width":25,"height":33,"xoffset":-2,"yoffset":17,"xadvance":21,"chnl":15,"x":391,"y":102,"page":0},{"id":697,"index":0,"char":"ʹ","width":25,"height":33,"xoffset":-2,"yoffset":17,"xadvance":21,"chnl":15,"x":392,"y":68,"page":0},{"id":698,"index":0,"char":"ʺ","width":25,"height":33,"xoffset":-2,"yoffset":17,"xadvance":21,"chnl":15,"x":328,"y":322,"page":0},{"id":699,"index":0,"char":"ʻ","width":25,"height":33,"xoffset":-2,"yoffset":17,"xadvance":21,"chnl":15,"x":400,"y":0,"page":0},{"id":702,"index":0,"char":"ʾ","width":25,"height":33,"xoffset":-2,"yoffset":17,"xadvance":21,"chnl":15,"x":400,"y":34,"page":0},{"id":703,"index":0,"char":"ʿ","width":25,"height":33,"xoffset":-2,"yoffset":17,"xadvance":21,"chnl":15,"x":334,"y":356,"page":0},{"id":712,"index":0,"char":"ˈ","width":25,"height":33,"xoffset":-2,"yoffset":17,"xadvance":21,"chnl":15,"x":334,"y":390,"page":0},{"id":714,"index":0,"char":"ˊ","width":25,"height":33,"xoffset":-2,"yoffset":17,"xadvance":21,"chnl":15,"x":337,"y":424,"page":0},{"id":715,"index":0,"char":"ˋ","width":25,"height":33,"xoffset":-2,"yoffset":17,"xadvance":21,"chnl":15,"x":340,"y":458,"page":0},{"id":716,"index":0,"char":"ˌ","width":25,"height":33,"xoffset":-2,"yoffset":17,"xadvance":21,"chnl":15,"x":365,"y":492,"page":0},{"id":7688,"index":0,"char":"Ḉ","width":25,"height":33,"xoffset":-2,"yoffset":17,"xadvance":21,"chnl":15,"x":368,"y":526,"page":0},{"id":7689,"index":0,"char":"ḉ","width":25,"height":33,"xoffset":-2,"yoffset":17,"xadvance":21,"chnl":15,"x":369,"y":560,"page":0},{"id":7692,"index":0,"char":"Ḍ","width":25,"height":33,"xoffset":-2,"yoffset":17,"xadvance":21,"chnl":15,"x":390,"y":594,"page":0},{"id":7693,"index":0,"char":"ḍ","width":25,"height":33,"xoffset":-2,"yoffset":17,"xadvance":21,"chnl":15,"x":399,"y":628,"page":0},{"id":7694,"index":0,"char":"Ḏ","width":25,"height":33,"xoffset":-2,"yoffset":17,"xadvance":21,"chnl":15,"x":400,"y":662,"page":0},{"id":7695,"index":0,"char":"ḏ","width":25,"height":33,"xoffset":-2,"yoffset":17,"xadvance":21,"chnl":15,"x":354,"y":281,"page":0},{"id":7700,"index":0,"char":"Ḕ","width":25,"height":33,"xoffset":-2,"yoffset":17,"xadvance":21,"chnl":15,"x":373,"y":247,"page":0},{"id":7701,"index":0,"char":"ḕ","width":25,"height":33,"xoffset":-2,"yoffset":17,"xadvance":21,"chnl":15,"x":354,"y":315,"page":0},{"id":7702,"index":0,"char":"Ḗ","width":25,"height":33,"xoffset":-2,"yoffset":17,"xadvance":21,"chnl":15,"x":396,"y":205,"page":0},{"id":7703,"index":0,"char":"ḗ","width":25,"height":33,"xoffset":-2,"yoffset":17,"xadvance":21,"chnl":15,"x":407,"y":170,"page":0},{"id":7708,"index":0,"char":"Ḝ","width":25,"height":33,"xoffset":-2,"yoffset":17,"xadvance":21,"chnl":15,"x":413,"y":136,"page":0},{"id":7709,"index":0,"char":"ḝ","width":25,"height":33,"xoffset":-2,"yoffset":17,"xadvance":21,"chnl":15,"x":417,"y":102,"page":0},{"id":7712,"index":0,"char":"Ḡ","width":25,"height":33,"xoffset":-2,"yoffset":17,"xadvance":21,"chnl":15,"x":418,"y":68,"page":0},{"id":7713,"index":0,"char":"ḡ","width":25,"height":33,"xoffset":-2,"yoffset":17,"xadvance":21,"chnl":15,"x":426,"y":0,"page":0},{"id":7716,"index":0,"char":"Ḥ","width":25,"height":33,"xoffset":-2,"yoffset":17,"xadvance":21,"chnl":15,"x":426,"y":34,"page":0},{"id":7717,"index":0,"char":"ḥ","width":25,"height":33,"xoffset":-2,"yoffset":17,"xadvance":21,"chnl":15,"x":360,"y":349,"page":0},{"id":7722,"index":0,"char":"Ḫ","width":25,"height":33,"xoffset":-2,"yoffset":17,"xadvance":21,"chnl":15,"x":360,"y":383,"page":0},{"id":7723,"index":0,"char":"ḫ","width":25,"height":33,"xoffset":-2,"yoffset":17,"xadvance":21,"chnl":15,"x":363,"y":417,"page":0},{"id":7726,"index":0,"char":"Ḯ","width":25,"height":33,"xoffset":-2,"yoffset":17,"xadvance":21,"chnl":15,"x":366,"y":451,"page":0},{"id":7727,"index":0,"char":"ḯ","width":25,"height":33,"xoffset":-2,"yoffset":17,"xadvance":21,"chnl":15,"x":391,"y":485,"page":0},{"id":7728,"index":0,"char":"Ḱ","width":25,"height":33,"xoffset":-2,"yoffset":17,"xadvance":21,"chnl":15,"x":394,"y":519,"page":0},{"id":7729,"index":0,"char":"ḱ","width":25,"height":33,"xoffset":-2,"yoffset":17,"xadvance":21,"chnl":15,"x":395,"y":553,"page":0},{"id":7734,"index":0,"char":"Ḷ","width":25,"height":33,"xoffset":-2,"yoffset":17,"xadvance":21,"chnl":15,"x":416,"y":587,"page":0},{"id":7735,"index":0,"char":"ḷ","width":25,"height":33,"xoffset":-2,"yoffset":17,"xadvance":21,"chnl":15,"x":425,"y":621,"page":0},{"id":7738,"index":0,"char":"Ḻ","width":25,"height":33,"xoffset":-2,"yoffset":17,"xadvance":21,"chnl":15,"x":380,"y":281,"page":0},{"id":7739,"index":0,"char":"ḻ","width":25,"height":33,"xoffset":-2,"yoffset":17,"xadvance":21,"chnl":15,"x":380,"y":315,"page":0},{"id":7746,"index":0,"char":"Ṃ","width":25,"height":33,"xoffset":-2,"yoffset":17,"xadvance":21,"chnl":15,"x":399,"y":239,"page":0},{"id":7747,"index":0,"char":"ṃ","width":25,"height":33,"xoffset":-2,"yoffset":17,"xadvance":21,"chnl":15,"x":422,"y":204,"page":0},{"id":7748,"index":0,"char":"Ṅ","width":25,"height":33,"xoffset":-2,"yoffset":17,"xadvance":21,"chnl":15,"x":433,"y":170,"page":0},{"id":7749,"index":0,"char":"ṅ","width":25,"height":33,"xoffset":-2,"yoffset":17,"xadvance":21,"chnl":15,"x":439,"y":136,"page":0},{"id":7750,"index":0,"char":"Ṇ","width":25,"height":33,"xoffset":-2,"yoffset":17,"xadvance":21,"chnl":15,"x":443,"y":102,"page":0},{"id":7751,"index":0,"char":"ṇ","width":25,"height":33,"xoffset":-2,"yoffset":17,"xadvance":21,"chnl":15,"x":444,"y":68,"page":0},{"id":7752,"index":0,"char":"Ṉ","width":25,"height":33,"xoffset":-2,"yoffset":17,"xadvance":21,"chnl":15,"x":386,"y":349,"page":0},{"id":7753,"index":0,"char":"ṉ","width":25,"height":33,"xoffset":-2,"yoffset":17,"xadvance":21,"chnl":15,"x":386,"y":383,"page":0},{"id":7756,"index":0,"char":"Ṍ","width":25,"height":33,"xoffset":-2,"yoffset":17,"xadvance":21,"chnl":15,"x":389,"y":417,"page":0},{"id":7757,"index":0,"char":"ṍ","width":25,"height":33,"xoffset":-2,"yoffset":17,"xadvance":21,"chnl":15,"x":392,"y":451,"page":0},{"id":7758,"index":0,"char":"Ṏ","width":25,"height":33,"xoffset":-2,"yoffset":17,"xadvance":21,"chnl":15,"x":417,"y":485,"page":0},{"id":7759,"index":0,"char":"ṏ","width":25,"height":33,"xoffset":-2,"yoffset":17,"xadvance":21,"chnl":15,"x":420,"y":519,"page":0},{"id":7760,"index":0,"char":"Ṑ","width":25,"height":33,"xoffset":-2,"yoffset":17,"xadvance":21,"chnl":15,"x":421,"y":553,"page":0},{"id":7761,"index":0,"char":"ṑ","width":25,"height":33,"xoffset":-2,"yoffset":17,"xadvance":21,"chnl":15,"x":442,"y":587,"page":0},{"id":7762,"index":0,"char":"Ṓ","width":25,"height":33,"xoffset":-2,"yoffset":17,"xadvance":21,"chnl":15,"x":452,"y":0,"page":0},{"id":7763,"index":0,"char":"ṓ","width":25,"height":33,"xoffset":-2,"yoffset":17,"xadvance":21,"chnl":15,"x":452,"y":34,"page":0},{"id":7770,"index":0,"char":"Ṛ","width":25,"height":33,"xoffset":-2,"yoffset":17,"xadvance":21,"chnl":15,"x":406,"y":273,"page":0},{"id":7771,"index":0,"char":"ṛ","width":25,"height":33,"xoffset":-2,"yoffset":17,"xadvance":21,"chnl":15,"x":425,"y":238,"page":0},{"id":7774,"index":0,"char":"Ṟ","width":25,"height":33,"xoffset":-2,"yoffset":17,"xadvance":21,"chnl":15,"x":448,"y":204,"page":0},{"id":7775,"index":0,"char":"ṟ","width":25,"height":33,"xoffset":-2,"yoffset":17,"xadvance":21,"chnl":15,"x":459,"y":170,"page":0},{"id":7776,"index":0,"char":"Ṡ","width":25,"height":33,"xoffset":-2,"yoffset":17,"xadvance":21,"chnl":15,"x":465,"y":136,"page":0},{"id":7777,"index":0,"char":"ṡ","width":25,"height":33,"xoffset":-2,"yoffset":17,"xadvance":21,"chnl":15,"x":469,"y":102,"page":0},{"id":7778,"index":0,"char":"Ṣ","width":25,"height":33,"xoffset":-2,"yoffset":17,"xadvance":21,"chnl":15,"x":470,"y":68,"page":0},{"id":7779,"index":0,"char":"ṣ","width":25,"height":33,"xoffset":-2,"yoffset":17,"xadvance":21,"chnl":15,"x":406,"y":307,"page":0},{"id":7780,"index":0,"char":"Ṥ","width":25,"height":33,"xoffset":-2,"yoffset":17,"xadvance":21,"chnl":15,"x":478,"y":0,"page":0},{"id":7781,"index":0,"char":"ṥ","width":25,"height":33,"xoffset":-2,"yoffset":17,"xadvance":21,"chnl":15,"x":478,"y":34,"page":0},{"id":7782,"index":0,"char":"Ṧ","width":25,"height":33,"xoffset":-2,"yoffset":17,"xadvance":21,"chnl":15,"x":412,"y":341,"page":0},{"id":7783,"index":0,"char":"ṧ","width":25,"height":33,"xoffset":-2,"yoffset":17,"xadvance":21,"chnl":15,"x":412,"y":375,"page":0},{"id":7784,"index":0,"char":"Ṩ","width":25,"height":33,"xoffset":-2,"yoffset":17,"xadvance":21,"chnl":15,"x":415,"y":409,"page":0},{"id":7785,"index":0,"char":"ṩ","width":25,"height":33,"xoffset":-2,"yoffset":17,"xadvance":21,"chnl":15,"x":418,"y":443,"page":0},{"id":7788,"index":0,"char":"Ṭ","width":25,"height":33,"xoffset":-2,"yoffset":17,"xadvance":21,"chnl":15,"x":443,"y":477,"page":0},{"id":7789,"index":0,"char":"ṭ","width":25,"height":33,"xoffset":-2,"yoffset":17,"xadvance":21,"chnl":15,"x":446,"y":511,"page":0},{"id":7790,"index":0,"char":"Ṯ","width":25,"height":33,"xoffset":-2,"yoffset":17,"xadvance":21,"chnl":15,"x":447,"y":545,"page":0},{"id":7791,"index":0,"char":"ṯ","width":25,"height":33,"xoffset":-2,"yoffset":17,"xadvance":21,"chnl":15,"x":432,"y":272,"page":0},{"id":7800,"index":0,"char":"Ṹ","width":25,"height":33,"xoffset":-2,"yoffset":17,"xadvance":21,"chnl":15,"x":451,"y":238,"page":0},{"id":7801,"index":0,"char":"ṹ","width":25,"height":33,"xoffset":-2,"yoffset":17,"xadvance":21,"chnl":15,"x":474,"y":204,"page":0},{"id":7802,"index":0,"char":"Ṻ","width":25,"height":33,"xoffset":-2,"yoffset":17,"xadvance":21,"chnl":15,"x":485,"y":170,"page":0},{"id":7803,"index":0,"char":"ṻ","width":25,"height":33,"xoffset":-2,"yoffset":17,"xadvance":21,"chnl":15,"x":491,"y":136,"page":0},{"id":7822,"index":0,"char":"Ẏ","width":25,"height":33,"xoffset":-2,"yoffset":17,"xadvance":21,"chnl":15,"x":495,"y":102,"page":0},{"id":7823,"index":0,"char":"ẏ","width":25,"height":33,"xoffset":-2,"yoffset":17,"xadvance":21,"chnl":15,"x":496,"y":68,"page":0},{"id":7826,"index":0,"char":"Ẓ","width":25,"height":33,"xoffset":-2,"yoffset":17,"xadvance":21,"chnl":15,"x":432,"y":306,"page":0},{"id":7827,"index":0,"char":"ẓ","width":25,"height":33,"xoffset":-2,"yoffset":17,"xadvance":21,"chnl":15,"x":504,"y":0,"page":0},{"id":7831,"index":0,"char":"ẗ","width":25,"height":33,"xoffset":-2,"yoffset":17,"xadvance":21,"chnl":15,"x":504,"y":34,"page":0},{"id":7838,"index":0,"char":"ẞ","width":25,"height":33,"xoffset":-2,"yoffset":17,"xadvance":21,"chnl":15,"x":438,"y":340,"page":0},{"id":7840,"index":0,"char":"Ạ","width":25,"height":33,"xoffset":-2,"yoffset":17,"xadvance":21,"chnl":15,"x":438,"y":374,"page":0},{"id":7841,"index":0,"char":"ạ","width":25,"height":33,"xoffset":-2,"yoffset":17,"xadvance":21,"chnl":15,"x":441,"y":408,"page":0},{"id":7842,"index":0,"char":"Ả","width":25,"height":33,"xoffset":-2,"yoffset":17,"xadvance":21,"chnl":15,"x":444,"y":442,"page":0},{"id":7843,"index":0,"char":"ả","width":25,"height":33,"xoffset":-2,"yoffset":17,"xadvance":21,"chnl":15,"x":469,"y":476,"page":0},{"id":7844,"index":0,"char":"Ấ","width":25,"height":33,"xoffset":-2,"yoffset":17,"xadvance":21,"chnl":15,"x":472,"y":510,"page":0},{"id":7845,"index":0,"char":"ấ","width":25,"height":33,"xoffset":-2,"yoffset":17,"xadvance":21,"chnl":15,"x":458,"y":272,"page":0},{"id":7846,"index":0,"char":"Ầ","width":25,"height":33,"xoffset":-2,"yoffset":17,"xadvance":21,"chnl":15,"x":458,"y":306,"page":0},{"id":7847,"index":0,"char":"ầ","width":25,"height":33,"xoffset":-2,"yoffset":17,"xadvance":21,"chnl":15,"x":477,"y":238,"page":0},{"id":7848,"index":0,"char":"Ẩ","width":25,"height":33,"xoffset":-2,"yoffset":17,"xadvance":21,"chnl":15,"x":500,"y":204,"page":0},{"id":7849,"index":0,"char":"ẩ","width":25,"height":33,"xoffset":-2,"yoffset":17,"xadvance":21,"chnl":15,"x":511,"y":170,"page":0},{"id":7850,"index":0,"char":"Ẫ","width":25,"height":33,"xoffset":-2,"yoffset":17,"xadvance":21,"chnl":15,"x":517,"y":136,"page":0},{"id":7851,"index":0,"char":"ẫ","width":25,"height":33,"xoffset":-2,"yoffset":17,"xadvance":21,"chnl":15,"x":521,"y":102,"page":0},{"id":7852,"index":0,"char":"Ậ","width":25,"height":33,"xoffset":-2,"yoffset":17,"xadvance":21,"chnl":15,"x":522,"y":68,"page":0},{"id":7853,"index":0,"char":"ậ","width":25,"height":33,"xoffset":-2,"yoffset":17,"xadvance":21,"chnl":15,"x":464,"y":340,"page":0},{"id":7854,"index":0,"char":"Ắ","width":25,"height":33,"xoffset":-2,"yoffset":17,"xadvance":21,"chnl":15,"x":464,"y":374,"page":0},{"id":7855,"index":0,"char":"ắ","width":25,"height":33,"xoffset":-2,"yoffset":17,"xadvance":21,"chnl":15,"x":467,"y":408,"page":0},{"id":7856,"index":0,"char":"Ằ","width":25,"height":33,"xoffset":-2,"yoffset":17,"xadvance":21,"chnl":15,"x":470,"y":442,"page":0},{"id":7857,"index":0,"char":"ằ","width":25,"height":33,"xoffset":-2,"yoffset":17,"xadvance":21,"chnl":15,"x":495,"y":476,"page":0},{"id":7858,"index":0,"char":"Ẳ","width":25,"height":33,"xoffset":-2,"yoffset":17,"xadvance":21,"chnl":15,"x":530,"y":0,"page":0},{"id":7859,"index":0,"char":"ẳ","width":25,"height":33,"xoffset":-2,"yoffset":17,"xadvance":21,"chnl":15,"x":530,"y":34,"page":0},{"id":7860,"index":0,"char":"Ẵ","width":25,"height":33,"xoffset":-2,"yoffset":17,"xadvance":21,"chnl":15,"x":484,"y":272,"page":0},{"id":7861,"index":0,"char":"ẵ","width":25,"height":33,"xoffset":-2,"yoffset":17,"xadvance":21,"chnl":15,"x":484,"y":306,"page":0},{"id":7862,"index":0,"char":"Ặ","width":25,"height":33,"xoffset":-2,"yoffset":17,"xadvance":21,"chnl":15,"x":503,"y":238,"page":0},{"id":7863,"index":0,"char":"ặ","width":25,"height":33,"xoffset":-2,"yoffset":17,"xadvance":21,"chnl":15,"x":526,"y":204,"page":0},{"id":7864,"index":0,"char":"Ẹ","width":25,"height":33,"xoffset":-2,"yoffset":17,"xadvance":21,"chnl":15,"x":537,"y":170,"page":0},{"id":7865,"index":0,"char":"ẹ","width":25,"height":33,"xoffset":-2,"yoffset":17,"xadvance":21,"chnl":15,"x":543,"y":136,"page":0},{"id":7866,"index":0,"char":"Ẻ","width":25,"height":33,"xoffset":-2,"yoffset":17,"xadvance":21,"chnl":15,"x":547,"y":102,"page":0},{"id":7867,"index":0,"char":"ẻ","width":25,"height":33,"xoffset":-2,"yoffset":17,"xadvance":21,"chnl":15,"x":548,"y":68,"page":0},{"id":7870,"index":0,"char":"Ế","width":25,"height":33,"xoffset":-2,"yoffset":17,"xadvance":21,"chnl":15,"x":490,"y":340,"page":0},{"id":7871,"index":0,"char":"ế","width":25,"height":33,"xoffset":-2,"yoffset":17,"xadvance":21,"chnl":15,"x":490,"y":374,"page":0},{"id":7872,"index":0,"char":"Ề","width":25,"height":33,"xoffset":-2,"yoffset":17,"xadvance":21,"chnl":15,"x":493,"y":408,"page":0},{"id":7873,"index":0,"char":"ề","width":25,"height":33,"xoffset":-2,"yoffset":17,"xadvance":21,"chnl":15,"x":496,"y":442,"page":0},{"id":7874,"index":0,"char":"Ể","width":25,"height":33,"xoffset":-2,"yoffset":17,"xadvance":21,"chnl":15,"x":556,"y":0,"page":0},{"id":7875,"index":0,"char":"ể","width":25,"height":33,"xoffset":-2,"yoffset":17,"xadvance":21,"chnl":15,"x":556,"y":34,"page":0},{"id":7876,"index":0,"char":"Ễ","width":25,"height":33,"xoffset":-2,"yoffset":17,"xadvance":21,"chnl":15,"x":510,"y":272,"page":0},{"id":7877,"index":0,"char":"ễ","width":25,"height":33,"xoffset":-2,"yoffset":17,"xadvance":21,"chnl":15,"x":529,"y":238,"page":0},{"id":7878,"index":0,"char":"Ệ","width":25,"height":33,"xoffset":-2,"yoffset":17,"xadvance":21,"chnl":15,"x":510,"y":306,"page":0},{"id":7879,"index":0,"char":"ệ","width":25,"height":33,"xoffset":-2,"yoffset":17,"xadvance":21,"chnl":15,"x":552,"y":204,"page":0},{"id":7880,"index":0,"char":"Ỉ","width":25,"height":33,"xoffset":-2,"yoffset":17,"xadvance":21,"chnl":15,"x":563,"y":170,"page":0},{"id":7881,"index":0,"char":"ỉ","width":25,"height":33,"xoffset":-2,"yoffset":17,"xadvance":21,"chnl":15,"x":569,"y":136,"page":0},{"id":7882,"index":0,"char":"Ị","width":25,"height":33,"xoffset":-2,"yoffset":17,"xadvance":21,"chnl":15,"x":573,"y":102,"page":0},{"id":7883,"index":0,"char":"ị","width":25,"height":33,"xoffset":-2,"yoffset":17,"xadvance":21,"chnl":15,"x":574,"y":68,"page":0},{"id":7884,"index":0,"char":"Ọ","width":25,"height":33,"xoffset":-2,"yoffset":17,"xadvance":21,"chnl":15,"x":516,"y":340,"page":0},{"id":7885,"index":0,"char":"ọ","width":25,"height":33,"xoffset":-2,"yoffset":17,"xadvance":21,"chnl":15,"x":516,"y":374,"page":0},{"id":7886,"index":0,"char":"Ỏ","width":25,"height":33,"xoffset":-2,"yoffset":17,"xadvance":21,"chnl":15,"x":519,"y":408,"page":0},{"id":7887,"index":0,"char":"ỏ","width":25,"height":33,"xoffset":-2,"yoffset":17,"xadvance":21,"chnl":15,"x":582,"y":0,"page":0},{"id":7888,"index":0,"char":"Ố","width":25,"height":33,"xoffset":-2,"yoffset":17,"xadvance":21,"chnl":15,"x":582,"y":34,"page":0},{"id":7889,"index":0,"char":"ố","width":25,"height":33,"xoffset":-2,"yoffset":17,"xadvance":21,"chnl":15,"x":536,"y":272,"page":0},{"id":7890,"index":0,"char":"Ồ","width":25,"height":33,"xoffset":-2,"yoffset":17,"xadvance":21,"chnl":15,"x":555,"y":238,"page":0},{"id":7891,"index":0,"char":"ồ","width":25,"height":33,"xoffset":-2,"yoffset":17,"xadvance":21,"chnl":15,"x":536,"y":306,"page":0},{"id":7892,"index":0,"char":"Ổ","width":25,"height":33,"xoffset":-2,"yoffset":17,"xadvance":21,"chnl":15,"x":578,"y":204,"page":0},{"id":7893,"index":0,"char":"ổ","width":25,"height":33,"xoffset":-2,"yoffset":17,"xadvance":21,"chnl":15,"x":589,"y":170,"page":0},{"id":7894,"index":0,"char":"Ỗ","width":25,"height":33,"xoffset":-2,"yoffset":17,"xadvance":21,"chnl":15,"x":595,"y":136,"page":0},{"id":7895,"index":0,"char":"ỗ","width":25,"height":33,"xoffset":-2,"yoffset":17,"xadvance":21,"chnl":15,"x":599,"y":102,"page":0},{"id":7896,"index":0,"char":"Ộ","width":25,"height":33,"xoffset":-2,"yoffset":17,"xadvance":21,"chnl":15,"x":600,"y":68,"page":0},{"id":7897,"index":0,"char":"ộ","width":25,"height":33,"xoffset":-2,"yoffset":17,"xadvance":21,"chnl":15,"x":542,"y":340,"page":0},{"id":7898,"index":0,"char":"Ớ","width":25,"height":33,"xoffset":-2,"yoffset":17,"xadvance":21,"chnl":15,"x":542,"y":374,"page":0},{"id":7899,"index":0,"char":"ớ","width":25,"height":33,"xoffset":-2,"yoffset":17,"xadvance":21,"chnl":15,"x":608,"y":0,"page":0},{"id":7900,"index":0,"char":"Ờ","width":25,"height":33,"xoffset":-2,"yoffset":17,"xadvance":21,"chnl":15,"x":608,"y":34,"page":0},{"id":7901,"index":0,"char":"ờ","width":25,"height":33,"xoffset":-2,"yoffset":17,"xadvance":21,"chnl":15,"x":562,"y":272,"page":0},{"id":7902,"index":0,"char":"Ở","width":25,"height":33,"xoffset":-2,"yoffset":17,"xadvance":21,"chnl":15,"x":581,"y":238,"page":0},{"id":7903,"index":0,"char":"ở","width":25,"height":33,"xoffset":-2,"yoffset":17,"xadvance":21,"chnl":15,"x":562,"y":306,"page":0},{"id":7904,"index":0,"char":"Ỡ","width":25,"height":33,"xoffset":-2,"yoffset":17,"xadvance":21,"chnl":15,"x":604,"y":204,"page":0},{"id":7905,"index":0,"char":"ỡ","width":25,"height":33,"xoffset":-2,"yoffset":17,"xadvance":21,"chnl":15,"x":615,"y":170,"page":0},{"id":7906,"index":0,"char":"Ợ","width":25,"height":33,"xoffset":-2,"yoffset":17,"xadvance":21,"chnl":15,"x":621,"y":136,"page":0},{"id":7907,"index":0,"char":"ợ","width":25,"height":33,"xoffset":-2,"yoffset":17,"xadvance":21,"chnl":15,"x":625,"y":102,"page":0},{"id":7908,"index":0,"char":"Ụ","width":25,"height":33,"xoffset":-2,"yoffset":17,"xadvance":21,"chnl":15,"x":626,"y":68,"page":0},{"id":7909,"index":0,"char":"ụ","width":25,"height":33,"xoffset":-2,"yoffset":17,"xadvance":21,"chnl":15,"x":634,"y":0,"page":0},{"id":7910,"index":0,"char":"Ủ","width":25,"height":33,"xoffset":-2,"yoffset":17,"xadvance":21,"chnl":15,"x":634,"y":34,"page":0},{"id":7911,"index":0,"char":"ủ","width":25,"height":33,"xoffset":-2,"yoffset":17,"xadvance":21,"chnl":15,"x":400,"y":782,"page":0},{"id":7912,"index":0,"char":"Ứ","width":25,"height":33,"xoffset":-2,"yoffset":17,"xadvance":21,"chnl":15,"x":411,"y":740,"page":0},{"id":7913,"index":0,"char":"ứ","width":25,"height":33,"xoffset":-2,"yoffset":17,"xadvance":21,"chnl":15,"x":422,"y":696,"page":0},{"id":7914,"index":0,"char":"Ừ","width":25,"height":33,"xoffset":-2,"yoffset":17,"xadvance":21,"chnl":15,"x":426,"y":655,"page":0},{"id":7915,"index":0,"char":"ừ","width":25,"height":33,"xoffset":-2,"yoffset":17,"xadvance":21,"chnl":15,"x":451,"y":621,"page":0},{"id":7916,"index":0,"char":"Ử","width":25,"height":33,"xoffset":-2,"yoffset":17,"xadvance":21,"chnl":15,"x":468,"y":579,"page":0},{"id":7917,"index":0,"char":"ử","width":25,"height":33,"xoffset":-2,"yoffset":17,"xadvance":21,"chnl":15,"x":473,"y":544,"page":0},{"id":7918,"index":0,"char":"Ữ","width":25,"height":33,"xoffset":-2,"yoffset":17,"xadvance":21,"chnl":15,"x":498,"y":510,"page":0},{"id":7919,"index":0,"char":"ữ","width":25,"height":33,"xoffset":-2,"yoffset":17,"xadvance":21,"chnl":15,"x":521,"y":476,"page":0},{"id":7920,"index":0,"char":"Ự","width":25,"height":33,"xoffset":-2,"yoffset":17,"xadvance":21,"chnl":15,"x":522,"y":442,"page":0},{"id":7921,"index":0,"char":"ự","width":25,"height":33,"xoffset":-2,"yoffset":17,"xadvance":21,"chnl":15,"x":545,"y":408,"page":0},{"id":7924,"index":0,"char":"Ỵ","width":25,"height":33,"xoffset":-2,"yoffset":17,"xadvance":21,"chnl":15,"x":400,"y":816,"page":0},{"id":7925,"index":0,"char":"ỵ","width":25,"height":33,"xoffset":-2,"yoffset":17,"xadvance":21,"chnl":15,"x":405,"y":850,"page":0},{"id":7926,"index":0,"char":"Ỷ","width":25,"height":33,"xoffset":-2,"yoffset":17,"xadvance":21,"chnl":15,"x":415,"y":884,"page":0},{"id":7927,"index":0,"char":"ỷ","width":25,"height":33,"xoffset":-2,"yoffset":17,"xadvance":21,"chnl":15,"x":568,"y":340,"page":0},{"id":8192,"index":0,"char":" ","width":25,"height":33,"xoffset":-2,"yoffset":17,"xadvance":21,"chnl":15,"x":568,"y":374,"page":0},{"id":8193,"index":0,"char":" ","width":25,"height":33,"xoffset":-2,"yoffset":17,"xadvance":21,"chnl":15,"x":588,"y":272,"page":0},{"id":8194,"index":0,"char":" ","width":25,"height":33,"xoffset":-2,"yoffset":17,"xadvance":21,"chnl":15,"x":607,"y":238,"page":0},{"id":8195,"index":0,"char":" ","width":25,"height":33,"xoffset":-2,"yoffset":17,"xadvance":21,"chnl":15,"x":588,"y":306,"page":0},{"id":8196,"index":0,"char":" ","width":25,"height":33,"xoffset":-2,"yoffset":17,"xadvance":21,"chnl":15,"x":630,"y":204,"page":0},{"id":8197,"index":0,"char":" ","width":25,"height":33,"xoffset":-2,"yoffset":17,"xadvance":21,"chnl":15,"x":641,"y":170,"page":0},{"id":8198,"index":0,"char":" ","width":25,"height":33,"xoffset":-2,"yoffset":17,"xadvance":21,"chnl":15,"x":647,"y":136,"page":0},{"id":8199,"index":0,"char":" ","width":25,"height":33,"xoffset":-2,"yoffset":17,"xadvance":21,"chnl":15,"x":651,"y":102,"page":0},{"id":8200,"index":0,"char":" ","width":25,"height":33,"xoffset":-2,"yoffset":17,"xadvance":21,"chnl":15,"x":652,"y":68,"page":0},{"id":8201,"index":0,"char":" ","width":25,"height":33,"xoffset":-2,"yoffset":17,"xadvance":21,"chnl":15,"x":660,"y":0,"page":0},{"id":8202,"index":0,"char":" ","width":25,"height":33,"xoffset":-2,"yoffset":17,"xadvance":21,"chnl":15,"x":660,"y":34,"page":0},{"id":8203,"index":0,"char":"​","width":25,"height":33,"xoffset":-2,"yoffset":17,"xadvance":21,"chnl":15,"x":426,"y":774,"page":0},{"id":8208,"index":0,"char":"‐","width":25,"height":33,"xoffset":-2,"yoffset":17,"xadvance":21,"chnl":15,"x":426,"y":808,"page":0},{"id":8209,"index":0,"char":"‑","width":25,"height":33,"xoffset":-2,"yoffset":17,"xadvance":21,"chnl":15,"x":431,"y":842,"page":0},{"id":8210,"index":0,"char":"‒","width":25,"height":33,"xoffset":-2,"yoffset":17,"xadvance":21,"chnl":15,"x":437,"y":730,"page":0},{"id":8213,"index":0,"char":"―","width":25,"height":33,"xoffset":-2,"yoffset":17,"xadvance":21,"chnl":15,"x":448,"y":689,"page":0},{"id":8242,"index":0,"char":"′","width":25,"height":33,"xoffset":-2,"yoffset":17,"xadvance":21,"chnl":15,"x":452,"y":655,"page":0},{"id":8243,"index":0,"char":"″","width":25,"height":33,"xoffset":-2,"yoffset":17,"xadvance":21,"chnl":15,"x":477,"y":613,"page":0},{"id":8244,"index":0,"char":"‴","width":25,"height":33,"xoffset":-2,"yoffset":17,"xadvance":21,"chnl":15,"x":494,"y":578,"page":0},{"id":8245,"index":0,"char":"‵","width":25,"height":33,"xoffset":-2,"yoffset":17,"xadvance":21,"chnl":15,"x":499,"y":544,"page":0},{"id":8260,"index":1004,"char":"⁄","width":25,"height":33,"xoffset":-2,"yoffset":17,"xadvance":21,"chnl":15,"x":524,"y":510,"page":0},{"id":8274,"index":0,"char":"⁒","width":25,"height":33,"xoffset":-2,"yoffset":17,"xadvance":21,"chnl":15,"x":547,"y":476,"page":0},{"id":8353,"index":0,"char":"₡","width":25,"height":33,"xoffset":-2,"yoffset":17,"xadvance":21,"chnl":15,"x":548,"y":442,"page":0},{"id":8355,"index":0,"char":"₣","width":25,"height":33,"xoffset":-2,"yoffset":17,"xadvance":21,"chnl":15,"x":571,"y":408,"page":0},{"id":8356,"index":0,"char":"₤","width":25,"height":33,"xoffset":-2,"yoffset":17,"xadvance":21,"chnl":15,"x":594,"y":340,"page":0},{"id":8358,"index":0,"char":"₦","width":25,"height":33,"xoffset":-2,"yoffset":17,"xadvance":21,"chnl":15,"x":594,"y":374,"page":0},{"id":8359,"index":0,"char":"₧","width":25,"height":33,"xoffset":-2,"yoffset":17,"xadvance":21,"chnl":15,"x":614,"y":272,"page":0},{"id":8361,"index":0,"char":"₩","width":25,"height":33,"xoffset":-2,"yoffset":17,"xadvance":21,"chnl":15,"x":633,"y":238,"page":0},{"id":8363,"index":0,"char":"₫","width":25,"height":33,"xoffset":-2,"yoffset":17,"xadvance":21,"chnl":15,"x":614,"y":306,"page":0},{"id":8365,"index":0,"char":"₭","width":25,"height":33,"xoffset":-2,"yoffset":17,"xadvance":21,"chnl":15,"x":656,"y":204,"page":0},{"id":8366,"index":0,"char":"₮","width":25,"height":33,"xoffset":-2,"yoffset":17,"xadvance":21,"chnl":15,"x":667,"y":170,"page":0},{"id":8369,"index":0,"char":"₱","width":25,"height":33,"xoffset":-2,"yoffset":17,"xadvance":21,"chnl":15,"x":673,"y":136,"page":0},{"id":8370,"index":0,"char":"₲","width":25,"height":33,"xoffset":-2,"yoffset":17,"xadvance":21,"chnl":15,"x":677,"y":102,"page":0},{"id":8372,"index":0,"char":"₴","width":25,"height":33,"xoffset":-2,"yoffset":17,"xadvance":21,"chnl":15,"x":678,"y":68,"page":0},{"id":8373,"index":0,"char":"₵","width":25,"height":33,"xoffset":-2,"yoffset":17,"xadvance":21,"chnl":15,"x":686,"y":0,"page":0},{"id":8376,"index":0,"char":"₸","width":25,"height":33,"xoffset":-2,"yoffset":17,"xadvance":21,"chnl":15,"x":686,"y":34,"page":0},{"id":8380,"index":0,"char":"₼","width":25,"height":33,"xoffset":-2,"yoffset":17,"xadvance":21,"chnl":15,"x":452,"y":764,"page":0},{"id":8381,"index":1007,"char":"₽","width":27,"height":33,"xoffset":0,"yoffset":17,"xadvance":26,"chnl":15,"x":463,"y":723,"page":0},{"id":8592,"index":0,"char":"←","width":25,"height":33,"xoffset":-2,"yoffset":17,"xadvance":21,"chnl":15,"x":474,"y":689,"page":0},{"id":8593,"index":0,"char":"↑","width":25,"height":33,"xoffset":-2,"yoffset":17,"xadvance":21,"chnl":15,"x":478,"y":647,"page":0},{"id":8594,"index":0,"char":"→","width":25,"height":33,"xoffset":-2,"yoffset":17,"xadvance":21,"chnl":15,"x":503,"y":612,"page":0},{"id":8595,"index":0,"char":"↓","width":25,"height":33,"xoffset":-2,"yoffset":17,"xadvance":21,"chnl":15,"x":520,"y":578,"page":0},{"id":8709,"index":0,"char":"∅","width":25,"height":33,"xoffset":-2,"yoffset":17,"xadvance":21,"chnl":15,"x":525,"y":544,"page":0},{"id":8710,"index":1013,"char":"∆","width":31,"height":33,"xoffset":-1,"yoffset":17,"xadvance":29,"chnl":15,"x":550,"y":510,"page":0},{"id":8719,"index":1014,"char":"∏","width":32,"height":33,"xoffset":0,"yoffset":17,"xadvance":31,"chnl":15,"x":573,"y":476,"page":0},{"id":8758,"index":0,"char":"∶","width":25,"height":33,"xoffset":-2,"yoffset":17,"xadvance":21,"chnl":15,"x":574,"y":442,"page":0},{"id":8801,"index":0,"char":"≡","width":25,"height":33,"xoffset":-2,"yoffset":17,"xadvance":21,"chnl":15,"x":597,"y":408,"page":0},{"id":8802,"index":0,"char":"≢","width":25,"height":33,"xoffset":-2,"yoffset":17,"xadvance":21,"chnl":15,"x":600,"y":442,"page":0},{"id":8734,"index":1020,"char":"∞","width":31,"height":16,"xoffset":-1,"yoffset":25,"xadvance":29,"chnl":15,"x":394,"y":1008,"page":0},{"id":97,"index":724,"char":"a","width":27,"height":28,"xoffset":0,"yoffset":23,"xadvance":28,"chnl":15,"x":258,"y":992,"page":0},{"id":99,"index":726,"char":"c","width":26,"height":28,"xoffset":0,"yoffset":23,"xadvance":25,"chnl":15,"x":286,"y":992,"page":0},{"id":101,"index":728,"char":"e","width":26,"height":28,"xoffset":0,"yoffset":23,"xadvance":26,"chnl":15,"x":452,"y":798,"page":0},{"id":111,"index":738,"char":"o","width":27,"height":28,"xoffset":0,"yoffset":23,"xadvance":27,"chnl":15,"x":478,"y":757,"page":0},{"id":115,"index":742,"char":"s","width":22,"height":28,"xoffset":0,"yoffset":23,"xadvance":22,"chnl":15,"x":491,"y":723,"page":0},{"id":172,"index":766,"char":"¬","width":28,"height":13,"xoffset":0,"yoffset":28,"xadvance":27,"chnl":15,"x":452,"y":827,"page":0},{"id":248,"index":842,"char":"ø","width":28,"height":28,"xoffset":0,"yoffset":23,"xadvance":27,"chnl":15,"x":479,"y":786,"page":0},{"id":601,"index":965,"char":"ə","width":26,"height":28,"xoffset":0,"yoffset":23,"xadvance":26,"chnl":15,"x":506,"y":752,"page":0},{"id":58,"index":685,"char":":","width":9,"height":27,"xoffset":0,"yoffset":23,"xadvance":9,"chnl":15,"x":170,"y":997,"page":0},{"id":94,"index":721,"char":"^","width":27,"height":26,"xoffset":0,"yoffset":17,"xadvance":26,"chnl":15,"x":500,"y":681,"page":0},{"id":110,"index":737,"char":"n","width":25,"height":27,"xoffset":1,"yoffset":23,"xadvance":27,"chnl":15,"x":230,"y":434,"page":0},{"id":114,"index":741,"char":"r","width":15,"height":27,"xoffset":1,"yoffset":23,"xadvance":16,"chnl":15,"x":180,"y":997,"page":0},{"id":117,"index":744,"char":"u","width":25,"height":27,"xoffset":1,"yoffset":23,"xadvance":27,"chnl":15,"x":504,"y":646,"page":0},{"id":118,"index":745,"char":"v","width":27,"height":27,"xoffset":-1,"yoffset":23,"xadvance":24,"chnl":15,"x":529,"y":612,"page":0},{"id":120,"index":747,"char":"x","width":23,"height":27,"xoffset":-1,"yoffset":23,"xadvance":20,"chnl":15,"x":546,"y":578,"page":0},{"id":122,"index":749,"char":"z","width":20,"height":27,"xoffset":0,"yoffset":23,"xadvance":19,"chnl":15,"x":551,"y":544,"page":0},{"id":247,"index":841,"char":"÷","width":25,"height":27,"xoffset":1,"yoffset":19,"xadvance":28,"chnl":15,"x":514,"y":708,"page":0},{"id":305,"index":891,"char":"ı","width":8,"height":27,"xoffset":1,"yoffset":23,"xadvance":10,"chnl":15,"x":274,"y":819,"page":0},{"id":61,"index":688,"char":"=","width":26,"height":16,"xoffset":2,"yoffset":24,"xadvance":30,"chnl":15,"x":121,"y":352,"page":0},{"id":95,"index":722,"char":"_","width":26,"height":8,"xoffset":2,"yoffset":48,"xadvance":31,"chnl":15,"x":90,"y":139,"page":0},{"id":8211,"index":989,"char":"–","width":26,"height":7,"xoffset":1,"yoffset":29,"xadvance":28,"chnl":15,"x":247,"y":786,"page":0},{"id":8800,"index":1023,"char":"≠","width":26,"height":24,"xoffset":2,"yoffset":20,"xadvance":30,"chnl":15,"x":528,"y":674,"page":0},{"id":43,"index":670,"char":"+","width":25,"height":25,"xoffset":2,"yoffset":20,"xadvance":29,"chnl":15,"x":530,"y":640,"page":0},{"id":177,"index":771,"char":"±","width":25,"height":25,"xoffset":2,"yoffset":20,"xadvance":29,"chnl":15,"x":620,"y":340,"page":0},{"id":8230,"index":1000,"char":"…","width":25,"height":9,"xoffset":0,"yoffset":41,"xadvance":24,"chnl":15,"x":143,"y":999,"page":0},{"id":8804,"index":1024,"char":"≤","width":19,"height":25,"xoffset":1,"yoffset":21,"xadvance":21,"chnl":15,"x":620,"y":366,"page":0},{"id":8805,"index":1025,"char":"≥","width":19,"height":25,"xoffset":1,"yoffset":21,"xadvance":21,"chnl":15,"x":623,"y":392,"page":0},{"id":60,"index":687,"char":"<","width":19,"height":23,"xoffset":2,"yoffset":21,"xadvance":23,"chnl":15,"x":623,"y":418,"page":0},{"id":62,"index":689,"char":">","width":19,"height":23,"xoffset":2,"yoffset":21,"xadvance":23,"chnl":15,"x":223,"y":751,"page":0},{"id":126,"index":753,"char":"~","width":23,"height":10,"xoffset":0,"yoffset":29,"xadvance":22,"chnl":15,"x":77,"y":462,"page":0},{"id":8776,"index":1022,"char":"≈","width":23,"height":19,"xoffset":0,"yoffset":23,"xadvance":22,"chnl":15,"x":415,"y":918,"page":0},{"id":215,"index":809,"char":"×","width":22,"height":22,"xoffset":2,"yoffset":21,"xadvance":27,"chnl":15,"x":640,"y":366,"page":0},{"id":45,"index":672,"char":"-","width":21,"height":7,"xoffset":0,"yoffset":29,"xadvance":23,"chnl":15,"x":68,"y":93,"page":0},{"id":164,"index":758,"char":"¤","width":21,"height":21,"xoffset":1,"yoffset":21,"xadvance":23,"chnl":15,"x":348,"y":714,"page":0},{"id":173,"index":767,"char":"­","width":21,"height":7,"xoffset":0,"yoffset":29,"xadvance":23,"chnl":15,"x":159,"y":257,"page":0},{"id":174,"index":768,"char":"®","width":21,"height":21,"xoffset":0,"yoffset":16,"xadvance":21,"chnl":15,"x":640,"y":272,"page":0},{"id":8722,"index":1016,"char":"−","width":21,"height":7,"xoffset":1,"yoffset":29,"xadvance":23,"chnl":15,"x":62,"y":813,"page":0},{"id":42,"index":669,"char":"*","width":19,"height":20,"xoffset":1,"yoffset":15,"xadvance":20,"chnl":15,"x":197,"y":776,"page":0},{"id":170,"index":764,"char":"ª","width":20,"height":19,"xoffset":-1,"yoffset":16,"xadvance":19,"chnl":15,"x":221,"y":884,"page":0},{"id":186,"index":780,"char":"º","width":20,"height":19,"xoffset":-1,"yoffset":16,"xadvance":18,"chnl":15,"x":317,"y":612,"page":0},{"id":171,"index":765,"char":"«","width":19,"height":19,"xoffset":0,"yoffset":26,"xadvance":19,"chnl":15,"x":93,"y":221,"page":0},{"id":175,"index":769,"char":"¯","width":19,"height":7,"xoffset":-1,"yoffset":16,"xadvance":16,"chnl":15,"x":148,"y":678,"page":0},{"id":176,"index":770,"char":"°","width":19,"height":19,"xoffset":-1,"yoffset":17,"xadvance":17,"chnl":15,"x":659,"y":238,"page":0},{"id":178,"index":772,"char":"²","width":15,"height":19,"xoffset":-1,"yoffset":16,"xadvance":14,"chnl":15,"x":198,"y":646,"page":0},{"id":179,"index":773,"char":"³","width":16,"height":19,"xoffset":-1,"yoffset":16,"xadvance":14,"chnl":15,"x":640,"y":294,"page":0},{"id":185,"index":779,"char":"¹","width":9,"height":19,"xoffset":-1,"yoffset":16,"xadvance":8,"chnl":15,"x":405,"y":884,"page":0},{"id":187,"index":781,"char":"»","width":19,"height":19,"xoffset":0,"yoffset":26,"xadvance":19,"chnl":15,"x":640,"y":314,"page":0},{"id":713,"index":969,"char":"ˉ","width":19,"height":7,"xoffset":-1,"yoffset":16,"xadvance":16,"chnl":15,"x":172,"y":715,"page":0},{"id":8249,"index":1002,"char":"‹","width":12,"height":19,"xoffset":0,"yoffset":26,"xadvance":12,"chnl":15,"x":148,"y":394,"page":0},{"id":8250,"index":1003,"char":"›","width":12,"height":19,"xoffset":0,"yoffset":26,"xadvance":12,"chnl":15,"x":299,"y":887,"page":0},{"id":8220,"index":994,"char":"“","width":18,"height":14,"xoffset":-1,"yoffset":17,"xadvance":16,"chnl":15,"x":149,"y":871,"page":0},{"id":8221,"index":995,"char":"”","width":18,"height":14,"xoffset":-1,"yoffset":17,"xadvance":16,"chnl":15,"x":174,"y":908,"page":0},{"id":8222,"index":996,"char":"„","width":18,"height":14,"xoffset":-2,"yoffset":41,"xadvance":15,"chnl":15,"x":112,"y":544,"page":0},{"id":732,"index":974,"char":"˜","width":17,"height":8,"xoffset":-1,"yoffset":16,"xadvance":14,"chnl":15,"x":116,"y":723,"page":0},{"id":733,"index":975,"char":"˝","width":17,"height":10,"xoffset":-1,"yoffset":14,"xadvance":14,"chnl":15,"x":84,"y":889,"page":0},{"id":710,"index":967,"char":"ˆ","width":16,"height":11,"xoffset":-1,"yoffset":14,"xadvance":13,"chnl":15,"x":126,"y":487,"page":0},{"id":711,"index":968,"char":"ˇ","width":16,"height":10,"xoffset":-1,"yoffset":14,"xadvance":13,"chnl":15,"x":317,"y":772,"page":0},{"id":728,"index":970,"char":"˘","width":16,"height":10,"xoffset":-1,"yoffset":14,"xadvance":13,"chnl":15,"x":224,"y":286,"page":0},{"id":44,"index":671,"char":",","width":11,"height":15,"xoffset":-2,"yoffset":41,"xadvance":8,"chnl":15,"x":514,"y":736,"page":0},{"id":168,"index":762,"char":"¨","width":15,"height":8,"xoffset":-1,"yoffset":15,"xadvance":13,"chnl":15,"x":206,"y":532,"page":0},{"id":184,"index":778,"char":"¸","width":14,"height":15,"xoffset":-1,"yoffset":46,"xadvance":11,"chnl":15,"x":370,"y":748,"page":0},{"id":731,"index":973,"char":"˛","width":12,"height":15,"xoffset":-1,"yoffset":44,"xadvance":10,"chnl":15,"x":152,"y":1009,"page":0},{"id":700,"index":966,"char":"ʼ","width":11,"height":14,"xoffset":-1,"yoffset":17,"xadvance":9,"chnl":15,"x":500,"y":708,"page":0},{"id":8216,"index":991,"char":"‘","width":11,"height":14,"xoffset":-1,"yoffset":17,"xadvance":9,"chnl":15,"x":131,"y":544,"page":0},{"id":8217,"index":992,"char":"’","width":11,"height":14,"xoffset":-1,"yoffset":17,"xadvance":9,"chnl":15,"x":526,"y":736,"page":0},{"id":8218,"index":993,"char":"‚","width":11,"height":14,"xoffset":-2,"yoffset":41,"xadvance":8,"chnl":15,"x":385,"y":782,"page":0},{"id":8226,"index":999,"char":"•","width":14,"height":14,"xoffset":1,"yoffset":27,"xadvance":17,"chnl":15,"x":247,"y":794,"page":0},{"id":34,"index":661,"char":"\"","width":13,"height":12,"xoffset":-1,"yoffset":13,"xadvance":12,"chnl":15,"x":109,"y":925,"page":0},{"id":96,"index":723,"char":"`","width":13,"height":12,"xoffset":-1,"yoffset":13,"xadvance":11,"chnl":15,"x":297,"y":738,"page":0},{"id":180,"index":774,"char":"´","width":13,"height":12,"xoffset":-1,"yoffset":13,"xadvance":10,"chnl":15,"x":341,"y":840,"page":0},{"id":730,"index":972,"char":"˚","width":13,"height":13,"xoffset":-1,"yoffset":12,"xadvance":10,"chnl":15,"x":288,"y":510,"page":0},{"id":39,"index":666,"char":"'","width":8,"height":12,"xoffset":-1,"yoffset":13,"xadvance":7,"chnl":15,"x":127,"y":127,"page":0},{"id":46,"index":673,"char":".","width":9,"height":9,"xoffset":0,"yoffset":41,"xadvance":9,"chnl":15,"x":151,"y":631,"page":0},{"id":183,"index":777,"char":"·","width":9,"height":9,"xoffset":0,"yoffset":29,"xadvance":9,"chnl":15,"x":175,"y":668,"page":0},{"id":8729,"index":1018,"char":"∙","width":9,"height":9,"xoffset":0,"yoffset":29,"xadvance":9,"chnl":15,"x":161,"y":435,"page":0},{"id":729,"index":971,"char":"˙","width":8,"height":8,"xoffset":-1,"yoffset":15,"xadvance":6,"chnl":15,"x":48,"y":331,"page":0},{"id":32,"index":3,"char":" ","width":0,"height":0,"xoffset":-2,"yoffset":46,"xadvance":11,"chnl":15,"x":62,"y":148,"page":0}],"info":{"face":"Poppins-Regular","size":42,"bold":0,"italic":0,"charset":["!","\"","#","$","%","&","'","(",")","*","+",",","-",".","/","0","1","2","3","4","5","6","7","8","9",":",";","<","=",">","?","@","A","B","C","D","E","F","G","H","I","J","K","L","M","N","O","P","Q","R","S","T","U","V","W","X","Y","Z","[","\\","]","^","_","`","a","b","c","d","e","f","g","h","i","j","k","l","m","n","o","p","q","r","s","t","u","v","w","x","y","z","{","|","}","~"," ","¡","¢","£","¤","¥","¦","§","¨","©","ª","«","¬","­","®","¯","°","±","²","³","´","µ","¶","·","¸","¹","º","»","¼","½","¾","¿","À","Á","Â","Ã","Ä","Å","Æ","Ç","È","É","Ê","Ë","Ì","Í","Î","Ï","Ð","Ñ","Ò","Ó","Ô","Õ","Ö","×","Ø","Ù","Ú","Û","Ü","Ý","Þ","ß","à","á","â","ã","ä","å","æ","ç","è","é","ê","ë","ì","í","î","ï","ð","ñ","ò","ó","ô","õ","ö","÷","ø","ù","ú","û","ü","ý","þ","ÿ","Ā","ā","Ă","ă","Ą","ą","Ć","ć","Ĉ","ĉ","Ċ","ċ","Č","č","Ď","ď","Đ","đ","Ē","ē","Ĕ","ĕ","Ė","ė","Ę","ę","Ě","ě","Ĝ","ĝ","Ğ","ğ","Ġ","ġ","Ģ","ģ","Ĥ","ĥ","Ħ","ħ","Ĩ","ĩ","Ī","ī","Ĭ","ĭ","Į","į","İ","ı","Ĵ","ĵ","Ķ","ķ","ĸ","Ĺ","ĺ","Ļ","ļ","Ľ","ľ","Ŀ","ŀ","Ł","ł","Ń","ń","Ņ","ņ","Ň","ň","Ŋ","ŋ","Ō","ō","Ŏ","ŏ","Ő","ő","Œ","œ","Ŕ","ŕ","Ŗ","ŗ","Ř","ř","Ś","ś","Ŝ","ŝ","Ş","ş","Š","š","Ţ","ţ","Ť","ť","Ŧ","ŧ","Ũ","ũ","Ū","ū","Ŭ","ŭ","Ů","ů","Ű","ű","Ų","ų","Ŵ","ŵ","Ŷ","ŷ","Ÿ","Ź","ź","Ż","ż","Ž","ž","Ə","ƒ","Ơ","ơ","Ư","ư","Ǆ","ǅ","ǆ","Ǉ","ǈ","ǉ","Ǌ","ǋ","ǌ","Ǎ","ǎ","Ǐ","ǐ","Ǒ","ǒ","Ǔ","ǔ","Ǖ","ǖ","Ǘ","ǘ","Ǚ","ǚ","Ǜ","ǜ","Ǧ","ǧ","Ǫ","ǫ","Ǻ","ǻ","Ǽ","ǽ","Ǿ","ǿ","Ȁ","ȁ","Ȃ","ȃ","Ȅ","ȅ","Ȇ","ȇ","Ȉ","ȉ","Ȋ","ȋ","Ȍ","ȍ","Ȏ","ȏ","Ȑ","ȑ","Ȓ","ȓ","Ȕ","ȕ","Ȗ","ȗ","Ș","ș","Ț","ț","Ȫ","ȫ","Ȭ","ȭ","Ȱ","ȱ","Ȳ","ȳ","ȷ","ə","ʹ","ʺ","ʻ","ʼ","ʾ","ʿ","ˆ","ˇ","ˈ","ˉ","ˊ","ˋ","ˌ","˘","˙","˚","˛","˜","˝","Ḉ","ḉ","Ḍ","ḍ","Ḏ","ḏ","Ḕ","ḕ","Ḗ","ḗ","Ḝ","ḝ","Ḡ","ḡ","Ḥ","ḥ","Ḫ","ḫ","Ḯ","ḯ","Ḱ","ḱ","Ḷ","ḷ","Ḻ","ḻ","Ṃ","ṃ","Ṅ","ṅ","Ṇ","ṇ","Ṉ","ṉ","Ṍ","ṍ","Ṏ","ṏ","Ṑ","ṑ","Ṓ","ṓ","Ṛ","ṛ","Ṟ","ṟ","Ṡ","ṡ","Ṣ","ṣ","Ṥ","ṥ","Ṧ","ṧ","Ṩ","ṩ","Ṭ","ṭ","Ṯ","ṯ","Ṹ","ṹ","Ṻ","ṻ","Ẁ","ẁ","Ẃ","ẃ","Ẅ","ẅ","Ẏ","ẏ","Ẓ","ẓ","ẗ","ẞ","Ạ","ạ","Ả","ả","Ấ","ấ","Ầ","ầ","Ẩ","ẩ","Ẫ","ẫ","Ậ","ậ","Ắ","ắ","Ằ","ằ","Ẳ","ẳ","Ẵ","ẵ","Ặ","ặ","Ẹ","ẹ","Ẻ","ẻ","Ẽ","ẽ","Ế","ế","Ề","ề","Ể","ể","Ễ","ễ","Ệ","ệ","Ỉ","ỉ","Ị","ị","Ọ","ọ","Ỏ","ỏ","Ố","ố","Ồ","ồ","Ổ","ổ","Ỗ","ỗ","Ộ","ộ","Ớ","ớ","Ờ","ờ","Ở","ở","Ỡ","ỡ","Ợ","ợ","Ụ","ụ","Ủ","ủ","Ứ","ứ","Ừ","ừ","Ử","ử","Ữ","ữ","Ự","ự","Ỳ","ỳ","Ỵ","ỵ","Ỷ","ỷ","Ỹ","ỹ"," "," "," "," "," "," "," "," "," "," "," ","​","‐","‑","‒","–","—","―","‘","’","‚","“","”","„","†","‡","•","…","‰","′","″","‴","‵","‹","›","⁄","⁒","₡","₣","₤","₦","₧","₩","₫","€","₭","₮","₱","₲","₴","₵","₸","₹","₺","₼","₽","←","↑","→","↓","∂","∅","∆","∏","∑","−","∕","∙","√","∞","∫","∶","≈","≠","≡","≢","≤","≥"],"unicode":1,"stretchH":100,"smooth":1,"aa":1,"padding":[2,2,2,2],"spacing":[0,0]},"common":{"lineHeight":63,"base":46,"scaleW":1024,"scaleH":1024,"pages":1,"packed":0,"alphaChnl":0,"redChnl":0,"greenChnl":0,"blueChnl":0},"distanceField":{"fieldType":"msdf","distanceRange":4},"kernings":[]}