{"pages":["SourceCodePro-VariableFontwght.png"],"chars":[{"id":7852,"index":71,"char":"Ậ","width":25,"height":47,"xoffset":0,"yoffset":8,"xadvance":25,"chnl":15,"x":0,"y":0,"page":0},{"id":7862,"index":76,"char":"Ặ","width":25,"height":47,"xoffset":0,"yoffset":8,"xadvance":25,"chnl":15,"x":0,"y":48,"page":0},{"id":7878,"index":109,"char":"Ệ","width":21,"height":47,"xoffset":4,"yoffset":8,"xadvance":25,"chnl":15,"x":0,"y":96,"page":0},{"id":7896,"index":177,"char":"Ộ","width":24,"height":47,"xoffset":0,"yoffset":8,"xadvance":25,"chnl":15,"x":0,"y":144,"page":0},{"id":124,"index":957,"char":"|","width":5,"height":46,"xoffset":10,"yoffset":11,"xadvance":25,"chnl":15,"x":22,"y":96,"page":0},{"id":166,"index":959,"char":"¦","width":5,"height":46,"xoffset":10,"yoffset":11,"xadvance":25,"chnl":15,"x":26,"y":0,"page":0},{"id":7920,"index":232,"char":"Ự","width":26,"height":46,"xoffset":2,"yoffset":9,"xadvance":25,"chnl":15,"x":26,"y":47,"page":0},{"id":253,"index":447,"char":"ý","width":24,"height":45,"xoffset":1,"yoffset":12,"xadvance":25,"chnl":15,"x":32,"y":0,"page":0},{"id":285,"index":316,"char":"ĝ","width":24,"height":45,"xoffset":2,"yoffset":12,"xadvance":25,"chnl":15,"x":0,"y":192,"page":0},{"id":291,"index":319,"char":"ģ","width":24,"height":45,"xoffset":2,"yoffset":12,"xadvance":25,"chnl":15,"x":0,"y":238,"page":0},{"id":309,"index":342,"char":"ĵ","width":21,"height":45,"xoffset":1,"yoffset":12,"xadvance":25,"chnl":15,"x":0,"y":284,"page":0},{"id":487,"index":320,"char":"ǧ","width":24,"height":45,"xoffset":2,"yoffset":12,"xadvance":25,"chnl":15,"x":0,"y":330,"page":0},{"id":7906,"index":183,"char":"Ợ","width":24,"height":45,"xoffset":0,"yoffset":9,"xadvance":25,"chnl":15,"x":22,"y":284,"page":0},{"id":7923,"index":446,"char":"ỳ","width":24,"height":45,"xoffset":1,"yoffset":12,"xadvance":25,"chnl":15,"x":25,"y":143,"page":0},{"id":254,"index":461,"char":"þ","width":22,"height":44,"xoffset":3,"yoffset":13,"xadvance":25,"chnl":15,"x":28,"y":94,"page":0},{"id":287,"index":317,"char":"ğ","width":24,"height":44,"xoffset":2,"yoffset":13,"xadvance":25,"chnl":15,"x":25,"y":189,"page":0},{"id":375,"index":448,"char":"ŷ","width":24,"height":44,"xoffset":1,"yoffset":12,"xadvance":25,"chnl":15,"x":25,"y":234,"page":0},{"id":471,"index":222,"char":"Ǘ","width":21,"height":44,"xoffset":2,"yoffset":4,"xadvance":25,"chnl":15,"x":0,"y":376,"page":0},{"id":473,"index":223,"char":"Ǚ","width":21,"height":44,"xoffset":2,"yoffset":4,"xadvance":25,"chnl":15,"x":0,"y":421,"page":0},{"id":475,"index":224,"char":"Ǜ","width":21,"height":44,"xoffset":2,"yoffset":4,"xadvance":25,"chnl":15,"x":0,"y":466,"page":0},{"id":7723,"index":328,"char":"ḫ","width":21,"height":44,"xoffset":3,"yoffset":13,"xadvance":25,"chnl":15,"x":0,"y":511,"page":0},{"id":7762,"index":184,"char":"Ṓ","width":24,"height":44,"xoffset":0,"yoffset":4,"xadvance":25,"chnl":15,"x":0,"y":556,"page":0},{"id":7927,"index":452,"char":"ỷ","width":24,"height":44,"xoffset":1,"yoffset":12,"xadvance":25,"chnl":15,"x":22,"y":376,"page":0},{"id":8747,"index":1168,"char":"∫","width":12,"height":44,"xoffset":7,"yoffset":10,"xadvance":25,"chnl":15,"x":25,"y":330,"page":0},{"id":106,"index":37,"char":"j","width":18,"height":43,"xoffset":1,"yoffset":14,"xadvance":25,"chnl":15,"x":38,"y":330,"page":0},{"id":289,"index":318,"char":"ġ","width":24,"height":43,"xoffset":2,"yoffset":14,"xadvance":25,"chnl":15,"x":47,"y":279,"page":0},{"id":311,"index":343,"char":"ķ","width":22,"height":43,"xoffset":3,"yoffset":13,"xadvance":25,"chnl":15,"x":22,"y":421,"page":0},{"id":314,"index":347,"char":"ĺ","width":22,"height":43,"xoffset":2,"yoffset":5,"xadvance":25,"chnl":15,"x":22,"y":465,"page":0},{"id":316,"index":349,"char":"ļ","width":22,"height":43,"xoffset":2,"yoffset":13,"xadvance":25,"chnl":15,"x":22,"y":509,"page":0},{"id":506,"index":62,"char":"Ǻ","width":25,"height":43,"xoffset":0,"yoffset":4,"xadvance":25,"chnl":15,"x":50,"y":139,"page":0},{"id":7702,"index":110,"char":"Ḗ","width":21,"height":43,"xoffset":4,"yoffset":4,"xadvance":25,"chnl":15,"x":51,"y":94,"page":0},{"id":7850,"index":70,"char":"Ẫ","width":25,"height":43,"xoffset":0,"yoffset":4,"xadvance":25,"chnl":15,"x":53,"y":46,"page":0},{"id":7853,"index":276,"char":"ậ","width":21,"height":43,"xoffset":2,"yoffset":12,"xadvance":25,"chnl":15,"x":57,"y":0,"page":0},{"id":7858,"index":74,"char":"Ẳ","width":25,"height":43,"xoffset":0,"yoffset":4,"xadvance":25,"chnl":15,"x":73,"y":90,"page":0},{"id":7860,"index":75,"char":"Ẵ","width":25,"height":43,"xoffset":0,"yoffset":4,"xadvance":25,"chnl":15,"x":79,"y":0,"page":0},{"id":7876,"index":108,"char":"Ễ","width":21,"height":43,"xoffset":4,"yoffset":4,"xadvance":25,"chnl":15,"x":79,"y":44,"page":0},{"id":7879,"index":313,"char":"ệ","width":23,"height":43,"xoffset":1,"yoffset":12,"xadvance":25,"chnl":15,"x":50,"y":183,"page":0},{"id":7894,"index":176,"char":"Ỗ","width":24,"height":43,"xoffset":0,"yoffset":4,"xadvance":25,"chnl":15,"x":50,"y":227,"page":0},{"id":7897,"index":382,"char":"ộ","width":23,"height":43,"xoffset":1,"yoffset":12,"xadvance":25,"chnl":15,"x":74,"y":183,"page":0},{"id":7929,"index":453,"char":"ỹ","width":24,"height":43,"xoffset":1,"yoffset":13,"xadvance":25,"chnl":15,"x":76,"y":134,"page":0},{"id":8730,"index":1171,"char":"√","width":24,"height":43,"xoffset":2,"yoffset":9,"xadvance":25,"chnl":15,"x":99,"y":88,"page":0},{"id":40,"index":950,"char":"(","width":15,"height":42,"xoffset":8,"yoffset":12,"xadvance":25,"chnl":15,"x":101,"y":44,"page":0},{"id":41,"index":951,"char":")","width":15,"height":42,"xoffset":3,"yoffset":12,"xadvance":25,"chnl":15,"x":105,"y":0,"page":0},{"id":255,"index":449,"char":"ÿ","width":24,"height":42,"xoffset":1,"yoffset":15,"xadvance":25,"chnl":15,"x":117,"y":43,"page":0},{"id":293,"index":323,"char":"ĥ","width":26,"height":42,"xoffset":-2,"yoffset":5,"xadvance":25,"chnl":15,"x":121,"y":0,"page":0},{"id":303,"index":337,"char":"į","width":18,"height":42,"xoffset":2,"yoffset":14,"xadvance":25,"chnl":15,"x":0,"y":601,"page":0},{"id":490,"index":170,"char":"Ǫ","width":24,"height":42,"xoffset":0,"yoffset":15,"xadvance":25,"chnl":15,"x":0,"y":644,"page":0},{"id":7693,"index":293,"char":"ḍ","width":22,"height":42,"xoffset":1,"yoffset":13,"xadvance":25,"chnl":15,"x":19,"y":601,"page":0},{"id":7717,"index":325,"char":"ḥ","width":21,"height":42,"xoffset":3,"yoffset":13,"xadvance":25,"chnl":15,"x":25,"y":553,"page":0},{"id":7735,"index":350,"char":"ḷ","width":22,"height":42,"xoffset":2,"yoffset":13,"xadvance":25,"chnl":15,"x":45,"y":421,"page":0},{"id":7782,"index":198,"char":"Ṧ","width":23,"height":42,"xoffset":1,"yoffset":5,"xadvance":25,"chnl":15,"x":47,"y":374,"page":0},{"id":7823,"index":450,"char":"ẏ","width":24,"height":42,"xoffset":1,"yoffset":14,"xadvance":25,"chnl":15,"x":57,"y":323,"page":0},{"id":7848,"index":69,"char":"Ẩ","width":25,"height":42,"xoffset":0,"yoffset":5,"xadvance":25,"chnl":15,"x":72,"y":271,"page":0},{"id":7854,"index":72,"char":"Ắ","width":25,"height":42,"xoffset":0,"yoffset":5,"xadvance":25,"chnl":15,"x":75,"y":227,"page":0},{"id":7856,"index":73,"char":"Ằ","width":25,"height":42,"xoffset":0,"yoffset":5,"xadvance":25,"chnl":15,"x":98,"y":178,"page":0},{"id":7863,"index":281,"char":"ặ","width":21,"height":42,"xoffset":2,"yoffset":13,"xadvance":25,"chnl":15,"x":101,"y":132,"page":0},{"id":7874,"index":107,"char":"Ể","width":21,"height":42,"xoffset":4,"yoffset":5,"xadvance":25,"chnl":15,"x":123,"y":132,"page":0},{"id":7888,"index":173,"char":"Ố","width":24,"height":42,"xoffset":0,"yoffset":6,"xadvance":25,"chnl":15,"x":124,"y":86,"page":0},{"id":7890,"index":174,"char":"Ồ","width":24,"height":42,"xoffset":0,"yoffset":6,"xadvance":25,"chnl":15,"x":142,"y":43,"page":0},{"id":7892,"index":175,"char":"Ổ","width":24,"height":42,"xoffset":0,"yoffset":5,"xadvance":25,"chnl":15,"x":148,"y":0,"page":0},{"id":47,"index":956,"char":"/","width":19,"height":41,"xoffset":3,"yoffset":13,"xadvance":25,"chnl":15,"x":45,"y":464,"page":0},{"id":92,"index":958,"char":"\\","width":19,"height":41,"xoffset":3,"yoffset":13,"xadvance":25,"chnl":15,"x":45,"y":506,"page":0},{"id":199,"index":82,"char":"Ç","width":24,"height":41,"xoffset":1,"yoffset":15,"xadvance":25,"chnl":15,"x":0,"y":687,"page":0},{"id":260,"index":64,"char":"Ą","width":27,"height":41,"xoffset":0,"yoffset":15,"xadvance":25,"chnl":15,"x":0,"y":729,"page":0},{"id":280,"index":101,"char":"Ę","width":22,"height":41,"xoffset":4,"yoffset":15,"xadvance":25,"chnl":15,"x":25,"y":644,"page":0},{"id":290,"index":115,"char":"Ģ","width":23,"height":41,"xoffset":1,"yoffset":15,"xadvance":25,"chnl":15,"x":25,"y":686,"page":0},{"id":302,"index":134,"char":"Į","width":20,"height":41,"xoffset":3,"yoffset":15,"xadvance":25,"chnl":15,"x":42,"y":596,"page":0},{"id":310,"index":139,"char":"Ķ","width":23,"height":41,"xoffset":3,"yoffset":15,"xadvance":25,"chnl":15,"x":47,"y":548,"page":0},{"id":315,"index":144,"char":"Ļ","width":20,"height":41,"xoffset":5,"yoffset":15,"xadvance":25,"chnl":15,"x":48,"y":638,"page":0},{"id":325,"index":157,"char":"Ņ","width":21,"height":41,"xoffset":2,"yoffset":15,"xadvance":25,"chnl":15,"x":63,"y":590,"page":0},{"id":336,"index":167,"char":"Ő","width":24,"height":41,"xoffset":0,"yoffset":7,"xadvance":25,"chnl":15,"x":65,"y":464,"page":0},{"id":342,"index":191,"char":"Ŗ","width":21,"height":41,"xoffset":3,"yoffset":15,"xadvance":25,"chnl":15,"x":65,"y":506,"page":0},{"id":350,"index":199,"char":"Ş","width":23,"height":41,"xoffset":1,"yoffset":15,"xadvance":25,"chnl":15,"x":71,"y":548,"page":0},{"id":354,"index":205,"char":"Ţ","width":25,"height":41,"xoffset":0,"yoffset":15,"xadvance":25,"chnl":15,"x":87,"y":506,"page":0},{"id":366,"index":217,"char":"Ů","width":21,"height":41,"xoffset":2,"yoffset":7,"xadvance":25,"chnl":15,"x":68,"y":417,"page":0},{"id":368,"index":218,"char":"Ű","width":21,"height":41,"xoffset":2,"yoffset":7,"xadvance":25,"chnl":15,"x":71,"y":366,"page":0},{"id":370,"index":220,"char":"Ų","width":21,"height":41,"xoffset":2,"yoffset":15,"xadvance":25,"chnl":15,"x":82,"y":314,"page":0},{"id":469,"index":221,"char":"Ǖ","width":21,"height":41,"xoffset":2,"yoffset":6,"xadvance":25,"chnl":15,"x":98,"y":270,"page":0},{"id":536,"index":200,"char":"Ș","width":23,"height":41,"xoffset":1,"yoffset":15,"xadvance":25,"chnl":15,"x":101,"y":221,"page":0},{"id":538,"index":206,"char":"Ț","width":25,"height":41,"xoffset":0,"yoffset":15,"xadvance":25,"chnl":15,"x":124,"y":175,"page":0},{"id":7695,"index":294,"char":"ḏ","width":22,"height":41,"xoffset":1,"yoffset":13,"xadvance":25,"chnl":15,"x":145,"y":129,"page":0},{"id":7713,"index":321,"char":"ḡ","width":24,"height":41,"xoffset":2,"yoffset":16,"xadvance":25,"chnl":15,"x":149,"y":86,"page":0},{"id":7722,"index":124,"char":"Ḫ","width":21,"height":41,"xoffset":2,"yoffset":15,"xadvance":25,"chnl":15,"x":167,"y":43,"page":0},{"id":7739,"index":352,"char":"ḻ","width":22,"height":41,"xoffset":2,"yoffset":13,"xadvance":25,"chnl":15,"x":173,"y":0,"page":0},{"id":7844,"index":67,"char":"Ấ","width":25,"height":41,"xoffset":0,"yoffset":6,"xadvance":25,"chnl":15,"x":90,"y":408,"page":0},{"id":7846,"index":68,"char":"Ầ","width":25,"height":41,"xoffset":0,"yoffset":6,"xadvance":25,"chnl":15,"x":93,"y":356,"page":0},{"id":7870,"index":105,"char":"Ế","width":21,"height":41,"xoffset":4,"yoffset":6,"xadvance":25,"chnl":15,"x":104,"y":312,"page":0},{"id":7872,"index":106,"char":"Ề","width":21,"height":41,"xoffset":4,"yoffset":6,"xadvance":25,"chnl":15,"x":120,"y":263,"page":0},{"id":7883,"index":339,"char":"ị","width":16,"height":41,"xoffset":2,"yoffset":14,"xadvance":25,"chnl":15,"x":125,"y":217,"page":0},{"id":7886,"index":172,"char":"Ỏ","width":24,"height":41,"xoffset":0,"yoffset":7,"xadvance":25,"chnl":15,"x":90,"y":450,"page":0},{"id":7902,"index":181,"char":"Ở","width":24,"height":41,"xoffset":0,"yoffset":7,"xadvance":25,"chnl":15,"x":0,"y":771,"page":0},{"id":7910,"index":226,"char":"Ủ","width":21,"height":41,"xoffset":2,"yoffset":7,"xadvance":25,"chnl":15,"x":0,"y":813,"page":0},{"id":7916,"index":230,"char":"Ử","width":26,"height":41,"xoffset":2,"yoffset":7,"xadvance":25,"chnl":15,"x":0,"y":855,"page":0},{"id":36,"index":1095,"char":"$","width":21,"height":40,"xoffset":2,"yoffset":11,"xadvance":25,"chnl":15,"x":22,"y":813,"page":0},{"id":91,"index":952,"char":"[","width":15,"height":40,"xoffset":8,"yoffset":13,"xadvance":25,"chnl":15,"x":25,"y":771,"page":0},{"id":93,"index":953,"char":"]","width":15,"height":40,"xoffset":2,"yoffset":13,"xadvance":25,"chnl":15,"x":28,"y":728,"page":0},{"id":123,"index":954,"char":"{","width":20,"height":40,"xoffset":4,"yoffset":13,"xadvance":25,"chnl":15,"x":41,"y":769,"page":0},{"id":125,"index":955,"char":"}","width":20,"height":40,"xoffset":2,"yoffset":13,"xadvance":25,"chnl":15,"x":44,"y":728,"page":0},{"id":192,"index":54,"char":"À","width":25,"height":40,"xoffset":0,"yoffset":7,"xadvance":25,"chnl":15,"x":49,"y":680,"page":0},{"id":193,"index":55,"char":"Á","width":25,"height":40,"xoffset":0,"yoffset":7,"xadvance":25,"chnl":15,"x":69,"y":632,"page":0},{"id":197,"index":61,"char":"Å","width":25,"height":40,"xoffset":0,"yoffset":7,"xadvance":25,"chnl":15,"x":85,"y":590,"page":0},{"id":200,"index":93,"char":"È","width":21,"height":40,"xoffset":4,"yoffset":7,"xadvance":25,"chnl":15,"x":95,"y":548,"page":0},{"id":201,"index":94,"char":"É","width":21,"height":40,"xoffset":4,"yoffset":7,"xadvance":25,"chnl":15,"x":113,"y":492,"page":0},{"id":204,"index":126,"char":"Ì","width":20,"height":40,"xoffset":3,"yoffset":7,"xadvance":25,"chnl":15,"x":115,"y":450,"page":0},{"id":205,"index":127,"char":"Í","width":20,"height":40,"xoffset":3,"yoffset":7,"xadvance":25,"chnl":15,"x":116,"y":398,"page":0},{"id":210,"index":161,"char":"Ò","width":24,"height":40,"xoffset":0,"yoffset":7,"xadvance":25,"chnl":15,"x":119,"y":354,"page":0},{"id":211,"index":162,"char":"Ó","width":24,"height":40,"xoffset":0,"yoffset":7,"xadvance":25,"chnl":15,"x":126,"y":305,"page":0},{"id":212,"index":163,"char":"Ô","width":24,"height":40,"xoffset":0,"yoffset":8,"xadvance":25,"chnl":15,"x":142,"y":217,"page":0},{"id":217,"index":210,"char":"Ù","width":21,"height":40,"xoffset":2,"yoffset":7,"xadvance":25,"chnl":15,"x":150,"y":171,"page":0},{"id":218,"index":211,"char":"Ú","width":21,"height":40,"xoffset":2,"yoffset":7,"xadvance":25,"chnl":15,"x":168,"y":128,"page":0},{"id":219,"index":212,"char":"Û","width":21,"height":40,"xoffset":2,"yoffset":8,"xadvance":25,"chnl":15,"x":174,"y":85,"page":0},{"id":221,"index":239,"char":"Ý","width":24,"height":40,"xoffset":0,"yoffset":7,"xadvance":25,"chnl":15,"x":189,"y":42,"page":0},{"id":262,"index":83,"char":"Ć","width":24,"height":40,"xoffset":1,"yoffset":7,"xadvance":25,"chnl":15,"x":196,"y":0,"page":0},{"id":264,"index":84,"char":"Ĉ","width":24,"height":40,"xoffset":1,"yoffset":8,"xadvance":25,"chnl":15,"x":142,"y":258,"page":0},{"id":268,"index":85,"char":"Č","width":24,"height":40,"xoffset":1,"yoffset":8,"xadvance":25,"chnl":15,"x":0,"y":897,"page":0},{"id":284,"index":112,"char":"Ĝ","width":23,"height":40,"xoffset":1,"yoffset":8,"xadvance":25,"chnl":15,"x":0,"y":938,"page":0},{"id":286,"index":113,"char":"Ğ","width":23,"height":40,"xoffset":1,"yoffset":8,"xadvance":25,"chnl":15,"x":0,"y":979,"page":0},{"id":308,"index":138,"char":"Ĵ","width":20,"height":40,"xoffset":2,"yoffset":8,"xadvance":25,"chnl":15,"x":24,"y":938,"page":0},{"id":313,"index":142,"char":"Ĺ","width":20,"height":40,"xoffset":4,"yoffset":7,"xadvance":25,"chnl":15,"x":25,"y":897,"page":0},{"id":323,"index":153,"char":"Ń","width":21,"height":40,"xoffset":2,"yoffset":7,"xadvance":25,"chnl":15,"x":27,"y":854,"page":0},{"id":334,"index":168,"char":"Ŏ","width":24,"height":40,"xoffset":0,"yoffset":8,"xadvance":25,"chnl":15,"x":44,"y":810,"page":0},{"id":340,"index":188,"char":"Ŕ","width":21,"height":40,"xoffset":3,"yoffset":7,"xadvance":25,"chnl":15,"x":62,"y":769,"page":0},{"id":346,"index":195,"char":"Ś","width":23,"height":40,"xoffset":1,"yoffset":7,"xadvance":25,"chnl":15,"x":24,"y":979,"page":0},{"id":348,"index":196,"char":"Ŝ","width":23,"height":40,"xoffset":1,"yoffset":8,"xadvance":25,"chnl":15,"x":45,"y":938,"page":0},{"id":352,"index":197,"char":"Š","width":23,"height":40,"xoffset":1,"yoffset":8,"xadvance":25,"chnl":15,"x":46,"y":895,"page":0},{"id":355,"index":412,"char":"ţ","width":23,"height":40,"xoffset":2,"yoffset":16,"xadvance":25,"chnl":15,"x":49,"y":851,"page":0},{"id":364,"index":216,"char":"Ŭ","width":21,"height":40,"xoffset":2,"yoffset":8,"xadvance":25,"chnl":15,"x":69,"y":810,"page":0},{"id":377,"index":246,"char":"Ź","width":23,"height":40,"xoffset":1,"yoffset":7,"xadvance":25,"chnl":15,"x":48,"y":979,"page":0},{"id":465,"index":169,"char":"Ǒ","width":24,"height":40,"xoffset":0,"yoffset":8,"xadvance":25,"chnl":15,"x":69,"y":936,"page":0},{"id":467,"index":219,"char":"Ǔ","width":21,"height":40,"xoffset":2,"yoffset":8,"xadvance":25,"chnl":15,"x":70,"y":892,"page":0},{"id":486,"index":116,"char":"Ǧ","width":23,"height":40,"xoffset":1,"yoffset":8,"xadvance":25,"chnl":15,"x":73,"y":851,"page":0},{"id":508,"index":78,"char":"Ǽ","width":29,"height":40,"xoffset":-2,"yoffset":7,"xadvance":25,"chnl":15,"x":92,"y":892,"page":0},{"id":510,"index":186,"char":"Ǿ","width":24,"height":40,"xoffset":0,"yoffset":7,"xadvance":25,"chnl":15,"x":65,"y":721,"page":0},{"id":539,"index":413,"char":"ț","width":23,"height":40,"xoffset":2,"yoffset":16,"xadvance":25,"chnl":15,"x":72,"y":977,"page":0},{"id":7692,"index":88,"char":"Ḍ","width":23,"height":40,"xoffset":2,"yoffset":15,"xadvance":25,"chnl":15,"x":94,"y":933,"page":0},{"id":7716,"index":122,"char":"Ḥ","width":21,"height":40,"xoffset":2,"yoffset":15,"xadvance":25,"chnl":15,"x":75,"y":673,"page":0},{"id":7734,"index":145,"char":"Ḷ","width":20,"height":40,"xoffset":5,"yoffset":15,"xadvance":25,"chnl":15,"x":95,"y":631,"page":0},{"id":7746,"index":152,"char":"Ṃ","width":22,"height":40,"xoffset":2,"yoffset":15,"xadvance":25,"chnl":15,"x":111,"y":589,"page":0},{"id":7750,"index":159,"char":"Ṇ","width":21,"height":40,"xoffset":2,"yoffset":15,"xadvance":25,"chnl":15,"x":84,"y":762,"page":0},{"id":7770,"index":192,"char":"Ṛ","width":21,"height":40,"xoffset":3,"yoffset":15,"xadvance":25,"chnl":15,"x":91,"y":803,"page":0},{"id":7778,"index":202,"char":"Ṣ","width":23,"height":40,"xoffset":1,"yoffset":15,"xadvance":25,"chnl":15,"x":90,"y":714,"page":0},{"id":7788,"index":207,"char":"Ṭ","width":25,"height":40,"xoffset":0,"yoffset":15,"xadvance":25,"chnl":15,"x":97,"y":672,"page":0},{"id":7808,"index":234,"char":"Ẁ","width":28,"height":40,"xoffset":-1,"yoffset":7,"xadvance":25,"chnl":15,"x":116,"y":630,"page":0},{"id":7810,"index":235,"char":"Ẃ","width":28,"height":40,"xoffset":-1,"yoffset":7,"xadvance":25,"chnl":15,"x":97,"y":844,"page":0},{"id":7826,"index":250,"char":"Ẓ","width":23,"height":40,"xoffset":1,"yoffset":15,"xadvance":25,"chnl":15,"x":106,"y":755,"page":0},{"id":7840,"index":65,"char":"Ạ","width":25,"height":40,"xoffset":0,"yoffset":15,"xadvance":25,"chnl":15,"x":114,"y":713,"page":0},{"id":7842,"index":66,"char":"Ả","width":25,"height":40,"xoffset":0,"yoffset":7,"xadvance":25,"chnl":15,"x":123,"y":671,"page":0},{"id":7864,"index":102,"char":"Ẹ","width":21,"height":40,"xoffset":4,"yoffset":15,"xadvance":25,"chnl":15,"x":113,"y":796,"page":0},{"id":7866,"index":103,"char":"Ẻ","width":21,"height":40,"xoffset":4,"yoffset":7,"xadvance":25,"chnl":15,"x":130,"y":754,"page":0},{"id":7880,"index":135,"char":"Ỉ","width":20,"height":40,"xoffset":3,"yoffset":7,"xadvance":25,"chnl":15,"x":140,"y":712,"page":0},{"id":7882,"index":136,"char":"Ị","width":20,"height":40,"xoffset":3,"yoffset":15,"xadvance":25,"chnl":15,"x":96,"y":974,"page":0},{"id":7884,"index":171,"char":"Ọ","width":24,"height":40,"xoffset":0,"yoffset":15,"xadvance":25,"chnl":15,"x":117,"y":974,"page":0},{"id":7898,"index":179,"char":"Ớ","width":24,"height":40,"xoffset":0,"yoffset":7,"xadvance":25,"chnl":15,"x":118,"y":933,"page":0},{"id":7900,"index":180,"char":"Ờ","width":24,"height":40,"xoffset":0,"yoffset":7,"xadvance":25,"chnl":15,"x":122,"y":885,"page":0},{"id":7908,"index":225,"char":"Ụ","width":21,"height":40,"xoffset":2,"yoffset":15,"xadvance":25,"chnl":15,"x":126,"y":837,"page":0},{"id":7912,"index":228,"char":"Ứ","width":26,"height":40,"xoffset":2,"yoffset":7,"xadvance":25,"chnl":15,"x":135,"y":795,"page":0},{"id":7914,"index":229,"char":"Ừ","width":26,"height":40,"xoffset":2,"yoffset":7,"xadvance":25,"chnl":15,"x":152,"y":753,"page":0},{"id":7922,"index":238,"char":"Ỳ","width":24,"height":40,"xoffset":0,"yoffset":7,"xadvance":25,"chnl":15,"x":142,"y":974,"page":0},{"id":7924,"index":243,"char":"Ỵ","width":24,"height":40,"xoffset":0,"yoffset":15,"xadvance":25,"chnl":15,"x":143,"y":926,"page":0},{"id":7926,"index":244,"char":"Ỷ","width":24,"height":40,"xoffset":0,"yoffset":7,"xadvance":25,"chnl":15,"x":147,"y":878,"page":0},{"id":8353,"index":1101,"char":"₡","width":22,"height":40,"xoffset":3,"yoffset":11,"xadvance":25,"chnl":15,"x":148,"y":836,"page":0},{"id":8370,"index":1108,"char":"₲","width":22,"height":40,"xoffset":2,"yoffset":11,"xadvance":25,"chnl":15,"x":162,"y":794,"page":0},{"id":8373,"index":1110,"char":"₵","width":22,"height":40,"xoffset":3,"yoffset":11,"xadvance":25,"chnl":15,"x":171,"y":835,"page":0},{"id":81,"index":18,"char":"Q","width":24,"height":39,"xoffset":0,"yoffset":15,"xadvance":25,"chnl":15,"x":117,"y":533,"page":0},{"id":194,"index":56,"char":"Â","width":25,"height":39,"xoffset":0,"yoffset":8,"xadvance":25,"chnl":15,"x":135,"y":491,"page":0},{"id":195,"index":57,"char":"Ã","width":25,"height":39,"xoffset":0,"yoffset":8,"xadvance":25,"chnl":15,"x":136,"y":439,"page":0},{"id":202,"index":95,"char":"Ê","width":21,"height":39,"xoffset":4,"yoffset":8,"xadvance":25,"chnl":15,"x":137,"y":395,"page":0},{"id":206,"index":128,"char":"Î","width":20,"height":39,"xoffset":3,"yoffset":8,"xadvance":25,"chnl":15,"x":144,"y":346,"page":0},{"id":209,"index":156,"char":"Ñ","width":21,"height":39,"xoffset":2,"yoffset":8,"xadvance":25,"chnl":15,"x":151,"y":299,"page":0},{"id":213,"index":164,"char":"Õ","width":24,"height":39,"xoffset":0,"yoffset":8,"xadvance":25,"chnl":15,"x":159,"y":386,"page":0},{"id":258,"index":60,"char":"Ă","width":25,"height":39,"xoffset":0,"yoffset":8,"xadvance":25,"chnl":15,"x":165,"y":339,"page":0},{"id":270,"index":87,"char":"Ď","width":23,"height":39,"xoffset":2,"yoffset":8,"xadvance":25,"chnl":15,"x":134,"y":573,"page":0},{"id":271,"index":292,"char":"ď","width":27,"height":39,"xoffset":1,"yoffset":9,"xadvance":25,"chnl":15,"x":142,"y":531,"page":0},{"id":276,"index":99,"char":"Ĕ","width":21,"height":39,"xoffset":4,"yoffset":8,"xadvance":25,"chnl":15,"x":161,"y":479,"page":0},{"id":282,"index":96,"char":"Ě","width":21,"height":39,"xoffset":4,"yoffset":8,"xadvance":25,"chnl":15,"x":162,"y":426,"page":0},{"id":292,"index":120,"char":"Ĥ","width":21,"height":39,"xoffset":2,"yoffset":8,"xadvance":25,"chnl":15,"x":167,"y":967,"page":0},{"id":296,"index":129,"char":"Ĩ","width":20,"height":39,"xoffset":3,"yoffset":8,"xadvance":25,"chnl":15,"x":168,"y":919,"page":0},{"id":300,"index":137,"char":"Ĭ","width":20,"height":39,"xoffset":3,"yoffset":8,"xadvance":25,"chnl":15,"x":172,"y":876,"page":0},{"id":318,"index":348,"char":"ľ","width":22,"height":39,"xoffset":2,"yoffset":9,"xadvance":25,"chnl":15,"x":145,"y":613,"page":0},{"id":327,"index":155,"char":"Ň","width":21,"height":39,"xoffset":2,"yoffset":8,"xadvance":25,"chnl":15,"x":158,"y":571,"page":0},{"id":344,"index":189,"char":"Ř","width":21,"height":39,"xoffset":3,"yoffset":8,"xadvance":25,"chnl":15,"x":170,"y":519,"page":0},{"id":356,"index":204,"char":"Ť","width":25,"height":39,"xoffset":0,"yoffset":8,"xadvance":25,"chnl":15,"x":183,"y":466,"page":0},{"id":357,"index":411,"char":"ť","width":23,"height":39,"xoffset":2,"yoffset":9,"xadvance":25,"chnl":15,"x":149,"y":653,"page":0},{"id":360,"index":213,"char":"Ũ","width":21,"height":39,"xoffset":2,"yoffset":8,"xadvance":25,"chnl":15,"x":168,"y":611,"page":0},{"id":372,"index":236,"char":"Ŵ","width":28,"height":39,"xoffset":-1,"yoffset":8,"xadvance":25,"chnl":15,"x":180,"y":559,"page":0},{"id":374,"index":240,"char":"Ŷ","width":24,"height":39,"xoffset":0,"yoffset":8,"xadvance":25,"chnl":15,"x":192,"y":506,"page":0},{"id":381,"index":247,"char":"Ž","width":23,"height":39,"xoffset":1,"yoffset":8,"xadvance":25,"chnl":15,"x":161,"y":693,"page":0},{"id":431,"index":227,"char":"Ư","width":26,"height":39,"xoffset":2,"yoffset":9,"xadvance":25,"chnl":15,"x":173,"y":651,"page":0},{"id":461,"index":63,"char":"Ǎ","width":25,"height":39,"xoffset":0,"yoffset":8,"xadvance":25,"chnl":15,"x":190,"y":599,"page":0},{"id":463,"index":133,"char":"Ǐ","width":20,"height":39,"xoffset":3,"yoffset":8,"xadvance":25,"chnl":15,"x":209,"y":546,"page":0},{"id":472,"index":430,"char":"ǘ","width":21,"height":39,"xoffset":2,"yoffset":9,"xadvance":25,"chnl":15,"x":179,"y":733,"page":0},{"id":474,"index":431,"char":"ǚ","width":21,"height":39,"xoffset":2,"yoffset":9,"xadvance":25,"chnl":15,"x":185,"y":691,"page":0},{"id":476,"index":432,"char":"ǜ","width":21,"height":39,"xoffset":2,"yoffset":9,"xadvance":25,"chnl":15,"x":200,"y":639,"page":0},{"id":507,"index":267,"char":"ǻ","width":21,"height":39,"xoffset":2,"yoffset":9,"xadvance":25,"chnl":15,"x":216,"y":586,"page":0},{"id":7703,"index":314,"char":"ḗ","width":23,"height":39,"xoffset":1,"yoffset":9,"xadvance":25,"chnl":15,"x":185,"y":773,"page":0},{"id":7763,"index":384,"char":"ṓ","width":23,"height":39,"xoffset":1,"yoffset":9,"xadvance":25,"chnl":15,"x":201,"y":731,"page":0},{"id":7789,"index":414,"char":"ṭ","width":23,"height":39,"xoffset":2,"yoffset":16,"xadvance":25,"chnl":15,"x":207,"y":679,"page":0},{"id":7859,"index":279,"char":"ẳ","width":21,"height":39,"xoffset":2,"yoffset":9,"xadvance":25,"chnl":15,"x":222,"y":626,"page":0},{"id":7868,"index":104,"char":"Ẽ","width":21,"height":39,"xoffset":4,"yoffset":8,"xadvance":25,"chnl":15,"x":167,"y":212,"page":0},{"id":7904,"index":182,"char":"Ỡ","width":24,"height":39,"xoffset":0,"yoffset":8,"xadvance":25,"chnl":15,"x":172,"y":169,"page":0},{"id":7907,"index":390,"char":"ợ","width":23,"height":39,"xoffset":1,"yoffset":16,"xadvance":25,"chnl":15,"x":190,"y":126,"page":0},{"id":7918,"index":231,"char":"Ữ","width":26,"height":39,"xoffset":2,"yoffset":8,"xadvance":25,"chnl":15,"x":196,"y":83,"page":0},{"id":7921,"index":440,"char":"ự","width":24,"height":39,"xoffset":2,"yoffset":16,"xadvance":25,"chnl":15,"x":214,"y":41,"page":0},{"id":7928,"index":245,"char":"Ỹ","width":24,"height":39,"xoffset":0,"yoffset":8,"xadvance":25,"chnl":15,"x":221,"y":0,"page":0},{"id":214,"index":165,"char":"Ö","width":24,"height":38,"xoffset":0,"yoffset":10,"xadvance":25,"chnl":15,"x":167,"y":252,"page":0},{"id":220,"index":214,"char":"Ü","width":21,"height":38,"xoffset":2,"yoffset":10,"xadvance":25,"chnl":15,"x":189,"y":209,"page":0},{"id":266,"index":86,"char":"Ċ","width":24,"height":38,"xoffset":1,"yoffset":10,"xadvance":25,"chnl":15,"x":197,"y":166,"page":0},{"id":288,"index":114,"char":"Ġ","width":23,"height":38,"xoffset":1,"yoffset":10,"xadvance":25,"chnl":15,"x":214,"y":123,"page":0},{"id":416,"index":178,"char":"Ơ","width":24,"height":38,"xoffset":0,"yoffset":9,"xadvance":25,"chnl":15,"x":223,"y":81,"page":0},{"id":7694,"index":89,"char":"Ḏ","width":23,"height":38,"xoffset":2,"yoffset":15,"xadvance":25,"chnl":15,"x":239,"y":40,"page":0},{"id":7738,"index":147,"char":"Ḻ","width":20,"height":38,"xoffset":5,"yoffset":15,"xadvance":25,"chnl":15,"x":246,"y":0,"page":0},{"id":7752,"index":160,"char":"Ṉ","width":21,"height":38,"xoffset":2,"yoffset":15,"xadvance":25,"chnl":15,"x":173,"y":291,"page":0},{"id":7774,"index":194,"char":"Ṟ","width":21,"height":38,"xoffset":3,"yoffset":15,"xadvance":25,"chnl":15,"x":192,"y":248,"page":0},{"id":7776,"index":201,"char":"Ṡ","width":23,"height":38,"xoffset":1,"yoffset":10,"xadvance":25,"chnl":15,"x":211,"y":205,"page":0},{"id":7790,"index":208,"char":"Ṯ","width":25,"height":38,"xoffset":0,"yoffset":15,"xadvance":25,"chnl":15,"x":222,"y":162,"page":0},{"id":7831,"index":416,"char":"ẗ","width":23,"height":38,"xoffset":2,"yoffset":9,"xadvance":25,"chnl":15,"x":238,"y":120,"page":0},{"id":7855,"index":277,"char":"ắ","width":21,"height":38,"xoffset":2,"yoffset":10,"xadvance":25,"chnl":15,"x":248,"y":79,"page":0},{"id":7857,"index":278,"char":"ằ","width":21,"height":38,"xoffset":2,"yoffset":10,"xadvance":25,"chnl":15,"x":263,"y":39,"page":0},{"id":196,"index":58,"char":"Ä","width":25,"height":37,"xoffset":0,"yoffset":10,"xadvance":25,"chnl":15,"x":267,"y":0,"page":0},{"id":203,"index":97,"char":"Ë","width":21,"height":37,"xoffset":4,"yoffset":10,"xadvance":25,"chnl":15,"x":184,"y":379,"page":0},{"id":207,"index":130,"char":"Ï","width":20,"height":37,"xoffset":3,"yoffset":10,"xadvance":25,"chnl":15,"x":184,"y":417,"page":0},{"id":256,"index":59,"char":"Ā","width":25,"height":37,"xoffset":0,"yoffset":10,"xadvance":25,"chnl":15,"x":191,"y":330,"page":0},{"id":274,"index":98,"char":"Ē","width":21,"height":37,"xoffset":4,"yoffset":10,"xadvance":25,"chnl":15,"x":195,"y":287,"page":0},{"id":278,"index":100,"char":"Ė","width":21,"height":37,"xoffset":4,"yoffset":10,"xadvance":25,"chnl":15,"x":214,"y":244,"page":0},{"id":298,"index":131,"char":"Ī","width":20,"height":37,"xoffset":3,"yoffset":10,"xadvance":25,"chnl":15,"x":235,"y":201,"page":0},{"id":304,"index":132,"char":"İ","width":20,"height":37,"xoffset":3,"yoffset":10,"xadvance":25,"chnl":15,"x":248,"y":159,"page":0},{"id":317,"index":143,"char":"Ľ","width":20,"height":37,"xoffset":5,"yoffset":10,"xadvance":25,"chnl":15,"x":262,"y":118,"page":0},{"id":332,"index":166,"char":"Ō","width":24,"height":37,"xoffset":0,"yoffset":10,"xadvance":25,"chnl":15,"x":270,"y":78,"page":0},{"id":362,"index":215,"char":"Ū","width":21,"height":37,"xoffset":2,"yoffset":10,"xadvance":25,"chnl":15,"x":285,"y":38,"page":0},{"id":376,"index":241,"char":"Ÿ","width":24,"height":37,"xoffset":0,"yoffset":10,"xadvance":25,"chnl":15,"x":293,"y":0,"page":0},{"id":379,"index":248,"char":"Ż","width":23,"height":37,"xoffset":1,"yoffset":10,"xadvance":25,"chnl":15,"x":205,"y":417,"page":0},{"id":470,"index":429,"char":"ǖ","width":21,"height":37,"xoffset":2,"yoffset":10,"xadvance":25,"chnl":15,"x":206,"y":368,"page":0},{"id":7712,"index":117,"char":"Ḡ","width":23,"height":37,"xoffset":1,"yoffset":10,"xadvance":25,"chnl":15,"x":209,"y":455,"page":0},{"id":7748,"index":158,"char":"Ṅ","width":21,"height":37,"xoffset":2,"yoffset":10,"xadvance":25,"chnl":15,"x":217,"y":493,"page":0},{"id":7783,"index":404,"char":"ṧ","width":22,"height":37,"xoffset":2,"yoffset":10,"xadvance":25,"chnl":15,"x":230,"y":531,"page":0},{"id":7791,"index":415,"char":"ṯ","width":23,"height":37,"xoffset":2,"yoffset":16,"xadvance":25,"chnl":15,"x":238,"y":569,"page":0},{"id":7812,"index":237,"char":"Ẅ","width":28,"height":37,"xoffset":-1,"yoffset":10,"xadvance":25,"chnl":15,"x":217,"y":282,"page":0},{"id":7822,"index":242,"char":"Ẏ","width":24,"height":37,"xoffset":0,"yoffset":10,"xadvance":25,"chnl":15,"x":236,"y":239,"page":0},{"id":7845,"index":272,"char":"ấ","width":22,"height":37,"xoffset":2,"yoffset":11,"xadvance":25,"chnl":15,"x":256,"y":197,"page":0},{"id":7847,"index":273,"char":"ầ","width":21,"height":37,"xoffset":2,"yoffset":11,"xadvance":25,"chnl":15,"x":269,"y":156,"page":0},{"id":7849,"index":274,"char":"ẩ","width":21,"height":37,"xoffset":2,"yoffset":11,"xadvance":25,"chnl":15,"x":283,"y":116,"page":0},{"id":7851,"index":275,"char":"ẫ","width":21,"height":37,"xoffset":2,"yoffset":10,"xadvance":25,"chnl":15,"x":295,"y":76,"page":0},{"id":7861,"index":280,"char":"ẵ","width":21,"height":37,"xoffset":2,"yoffset":10,"xadvance":25,"chnl":15,"x":307,"y":38,"page":0},{"id":7871,"index":309,"char":"ế","width":23,"height":37,"xoffset":1,"yoffset":11,"xadvance":25,"chnl":15,"x":318,"y":0,"page":0},{"id":7873,"index":310,"char":"ề","width":23,"height":37,"xoffset":1,"yoffset":11,"xadvance":25,"chnl":15,"x":217,"y":320,"page":0},{"id":7875,"index":311,"char":"ể","width":23,"height":37,"xoffset":1,"yoffset":11,"xadvance":25,"chnl":15,"x":228,"y":358,"page":0},{"id":7877,"index":312,"char":"ễ","width":23,"height":37,"xoffset":1,"yoffset":10,"xadvance":25,"chnl":15,"x":241,"y":320,"page":0},{"id":7889,"index":378,"char":"ố","width":23,"height":37,"xoffset":1,"yoffset":11,"xadvance":25,"chnl":15,"x":246,"y":277,"page":0},{"id":7891,"index":379,"char":"ồ","width":23,"height":37,"xoffset":1,"yoffset":11,"xadvance":25,"chnl":15,"x":261,"y":235,"page":0},{"id":7893,"index":380,"char":"ổ","width":23,"height":37,"xoffset":1,"yoffset":11,"xadvance":25,"chnl":15,"x":279,"y":194,"page":0},{"id":7895,"index":381,"char":"ỗ","width":23,"height":37,"xoffset":1,"yoffset":10,"xadvance":25,"chnl":15,"x":291,"y":154,"page":0},{"id":8224,"index":961,"char":"†","width":16,"height":37,"xoffset":5,"yoffset":13,"xadvance":25,"chnl":15,"x":305,"y":114,"page":0},{"id":8225,"index":962,"char":"‡","width":16,"height":37,"xoffset":5,"yoffset":13,"xadvance":25,"chnl":15,"x":317,"y":76,"page":0},{"id":64,"index":987,"char":"@","width":24,"height":36,"xoffset":1,"yoffset":17,"xadvance":25,"chnl":15,"x":329,"y":38,"page":0},{"id":224,"index":259,"char":"à","width":21,"height":36,"xoffset":2,"yoffset":12,"xadvance":25,"chnl":15,"x":342,"y":0,"page":0},{"id":225,"index":260,"char":"á","width":21,"height":36,"xoffset":2,"yoffset":12,"xadvance":25,"chnl":15,"x":229,"y":396,"page":0},{"id":229,"index":266,"char":"å","width":21,"height":36,"xoffset":2,"yoffset":11,"xadvance":25,"chnl":15,"x":233,"y":433,"page":0},{"id":232,"index":297,"char":"è","width":23,"height":36,"xoffset":1,"yoffset":12,"xadvance":25,"chnl":15,"x":251,"y":396,"page":0},{"id":233,"index":298,"char":"é","width":23,"height":36,"xoffset":1,"yoffset":12,"xadvance":25,"chnl":15,"x":252,"y":358,"page":0},{"id":242,"index":367,"char":"ò","width":23,"height":36,"xoffset":1,"yoffset":12,"xadvance":25,"chnl":15,"x":265,"y":315,"page":0},{"id":243,"index":368,"char":"ó","width":23,"height":36,"xoffset":1,"yoffset":12,"xadvance":25,"chnl":15,"x":270,"y":273,"page":0},{"id":249,"index":418,"char":"ù","width":21,"height":36,"xoffset":2,"yoffset":12,"xadvance":25,"chnl":15,"x":285,"y":232,"page":0},{"id":250,"index":419,"char":"ú","width":21,"height":36,"xoffset":2,"yoffset":12,"xadvance":25,"chnl":15,"x":303,"y":192,"page":0},{"id":263,"index":288,"char":"ć","width":23,"height":36,"xoffset":2,"yoffset":12,"xadvance":25,"chnl":15,"x":315,"y":152,"page":0},{"id":337,"index":373,"char":"ő","width":23,"height":36,"xoffset":1,"yoffset":12,"xadvance":25,"chnl":15,"x":322,"y":114,"page":0},{"id":347,"index":401,"char":"ś","width":22,"height":36,"xoffset":2,"yoffset":12,"xadvance":25,"chnl":15,"x":334,"y":75,"page":0},{"id":367,"index":425,"char":"ů","width":21,"height":36,"xoffset":2,"yoffset":11,"xadvance":25,"chnl":15,"x":354,"y":37,"page":0},{"id":369,"index":426,"char":"ű","width":21,"height":36,"xoffset":2,"yoffset":12,"xadvance":25,"chnl":15,"x":364,"y":0,"page":0},{"id":402,"index":1100,"char":"ƒ","width":24,"height":36,"xoffset":0,"yoffset":15,"xadvance":25,"chnl":15,"x":239,"y":470,"page":0},{"id":509,"index":283,"char":"ǽ","width":28,"height":36,"xoffset":-1,"yoffset":12,"xadvance":25,"chnl":15,"x":255,"y":433,"page":0},{"id":511,"index":392,"char":"ǿ","width":23,"height":36,"xoffset":1,"yoffset":12,"xadvance":25,"chnl":15,"x":275,"y":395,"page":0},{"id":7899,"index":386,"char":"ớ","width":23,"height":36,"xoffset":1,"yoffset":12,"xadvance":25,"chnl":15,"x":276,"y":352,"page":0},{"id":7901,"index":387,"char":"ờ","width":23,"height":36,"xoffset":1,"yoffset":12,"xadvance":25,"chnl":15,"x":289,"y":310,"page":0},{"id":7913,"index":436,"char":"ứ","width":24,"height":36,"xoffset":2,"yoffset":12,"xadvance":25,"chnl":15,"x":294,"y":269,"page":0},{"id":7915,"index":437,"char":"ừ","width":24,"height":36,"xoffset":2,"yoffset":12,"xadvance":25,"chnl":15,"x":307,"y":229,"page":0},{"id":8719,"index":1178,"char":"∏","width":23,"height":36,"xoffset":1,"yoffset":16,"xadvance":25,"chnl":15,"x":325,"y":189,"page":0},{"id":8721,"index":1177,"char":"∑","width":23,"height":36,"xoffset":1,"yoffset":16,"xadvance":25,"chnl":15,"x":339,"y":151,"page":0},{"id":98,"index":29,"char":"b","width":22,"height":35,"xoffset":3,"yoffset":13,"xadvance":25,"chnl":15,"x":346,"y":112,"page":0},{"id":100,"index":31,"char":"d","width":22,"height":35,"xoffset":1,"yoffset":13,"xadvance":25,"chnl":15,"x":357,"y":74,"page":0},{"id":102,"index":33,"char":"f","width":23,"height":35,"xoffset":3,"yoffset":12,"xadvance":25,"chnl":15,"x":376,"y":37,"page":0},{"id":108,"index":39,"char":"l","width":22,"height":35,"xoffset":2,"yoffset":13,"xadvance":25,"chnl":15,"x":386,"y":0,"page":0},{"id":167,"index":963,"char":"§","width":20,"height":35,"xoffset":2,"yoffset":14,"xadvance":25,"chnl":15,"x":253,"y":507,"page":0},{"id":182,"index":964,"char":"¶","width":19,"height":35,"xoffset":2,"yoffset":15,"xadvance":25,"chnl":15,"x":264,"y":470,"page":0},{"id":223,"index":409,"char":"ß","width":23,"height":35,"xoffset":3,"yoffset":12,"xadvance":25,"chnl":15,"x":189,"y":916,"page":0},{"id":226,"index":261,"char":"â","width":21,"height":35,"xoffset":2,"yoffset":12,"xadvance":25,"chnl":15,"x":193,"y":876,"page":0},{"id":234,"index":299,"char":"ê","width":23,"height":35,"xoffset":1,"yoffset":12,"xadvance":25,"chnl":15,"x":194,"y":813,"page":0},{"id":236,"index":330,"char":"ì","width":17,"height":35,"xoffset":2,"yoffset":12,"xadvance":25,"chnl":15,"x":209,"y":771,"page":0},{"id":237,"index":331,"char":"í","width":19,"height":35,"xoffset":2,"yoffset":12,"xadvance":25,"chnl":15,"x":225,"y":719,"page":0},{"id":238,"index":332,"char":"î","width":20,"height":35,"xoffset":2,"yoffset":12,"xadvance":25,"chnl":15,"x":231,"y":666,"page":0},{"id":240,"index":460,"char":"ð","width":23,"height":35,"xoffset":1,"yoffset":13,"xadvance":25,"chnl":15,"x":244,"y":607,"page":0},{"id":244,"index":369,"char":"ô","width":23,"height":35,"xoffset":1,"yoffset":12,"xadvance":25,"chnl":15,"x":262,"y":543,"page":0},{"id":251,"index":420,"char":"û","width":21,"height":35,"xoffset":2,"yoffset":12,"xadvance":25,"chnl":15,"x":274,"y":506,"page":0},{"id":259,"index":265,"char":"ă","width":21,"height":35,"xoffset":2,"yoffset":13,"xadvance":25,"chnl":15,"x":189,"y":952,"page":0},{"id":265,"index":289,"char":"ĉ","width":23,"height":35,"xoffset":2,"yoffset":12,"xadvance":25,"chnl":15,"x":189,"y":988,"page":0},{"id":269,"index":290,"char":"č","width":23,"height":35,"xoffset":2,"yoffset":12,"xadvance":25,"chnl":15,"x":211,"y":952,"page":0},{"id":273,"index":296,"char":"đ","width":25,"height":35,"xoffset":1,"yoffset":13,"xadvance":25,"chnl":15,"x":213,"y":988,"page":0},{"id":277,"index":303,"char":"ĕ","width":23,"height":35,"xoffset":1,"yoffset":13,"xadvance":25,"chnl":15,"x":213,"y":912,"page":0},{"id":283,"index":300,"char":"ě","width":23,"height":35,"xoffset":1,"yoffset":12,"xadvance":25,"chnl":15,"x":235,"y":948,"page":0},{"id":320,"index":354,"char":"ŀ","width":27,"height":35,"xoffset":1,"yoffset":13,"xadvance":25,"chnl":15,"x":239,"y":984,"page":0},{"id":322,"index":353,"char":"ł","width":22,"height":35,"xoffset":2,"yoffset":13,"xadvance":25,"chnl":15,"x":215,"y":849,"page":0},{"id":324,"index":358,"char":"ń","width":21,"height":35,"xoffset":3,"yoffset":12,"xadvance":25,"chnl":15,"x":218,"y":807,"page":0},{"id":328,"index":360,"char":"ň","width":21,"height":35,"xoffset":3,"yoffset":12,"xadvance":25,"chnl":15,"x":227,"y":755,"page":0},{"id":335,"index":383,"char":"ŏ","width":23,"height":35,"xoffset":1,"yoffset":13,"xadvance":25,"chnl":15,"x":245,"y":702,"page":0},{"id":341,"index":394,"char":"ŕ","width":19,"height":35,"xoffset":5,"yoffset":12,"xadvance":25,"chnl":15,"x":252,"y":643,"page":0},{"id":345,"index":396,"char":"ř","width":19,"height":35,"xoffset":5,"yoffset":12,"xadvance":25,"chnl":15,"x":237,"y":885,"page":0},{"id":349,"index":402,"char":"ŝ","width":22,"height":35,"xoffset":2,"yoffset":12,"xadvance":25,"chnl":15,"x":238,"y":843,"page":0},{"id":353,"index":403,"char":"š","width":22,"height":35,"xoffset":2,"yoffset":12,"xadvance":25,"chnl":15,"x":240,"y":791,"page":0},{"id":365,"index":424,"char":"ŭ","width":21,"height":35,"xoffset":2,"yoffset":13,"xadvance":25,"chnl":15,"x":249,"y":738,"page":0},{"id":373,"index":444,"char":"ŵ","width":28,"height":35,"xoffset":-1,"yoffset":12,"xadvance":25,"chnl":15,"x":269,"y":679,"page":0},{"id":378,"index":454,"char":"ź","width":23,"height":35,"xoffset":1,"yoffset":12,"xadvance":25,"chnl":15,"x":268,"y":579,"page":0},{"id":382,"index":455,"char":"ž","width":23,"height":35,"xoffset":1,"yoffset":12,"xadvance":25,"chnl":15,"x":286,"y":542,"page":0},{"id":462,"index":268,"char":"ǎ","width":21,"height":35,"xoffset":2,"yoffset":12,"xadvance":25,"chnl":15,"x":272,"y":615,"page":0},{"id":464,"index":336,"char":"ǐ","width":20,"height":35,"xoffset":2,"yoffset":12,"xadvance":25,"chnl":15,"x":292,"y":578,"page":0},{"id":466,"index":374,"char":"ǒ","width":23,"height":35,"xoffset":1,"yoffset":12,"xadvance":25,"chnl":15,"x":294,"y":614,"page":0},{"id":468,"index":427,"char":"ǔ","width":21,"height":35,"xoffset":2,"yoffset":12,"xadvance":25,"chnl":15,"x":257,"y":879,"page":0},{"id":7809,"index":442,"char":"ẁ","width":28,"height":35,"xoffset":-1,"yoffset":12,"xadvance":25,"chnl":15,"x":261,"y":827,"page":0},{"id":7811,"index":443,"char":"ẃ","width":28,"height":35,"xoffset":-1,"yoffset":12,"xadvance":25,"chnl":15,"x":263,"y":774,"page":0},{"id":7843,"index":271,"char":"ả","width":21,"height":35,"xoffset":2,"yoffset":12,"xadvance":25,"chnl":15,"x":271,"y":715,"page":0},{"id":7867,"index":307,"char":"ẻ","width":23,"height":35,"xoffset":1,"yoffset":12,"xadvance":25,"chnl":15,"x":259,"y":915,"page":0},{"id":7881,"index":338,"char":"ỉ","width":17,"height":35,"xoffset":2,"yoffset":12,"xadvance":25,"chnl":15,"x":279,"y":863,"page":0},{"id":7887,"index":377,"char":"ỏ","width":23,"height":35,"xoffset":1,"yoffset":12,"xadvance":25,"chnl":15,"x":290,"y":810,"page":0},{"id":7903,"index":388,"char":"ở","width":23,"height":35,"xoffset":1,"yoffset":12,"xadvance":25,"chnl":15,"x":292,"y":751,"page":0},{"id":7911,"index":434,"char":"ủ","width":21,"height":35,"xoffset":2,"yoffset":12,"xadvance":25,"chnl":15,"x":293,"y":715,"page":0},{"id":7917,"index":438,"char":"ử","width":24,"height":35,"xoffset":2,"yoffset":12,"xadvance":25,"chnl":15,"x":298,"y":650,"page":0},{"id":103,"index":34,"char":"g","width":24,"height":34,"xoffset":2,"yoffset":22,"xadvance":25,"chnl":15,"x":315,"y":686,"page":0},{"id":104,"index":35,"char":"h","width":21,"height":34,"xoffset":3,"yoffset":13,"xadvance":25,"chnl":15,"x":284,"y":432,"page":0},{"id":107,"index":38,"char":"k","width":22,"height":34,"xoffset":3,"yoffset":13,"xadvance":25,"chnl":15,"x":284,"y":467,"page":0},{"id":112,"index":43,"char":"p","width":22,"height":34,"xoffset":3,"yoffset":22,"xadvance":25,"chnl":15,"x":296,"y":502,"page":0},{"id":113,"index":44,"char":"q","width":22,"height":34,"xoffset":1,"yoffset":22,"xadvance":25,"chnl":15,"x":310,"y":537,"page":0},{"id":227,"index":262,"char":"ã","width":21,"height":34,"xoffset":2,"yoffset":13,"xadvance":25,"chnl":15,"x":313,"y":572,"page":0},{"id":231,"index":287,"char":"ç","width":23,"height":34,"xoffset":2,"yoffset":22,"xadvance":25,"chnl":15,"x":299,"y":389,"page":0},{"id":241,"index":361,"char":"ñ","width":21,"height":34,"xoffset":3,"yoffset":13,"xadvance":25,"chnl":15,"x":300,"y":347,"page":0},{"id":245,"index":370,"char":"õ","width":23,"height":34,"xoffset":1,"yoffset":13,"xadvance":25,"chnl":15,"x":313,"y":306,"page":0},{"id":261,"index":269,"char":"ą","width":23,"height":34,"xoffset":2,"yoffset":22,"xadvance":25,"chnl":15,"x":319,"y":266,"page":0},{"id":281,"index":304,"char":"ę","width":23,"height":34,"xoffset":1,"yoffset":22,"xadvance":25,"chnl":15,"x":332,"y":226,"page":0},{"id":295,"index":329,"char":"ħ","width":24,"height":34,"xoffset":-1,"yoffset":13,"xadvance":25,"chnl":15,"x":349,"y":188,"page":0},{"id":297,"index":333,"char":"ĩ","width":21,"height":34,"xoffset":2,"yoffset":13,"xadvance":25,"chnl":15,"x":363,"y":148,"page":0},{"id":301,"index":340,"char":"ĭ","width":21,"height":34,"xoffset":2,"yoffset":13,"xadvance":25,"chnl":15,"x":369,"y":110,"page":0},{"id":326,"index":362,"char":"ņ","width":21,"height":34,"xoffset":3,"yoffset":22,"xadvance":25,"chnl":15,"x":380,"y":73,"page":0},{"id":343,"index":395,"char":"ŗ","width":21,"height":34,"xoffset":3,"yoffset":22,"xadvance":25,"chnl":15,"x":400,"y":36,"page":0},{"id":351,"index":405,"char":"ş","width":22,"height":34,"xoffset":2,"yoffset":22,"xadvance":25,"chnl":15,"x":409,"y":0,"page":0},{"id":361,"index":421,"char":"ũ","width":21,"height":34,"xoffset":2,"yoffset":13,"xadvance":25,"chnl":15,"x":318,"y":607,"page":0},{"id":491,"index":375,"char":"ǫ","width":23,"height":34,"xoffset":1,"yoffset":22,"xadvance":25,"chnl":15,"x":306,"y":424,"page":0},{"id":537,"index":406,"char":"ș","width":22,"height":34,"xoffset":2,"yoffset":22,"xadvance":25,"chnl":15,"x":307,"y":459,"page":0},{"id":567,"index":463,"char":"ȷ","width":17,"height":34,"xoffset":1,"yoffset":23,"xadvance":25,"chnl":15,"x":319,"y":494,"page":0},{"id":7869,"index":308,"char":"ẽ","width":23,"height":34,"xoffset":1,"yoffset":13,"xadvance":25,"chnl":15,"x":333,"y":529,"page":0},{"id":7905,"index":389,"char":"ỡ","width":23,"height":34,"xoffset":1,"yoffset":13,"xadvance":25,"chnl":15,"x":335,"y":564,"page":0},{"id":7919,"index":439,"char":"ữ","width":24,"height":34,"xoffset":2,"yoffset":13,"xadvance":25,"chnl":15,"x":323,"y":642,"page":0},{"id":33,"index":907,"char":"!","width":8,"height":33,"xoffset":8,"yoffset":15,"xadvance":25,"chnl":15,"x":340,"y":599,"page":0},{"id":38,"index":865,"char":"&","width":26,"height":33,"xoffset":0,"yoffset":15,"xadvance":25,"chnl":15,"x":322,"y":341,"page":0},{"id":59,"index":905,"char":";","width":11,"height":33,"xoffset":7,"yoffset":22,"xadvance":25,"chnl":15,"x":337,"y":301,"page":0},{"id":63,"index":909,"char":"?","width":19,"height":33,"xoffset":3,"yoffset":14,"xadvance":25,"chnl":15,"x":343,"y":261,"page":0},{"id":67,"index":4,"char":"C","width":24,"height":33,"xoffset":1,"yoffset":15,"xadvance":25,"chnl":15,"x":356,"y":223,"page":0},{"id":71,"index":8,"char":"G","width":23,"height":33,"xoffset":1,"yoffset":15,"xadvance":25,"chnl":15,"x":374,"y":183,"page":0},{"id":79,"index":16,"char":"O","width":24,"height":33,"xoffset":0,"yoffset":15,"xadvance":25,"chnl":15,"x":385,"y":145,"page":0},{"id":83,"index":20,"char":"S","width":23,"height":33,"xoffset":1,"yoffset":15,"xadvance":25,"chnl":15,"x":391,"y":108,"page":0},{"id":105,"index":36,"char":"i","width":16,"height":33,"xoffset":2,"yoffset":14,"xadvance":25,"chnl":15,"x":402,"y":71,"page":0},{"id":121,"index":52,"char":"y","width":24,"height":33,"xoffset":1,"yoffset":23,"xadvance":25,"chnl":15,"x":323,"y":375,"page":0},{"id":161,"index":908,"char":"¡","width":8,"height":33,"xoffset":8,"yoffset":22,"xadvance":25,"chnl":15,"x":267,"y":951,"page":0},{"id":191,"index":910,"char":"¿","width":19,"height":33,"xoffset":4,"yoffset":22,"xadvance":25,"chnl":15,"x":267,"y":985,"page":0},{"id":216,"index":185,"char":"Ø","width":24,"height":33,"xoffset":0,"yoffset":14,"xadvance":25,"chnl":15,"x":276,"y":951,"page":0},{"id":228,"index":263,"char":"ä","width":21,"height":33,"xoffset":2,"yoffset":15,"xadvance":25,"chnl":15,"x":287,"y":985,"page":0},{"id":235,"index":301,"char":"ë","width":23,"height":33,"xoffset":1,"yoffset":15,"xadvance":25,"chnl":15,"x":283,"y":899,"page":0},{"id":246,"index":371,"char":"ö","width":23,"height":33,"xoffset":1,"yoffset":15,"xadvance":25,"chnl":15,"x":301,"y":933,"page":0},{"id":252,"index":422,"char":"ü","width":21,"height":33,"xoffset":2,"yoffset":15,"xadvance":25,"chnl":15,"x":297,"y":846,"page":0},{"id":267,"index":291,"char":"ċ","width":23,"height":33,"xoffset":2,"yoffset":14,"xadvance":25,"chnl":15,"x":307,"y":880,"page":0},{"id":279,"index":305,"char":"ė","width":23,"height":33,"xoffset":1,"yoffset":14,"xadvance":25,"chnl":15,"x":309,"y":967,"page":0},{"id":330,"index":255,"char":"Ŋ","width":23,"height":33,"xoffset":2,"yoffset":15,"xadvance":25,"chnl":15,"x":325,"y":914,"page":0},{"id":371,"index":428,"char":"ų","width":23,"height":33,"xoffset":2,"yoffset":23,"xadvance":25,"chnl":15,"x":314,"y":787,"page":0},{"id":380,"index":456,"char":"ż","width":23,"height":33,"xoffset":1,"yoffset":14,"xadvance":25,"chnl":15,"x":319,"y":821,"page":0},{"id":399,"index":254,"char":"Ə","width":24,"height":33,"xoffset":1,"yoffset":15,"xadvance":25,"chnl":15,"x":331,"y":855,"page":0},{"id":7747,"index":357,"char":"ṃ","width":23,"height":33,"xoffset":1,"yoffset":22,"xadvance":25,"chnl":15,"x":316,"y":721,"page":0},{"id":7749,"index":363,"char":"ṅ","width":21,"height":33,"xoffset":3,"yoffset":14,"xadvance":25,"chnl":15,"x":338,"y":755,"page":0},{"id":7751,"index":364,"char":"ṇ","width":21,"height":33,"xoffset":3,"yoffset":22,"xadvance":25,"chnl":15,"x":343,"y":789,"page":0},{"id":7771,"index":398,"char":"ṛ","width":20,"height":33,"xoffset":5,"yoffset":22,"xadvance":25,"chnl":15,"x":333,"y":948,"page":0},{"id":7777,"index":407,"char":"ṡ","width":22,"height":33,"xoffset":2,"yoffset":14,"xadvance":25,"chnl":15,"x":333,"y":982,"page":0},{"id":7779,"index":408,"char":"ṣ","width":22,"height":33,"xoffset":2,"yoffset":22,"xadvance":25,"chnl":15,"x":349,"y":889,"page":0},{"id":7838,"index":203,"char":"ẞ","width":24,"height":33,"xoffset":2,"yoffset":15,"xadvance":25,"chnl":15,"x":354,"y":923,"page":0},{"id":7841,"index":270,"char":"ạ","width":21,"height":33,"xoffset":2,"yoffset":22,"xadvance":25,"chnl":15,"x":356,"y":823,"page":0},{"id":7865,"index":306,"char":"ẹ","width":23,"height":33,"xoffset":1,"yoffset":22,"xadvance":25,"chnl":15,"x":372,"y":857,"page":0},{"id":7885,"index":376,"char":"ọ","width":23,"height":33,"xoffset":1,"yoffset":22,"xadvance":25,"chnl":15,"x":356,"y":957,"page":0},{"id":7925,"index":451,"char":"ỵ","width":24,"height":33,"xoffset":1,"yoffset":23,"xadvance":25,"chnl":15,"x":356,"y":991,"page":0},{"id":8706,"index":1167,"char":"∂","width":22,"height":33,"xoffset":2,"yoffset":15,"xadvance":25,"chnl":15,"x":379,"y":891,"page":0},{"id":37,"index":1120,"char":"%","width":27,"height":32,"xoffset":-1,"yoffset":16,"xadvance":25,"chnl":15,"x":380,"y":925,"page":0},{"id":48,"index":866,"char":"0","width":22,"height":32,"xoffset":2,"yoffset":16,"xadvance":25,"chnl":15,"x":380,"y":958,"page":0},{"id":51,"index":869,"char":"3","width":22,"height":32,"xoffset":1,"yoffset":16,"xadvance":25,"chnl":15,"x":381,"y":991,"page":0},{"id":54,"index":872,"char":"6","width":22,"height":32,"xoffset":2,"yoffset":16,"xadvance":25,"chnl":15,"x":403,"y":958,"page":0},{"id":56,"index":874,"char":"8","width":23,"height":32,"xoffset":1,"yoffset":16,"xadvance":25,"chnl":15,"x":404,"y":991,"page":0},{"id":57,"index":875,"char":"9","width":22,"height":32,"xoffset":1,"yoffset":16,"xadvance":25,"chnl":15,"x":340,"y":677,"page":0},{"id":65,"index":2,"char":"A","width":25,"height":32,"xoffset":0,"yoffset":15,"xadvance":25,"chnl":15,"x":348,"y":633,"page":0},{"id":66,"index":3,"char":"B","width":21,"height":32,"xoffset":3,"yoffset":15,"xadvance":25,"chnl":15,"x":349,"y":599,"page":0},{"id":68,"index":5,"char":"D","width":23,"height":32,"xoffset":2,"yoffset":15,"xadvance":25,"chnl":15,"x":340,"y":710,"page":0},{"id":69,"index":6,"char":"E","width":21,"height":32,"xoffset":4,"yoffset":15,"xadvance":25,"chnl":15,"x":363,"y":666,"page":0},{"id":70,"index":7,"char":"F","width":20,"height":32,"xoffset":5,"yoffset":15,"xadvance":25,"chnl":15,"x":360,"y":743,"page":0},{"id":72,"index":9,"char":"H","width":21,"height":32,"xoffset":2,"yoffset":15,"xadvance":25,"chnl":15,"x":364,"y":699,"page":0},{"id":73,"index":10,"char":"I","width":20,"height":32,"xoffset":3,"yoffset":15,"xadvance":25,"chnl":15,"x":365,"y":776,"page":0},{"id":74,"index":11,"char":"J","width":20,"height":32,"xoffset":2,"yoffset":15,"xadvance":25,"chnl":15,"x":381,"y":732,"page":0},{"id":75,"index":12,"char":"K","width":23,"height":32,"xoffset":3,"yoffset":15,"xadvance":25,"chnl":15,"x":378,"y":809,"page":0},{"id":76,"index":13,"char":"L","width":20,"height":32,"xoffset":5,"yoffset":15,"xadvance":25,"chnl":15,"x":386,"y":765,"page":0},{"id":77,"index":14,"char":"M","width":22,"height":32,"xoffset":2,"yoffset":15,"xadvance":25,"chnl":15,"x":396,"y":842,"page":0},{"id":78,"index":15,"char":"N","width":21,"height":32,"xoffset":2,"yoffset":15,"xadvance":25,"chnl":15,"x":402,"y":798,"page":0},{"id":80,"index":17,"char":"P","width":21,"height":32,"xoffset":3,"yoffset":15,"xadvance":25,"chnl":15,"x":402,"y":875,"page":0},{"id":82,"index":19,"char":"R","width":21,"height":32,"xoffset":3,"yoffset":15,"xadvance":25,"chnl":15,"x":419,"y":831,"page":0},{"id":84,"index":21,"char":"T","width":25,"height":32,"xoffset":0,"yoffset":15,"xadvance":25,"chnl":15,"x":408,"y":908,"page":0},{"id":85,"index":22,"char":"U","width":21,"height":32,"xoffset":2,"yoffset":15,"xadvance":25,"chnl":15,"x":424,"y":864,"page":0},{"id":86,"index":23,"char":"V","width":24,"height":32,"xoffset":1,"yoffset":15,"xadvance":25,"chnl":15,"x":426,"y":941,"page":0},{"id":87,"index":24,"char":"W","width":28,"height":32,"xoffset":-1,"yoffset":15,"xadvance":25,"chnl":15,"x":434,"y":897,"page":0},{"id":88,"index":25,"char":"X","width":22,"height":32,"xoffset":1,"yoffset":15,"xadvance":25,"chnl":15,"x":428,"y":974,"page":0},{"id":89,"index":26,"char":"Y","width":24,"height":32,"xoffset":0,"yoffset":15,"xadvance":25,"chnl":15,"x":330,"y":409,"page":0},{"id":90,"index":27,"char":"Z","width":23,"height":32,"xoffset":1,"yoffset":15,"xadvance":25,"chnl":15,"x":348,"y":375,"page":0},{"id":162,"index":1099,"char":"¢","width":19,"height":32,"xoffset":3,"yoffset":16,"xadvance":25,"chnl":15,"x":330,"y":442,"page":0},{"id":169,"index":982,"char":"©","width":26,"height":32,"xoffset":0,"yoffset":16,"xadvance":25,"chnl":15,"x":337,"y":475,"page":0},{"id":181,"index":1166,"char":"µ","width":22,"height":32,"xoffset":2,"yoffset":23,"xadvance":25,"chnl":15,"x":350,"y":442,"page":0},{"id":198,"index":77,"char":"Æ","width":29,"height":32,"xoffset":-2,"yoffset":15,"xadvance":25,"chnl":15,"x":355,"y":408,"page":0},{"id":208,"index":252,"char":"Ð","width":26,"height":32,"xoffset":-1,"yoffset":15,"xadvance":25,"chnl":15,"x":357,"y":508,"page":0},{"id":222,"index":253,"char":"Þ","width":21,"height":32,"xoffset":3,"yoffset":15,"xadvance":25,"chnl":15,"x":364,"y":475,"page":0},{"id":239,"index":334,"char":"ï","width":20,"height":32,"xoffset":2,"yoffset":15,"xadvance":25,"chnl":15,"x":373,"y":441,"page":0},{"id":272,"index":91,"char":"Đ","width":26,"height":32,"xoffset":-1,"yoffset":15,"xadvance":25,"chnl":15,"x":359,"y":541,"page":0},{"id":294,"index":125,"char":"Ħ","width":28,"height":32,"xoffset":-1,"yoffset":15,"xadvance":25,"chnl":15,"x":384,"y":508,"page":0},{"id":319,"index":149,"char":"Ŀ","width":20,"height":32,"xoffset":5,"yoffset":15,"xadvance":25,"chnl":15,"x":386,"y":474,"page":0},{"id":321,"index":148,"char":"Ł","width":26,"height":32,"xoffset":-1,"yoffset":15,"xadvance":25,"chnl":15,"x":371,"y":574,"page":0},{"id":331,"index":462,"char":"ŋ","width":21,"height":32,"xoffset":3,"yoffset":22,"xadvance":25,"chnl":15,"x":386,"y":541,"page":0},{"id":338,"index":187,"char":"Œ","width":27,"height":32,"xoffset":0,"yoffset":15,"xadvance":25,"chnl":15,"x":374,"y":607,"page":0},{"id":358,"index":209,"char":"Ŧ","width":25,"height":32,"xoffset":0,"yoffset":15,"xadvance":25,"chnl":15,"x":398,"y":574,"page":0},{"id":432,"index":435,"char":"ư","width":24,"height":32,"xoffset":2,"yoffset":16,"xadvance":25,"chnl":15,"x":408,"y":541,"page":0},{"id":452,"index":0,"char":"Ǆ","width":22,"height":32,"xoffset":2,"yoffset":15,"xadvance":25,"chnl":15,"x":385,"y":640,"page":0},{"id":453,"index":0,"char":"ǅ","width":22,"height":32,"xoffset":2,"yoffset":15,"xadvance":25,"chnl":15,"x":402,"y":607,"page":0},{"id":454,"index":0,"char":"ǆ","width":22,"height":32,"xoffset":2,"yoffset":15,"xadvance":25,"chnl":15,"x":424,"y":574,"page":0},{"id":455,"index":0,"char":"Ǉ","width":22,"height":32,"xoffset":2,"yoffset":15,"xadvance":25,"chnl":15,"x":386,"y":673,"page":0},{"id":456,"index":0,"char":"ǈ","width":22,"height":32,"xoffset":2,"yoffset":15,"xadvance":25,"chnl":15,"x":408,"y":640,"page":0},{"id":457,"index":0,"char":"ǉ","width":22,"height":32,"xoffset":2,"yoffset":15,"xadvance":25,"chnl":15,"x":425,"y":607,"page":0},{"id":458,"index":0,"char":"Ǌ","width":22,"height":32,"xoffset":2,"yoffset":15,"xadvance":25,"chnl":15,"x":402,"y":706,"page":0},{"id":459,"index":0,"char":"ǋ","width":22,"height":32,"xoffset":2,"yoffset":15,"xadvance":25,"chnl":15,"x":409,"y":673,"page":0},{"id":460,"index":0,"char":"ǌ","width":22,"height":32,"xoffset":2,"yoffset":15,"xadvance":25,"chnl":15,"x":431,"y":640,"page":0},{"id":512,"index":0,"char":"Ȁ","width":22,"height":32,"xoffset":2,"yoffset":15,"xadvance":25,"chnl":15,"x":407,"y":739,"page":0},{"id":513,"index":0,"char":"ȁ","width":22,"height":32,"xoffset":2,"yoffset":15,"xadvance":25,"chnl":15,"x":425,"y":706,"page":0},{"id":514,"index":0,"char":"Ȃ","width":22,"height":32,"xoffset":2,"yoffset":15,"xadvance":25,"chnl":15,"x":432,"y":673,"page":0},{"id":515,"index":0,"char":"ȃ","width":22,"height":32,"xoffset":2,"yoffset":15,"xadvance":25,"chnl":15,"x":424,"y":772,"page":0},{"id":516,"index":0,"char":"Ȅ","width":22,"height":32,"xoffset":2,"yoffset":15,"xadvance":25,"chnl":15,"x":430,"y":739,"page":0},{"id":517,"index":0,"char":"ȅ","width":22,"height":32,"xoffset":2,"yoffset":15,"xadvance":25,"chnl":15,"x":448,"y":706,"page":0},{"id":518,"index":0,"char":"Ȇ","width":22,"height":32,"xoffset":2,"yoffset":15,"xadvance":25,"chnl":15,"x":441,"y":805,"page":0},{"id":519,"index":0,"char":"ȇ","width":22,"height":32,"xoffset":2,"yoffset":15,"xadvance":25,"chnl":15,"x":447,"y":772,"page":0},{"id":520,"index":0,"char":"Ȉ","width":22,"height":32,"xoffset":2,"yoffset":15,"xadvance":25,"chnl":15,"x":453,"y":739,"page":0},{"id":521,"index":0,"char":"ȉ","width":22,"height":32,"xoffset":2,"yoffset":15,"xadvance":25,"chnl":15,"x":446,"y":838,"page":0},{"id":522,"index":0,"char":"Ȋ","width":22,"height":32,"xoffset":2,"yoffset":15,"xadvance":25,"chnl":15,"x":464,"y":805,"page":0},{"id":523,"index":0,"char":"ȋ","width":22,"height":32,"xoffset":2,"yoffset":15,"xadvance":25,"chnl":15,"x":470,"y":772,"page":0},{"id":524,"index":0,"char":"Ȍ","width":22,"height":32,"xoffset":2,"yoffset":15,"xadvance":25,"chnl":15,"x":349,"y":295,"page":0},{"id":525,"index":0,"char":"ȍ","width":22,"height":32,"xoffset":2,"yoffset":15,"xadvance":25,"chnl":15,"x":363,"y":257,"page":0},{"id":526,"index":0,"char":"Ȏ","width":22,"height":32,"xoffset":2,"yoffset":15,"xadvance":25,"chnl":15,"x":381,"y":217,"page":0},{"id":527,"index":0,"char":"ȏ","width":22,"height":32,"xoffset":2,"yoffset":15,"xadvance":25,"chnl":15,"x":398,"y":179,"page":0},{"id":528,"index":0,"char":"Ȑ","width":22,"height":32,"xoffset":2,"yoffset":15,"xadvance":25,"chnl":15,"x":410,"y":142,"page":0},{"id":529,"index":0,"char":"ȑ","width":22,"height":32,"xoffset":2,"yoffset":15,"xadvance":25,"chnl":15,"x":415,"y":105,"page":0},{"id":530,"index":0,"char":"Ȓ","width":22,"height":32,"xoffset":2,"yoffset":15,"xadvance":25,"chnl":15,"x":419,"y":71,"page":0},{"id":531,"index":0,"char":"ȓ","width":22,"height":32,"xoffset":2,"yoffset":15,"xadvance":25,"chnl":15,"x":422,"y":35,"page":0},{"id":532,"index":0,"char":"Ȕ","width":22,"height":32,"xoffset":2,"yoffset":15,"xadvance":25,"chnl":15,"x":432,"y":0,"page":0},{"id":533,"index":0,"char":"ȕ","width":22,"height":32,"xoffset":2,"yoffset":15,"xadvance":25,"chnl":15,"x":349,"y":328,"page":0},{"id":534,"index":0,"char":"Ȗ","width":22,"height":32,"xoffset":2,"yoffset":15,"xadvance":25,"chnl":15,"x":451,"y":930,"page":0},{"id":535,"index":0,"char":"ȗ","width":22,"height":32,"xoffset":2,"yoffset":15,"xadvance":25,"chnl":15,"x":463,"y":871,"page":0},{"id":554,"index":0,"char":"Ȫ","width":22,"height":32,"xoffset":2,"yoffset":15,"xadvance":25,"chnl":15,"x":469,"y":838,"page":0},{"id":555,"index":0,"char":"ȫ","width":22,"height":32,"xoffset":2,"yoffset":15,"xadvance":25,"chnl":15,"x":487,"y":805,"page":0},{"id":556,"index":0,"char":"Ȭ","width":22,"height":32,"xoffset":2,"yoffset":15,"xadvance":25,"chnl":15,"x":451,"y":963,"page":0},{"id":557,"index":0,"char":"ȭ","width":22,"height":32,"xoffset":2,"yoffset":15,"xadvance":25,"chnl":15,"x":372,"y":290,"page":0},{"id":560,"index":0,"char":"Ȱ","width":22,"height":32,"xoffset":2,"yoffset":15,"xadvance":25,"chnl":15,"x":386,"y":250,"page":0},{"id":561,"index":0,"char":"ȱ","width":22,"height":32,"xoffset":2,"yoffset":15,"xadvance":25,"chnl":15,"x":404,"y":212,"page":0},{"id":562,"index":0,"char":"Ȳ","width":22,"height":32,"xoffset":2,"yoffset":15,"xadvance":25,"chnl":15,"x":421,"y":175,"page":0},{"id":563,"index":0,"char":"ȳ","width":22,"height":32,"xoffset":2,"yoffset":15,"xadvance":25,"chnl":15,"x":433,"y":138,"page":0},{"id":698,"index":0,"char":"ʺ","width":22,"height":32,"xoffset":2,"yoffset":15,"xadvance":25,"chnl":15,"x":438,"y":104,"page":0},{"id":7688,"index":0,"char":"Ḉ","width":22,"height":32,"xoffset":2,"yoffset":15,"xadvance":25,"chnl":15,"x":442,"y":68,"page":0},{"id":7689,"index":0,"char":"ḉ","width":22,"height":32,"xoffset":2,"yoffset":15,"xadvance":25,"chnl":15,"x":445,"y":33,"page":0},{"id":7700,"index":0,"char":"Ḕ","width":22,"height":32,"xoffset":2,"yoffset":15,"xadvance":25,"chnl":15,"x":455,"y":0,"page":0},{"id":7701,"index":0,"char":"ḕ","width":22,"height":32,"xoffset":2,"yoffset":15,"xadvance":25,"chnl":15,"x":372,"y":323,"page":0},{"id":7708,"index":0,"char":"Ḝ","width":22,"height":32,"xoffset":2,"yoffset":15,"xadvance":25,"chnl":15,"x":372,"y":356,"page":0},{"id":7709,"index":0,"char":"ḝ","width":22,"height":32,"xoffset":2,"yoffset":15,"xadvance":25,"chnl":15,"x":385,"y":389,"page":0},{"id":7726,"index":0,"char":"Ḯ","width":22,"height":32,"xoffset":2,"yoffset":15,"xadvance":25,"chnl":15,"x":394,"y":422,"page":0},{"id":7727,"index":0,"char":"ḯ","width":22,"height":32,"xoffset":2,"yoffset":15,"xadvance":25,"chnl":15,"x":407,"y":455,"page":0},{"id":7728,"index":0,"char":"Ḱ","width":22,"height":32,"xoffset":2,"yoffset":15,"xadvance":25,"chnl":15,"x":413,"y":488,"page":0},{"id":7729,"index":0,"char":"ḱ","width":22,"height":32,"xoffset":2,"yoffset":15,"xadvance":25,"chnl":15,"x":433,"y":521,"page":0},{"id":7756,"index":0,"char":"Ṍ","width":22,"height":32,"xoffset":2,"yoffset":15,"xadvance":25,"chnl":15,"x":447,"y":554,"page":0},{"id":7757,"index":0,"char":"ṍ","width":22,"height":32,"xoffset":2,"yoffset":15,"xadvance":25,"chnl":15,"x":448,"y":587,"page":0},{"id":7758,"index":0,"char":"Ṏ","width":22,"height":32,"xoffset":2,"yoffset":15,"xadvance":25,"chnl":15,"x":454,"y":620,"page":0},{"id":7759,"index":0,"char":"ṏ","width":22,"height":32,"xoffset":2,"yoffset":15,"xadvance":25,"chnl":15,"x":455,"y":653,"page":0},{"id":7760,"index":0,"char":"Ṑ","width":22,"height":32,"xoffset":2,"yoffset":15,"xadvance":25,"chnl":15,"x":471,"y":686,"page":0},{"id":7761,"index":0,"char":"ṑ","width":22,"height":32,"xoffset":2,"yoffset":15,"xadvance":25,"chnl":15,"x":476,"y":719,"page":0},{"id":7780,"index":0,"char":"Ṥ","width":22,"height":32,"xoffset":2,"yoffset":15,"xadvance":25,"chnl":15,"x":493,"y":752,"page":0},{"id":7781,"index":0,"char":"ṥ","width":22,"height":32,"xoffset":2,"yoffset":15,"xadvance":25,"chnl":15,"x":395,"y":283,"page":0},{"id":7784,"index":0,"char":"Ṩ","width":22,"height":32,"xoffset":2,"yoffset":15,"xadvance":25,"chnl":15,"x":409,"y":245,"page":0},{"id":7785,"index":0,"char":"ṩ","width":22,"height":32,"xoffset":2,"yoffset":15,"xadvance":25,"chnl":15,"x":427,"y":208,"page":0},{"id":7800,"index":0,"char":"Ṹ","width":22,"height":32,"xoffset":2,"yoffset":15,"xadvance":25,"chnl":15,"x":444,"y":171,"page":0},{"id":7801,"index":0,"char":"ṹ","width":22,"height":32,"xoffset":2,"yoffset":15,"xadvance":25,"chnl":15,"x":456,"y":137,"page":0},{"id":7802,"index":0,"char":"Ṻ","width":22,"height":32,"xoffset":2,"yoffset":15,"xadvance":25,"chnl":15,"x":461,"y":101,"page":0},{"id":7803,"index":0,"char":"ṻ","width":22,"height":32,"xoffset":2,"yoffset":15,"xadvance":25,"chnl":15,"x":465,"y":66,"page":0},{"id":7813,"index":445,"char":"ẅ","width":28,"height":32,"xoffset":-1,"yoffset":15,"xadvance":25,"chnl":15,"x":468,"y":33,"page":0},{"id":7827,"index":458,"char":"ẓ","width":23,"height":32,"xoffset":1,"yoffset":23,"xadvance":25,"chnl":15,"x":478,"y":0,"page":0},{"id":7909,"index":433,"char":"ụ","width":21,"height":32,"xoffset":2,"yoffset":23,"xadvance":25,"chnl":15,"x":395,"y":316,"page":0},{"id":8192,"index":0,"char":" ","width":22,"height":32,"xoffset":2,"yoffset":15,"xadvance":25,"chnl":15,"x":395,"y":349,"page":0},{"id":8193,"index":0,"char":" ","width":22,"height":32,"xoffset":2,"yoffset":15,"xadvance":25,"chnl":15,"x":417,"y":316,"page":0},{"id":8194,"index":0,"char":" ","width":22,"height":32,"xoffset":2,"yoffset":15,"xadvance":25,"chnl":15,"x":418,"y":278,"page":0},{"id":8195,"index":0,"char":" ","width":22,"height":32,"xoffset":2,"yoffset":15,"xadvance":25,"chnl":15,"x":432,"y":241,"page":0},{"id":8196,"index":0,"char":" ","width":22,"height":32,"xoffset":2,"yoffset":15,"xadvance":25,"chnl":15,"x":450,"y":204,"page":0},{"id":8197,"index":0,"char":" ","width":22,"height":32,"xoffset":2,"yoffset":15,"xadvance":25,"chnl":15,"x":467,"y":170,"page":0},{"id":8198,"index":0,"char":" ","width":22,"height":32,"xoffset":2,"yoffset":15,"xadvance":25,"chnl":15,"x":479,"y":134,"page":0},{"id":8200,"index":0,"char":" ","width":22,"height":32,"xoffset":2,"yoffset":15,"xadvance":25,"chnl":15,"x":484,"y":99,"page":0},{"id":8201,"index":0,"char":" ","width":22,"height":32,"xoffset":2,"yoffset":15,"xadvance":25,"chnl":15,"x":488,"y":66,"page":0},{"id":8202,"index":0,"char":" ","width":22,"height":32,"xoffset":2,"yoffset":15,"xadvance":25,"chnl":15,"x":497,"y":33,"page":0},{"id":8203,"index":0,"char":"​","width":22,"height":32,"xoffset":2,"yoffset":15,"xadvance":25,"chnl":15,"x":502,"y":0,"page":0},{"id":8209,"index":0,"char":"‑","width":22,"height":32,"xoffset":2,"yoffset":15,"xadvance":25,"chnl":15,"x":408,"y":382,"page":0},{"id":8240,"index":1121,"char":"‰","width":25,"height":32,"xoffset":1,"yoffset":16,"xadvance":25,"chnl":15,"x":418,"y":349,"page":0},{"id":8244,"index":0,"char":"‴","width":22,"height":32,"xoffset":2,"yoffset":15,"xadvance":25,"chnl":15,"x":440,"y":311,"page":0},{"id":8274,"index":0,"char":"⁒","width":22,"height":32,"xoffset":2,"yoffset":15,"xadvance":25,"chnl":15,"x":441,"y":274,"page":0},{"id":8363,"index":1106,"char":"₫","width":21,"height":32,"xoffset":3,"yoffset":15,"xadvance":25,"chnl":15,"x":455,"y":237,"page":0},{"id":8364,"index":1098,"char":"€","width":24,"height":32,"xoffset":1,"yoffset":16,"xadvance":25,"chnl":15,"x":473,"y":203,"page":0},{"id":8365,"index":0,"char":"₭","width":22,"height":32,"xoffset":2,"yoffset":15,"xadvance":25,"chnl":15,"x":490,"y":167,"page":0},{"id":8372,"index":1109,"char":"₴","width":24,"height":32,"xoffset":1,"yoffset":16,"xadvance":25,"chnl":15,"x":502,"y":132,"page":0},{"id":8380,"index":0,"char":"₼","width":22,"height":32,"xoffset":2,"yoffset":15,"xadvance":25,"chnl":15,"x":507,"y":99,"page":0},{"id":8709,"index":0,"char":"∅","width":22,"height":32,"xoffset":2,"yoffset":15,"xadvance":25,"chnl":15,"x":511,"y":66,"page":0},{"id":8710,"index":1172,"char":"∆","width":25,"height":32,"xoffset":0,"yoffset":15,"xadvance":25,"chnl":15,"x":520,"y":33,"page":0},{"id":8758,"index":0,"char":"∶","width":22,"height":32,"xoffset":2,"yoffset":15,"xadvance":25,"chnl":15,"x":525,"y":0,"page":0},{"id":8802,"index":0,"char":"≢","width":22,"height":32,"xoffset":2,"yoffset":15,"xadvance":25,"chnl":15,"x":417,"y":415,"page":0},{"id":35,"index":989,"char":"#","width":21,"height":31,"xoffset":2,"yoffset":16,"xadvance":25,"chnl":15,"x":316,"y":755,"page":0},{"id":49,"index":867,"char":"1","width":21,"height":31,"xoffset":3,"yoffset":16,"xadvance":25,"chnl":15,"x":431,"y":382,"page":0},{"id":50,"index":868,"char":"2","width":22,"height":31,"xoffset":1,"yoffset":16,"xadvance":25,"chnl":15,"x":444,"y":344,"page":0},{"id":52,"index":870,"char":"4","width":25,"height":31,"xoffset":0,"yoffset":16,"xadvance":25,"chnl":15,"x":463,"y":307,"page":0},{"id":53,"index":871,"char":"5","width":23,"height":31,"xoffset":1,"yoffset":16,"xadvance":25,"chnl":15,"x":464,"y":270,"page":0},{"id":55,"index":873,"char":"7","width":23,"height":31,"xoffset":1,"yoffset":16,"xadvance":25,"chnl":15,"x":477,"y":236,"page":0},{"id":116,"index":47,"char":"t","width":23,"height":31,"xoffset":2,"yoffset":16,"xadvance":25,"chnl":15,"x":498,"y":200,"page":0},{"id":163,"index":1096,"char":"£","width":22,"height":31,"xoffset":1,"yoffset":16,"xadvance":25,"chnl":15,"x":513,"y":165,"page":0},{"id":165,"index":1097,"char":"¥","width":23,"height":31,"xoffset":1,"yoffset":16,"xadvance":25,"chnl":15,"x":527,"y":132,"page":0},{"id":188,"index":1122,"char":"¼","width":26,"height":31,"xoffset":0,"yoffset":16,"xadvance":25,"chnl":15,"x":530,"y":99,"page":0},{"id":189,"index":1123,"char":"½","width":26,"height":31,"xoffset":0,"yoffset":16,"xadvance":25,"chnl":15,"x":534,"y":66,"page":0},{"id":190,"index":1124,"char":"¾","width":28,"height":31,"xoffset":0,"yoffset":16,"xadvance":25,"chnl":15,"x":546,"y":33,"page":0},{"id":257,"index":264,"char":"ā","width":21,"height":31,"xoffset":2,"yoffset":16,"xadvance":25,"chnl":15,"x":548,"y":0,"page":0},{"id":275,"index":302,"char":"ē","width":23,"height":31,"xoffset":1,"yoffset":16,"xadvance":25,"chnl":15,"x":570,"y":0,"page":0},{"id":299,"index":335,"char":"ī","width":20,"height":31,"xoffset":2,"yoffset":16,"xadvance":25,"chnl":15,"x":488,"y":268,"page":0},{"id":333,"index":372,"char":"ō","width":23,"height":31,"xoffset":1,"yoffset":16,"xadvance":25,"chnl":15,"x":501,"y":232,"page":0},{"id":359,"index":417,"char":"ŧ","width":23,"height":31,"xoffset":2,"yoffset":16,"xadvance":25,"chnl":15,"x":522,"y":197,"page":0},{"id":363,"index":423,"char":"ū","width":21,"height":31,"xoffset":2,"yoffset":16,"xadvance":25,"chnl":15,"x":536,"y":164,"page":0},{"id":417,"index":385,"char":"ơ","width":23,"height":31,"xoffset":1,"yoffset":16,"xadvance":25,"chnl":15,"x":551,"y":131,"page":0},{"id":7753,"index":365,"char":"ṉ","width":21,"height":31,"xoffset":3,"yoffset":22,"xadvance":25,"chnl":15,"x":557,"y":98,"page":0},{"id":7775,"index":400,"char":"ṟ","width":23,"height":31,"xoffset":1,"yoffset":22,"xadvance":25,"chnl":15,"x":561,"y":65,"page":0},{"id":8355,"index":1116,"char":"₣","width":23,"height":31,"xoffset":1,"yoffset":16,"xadvance":25,"chnl":15,"x":575,"y":32,"page":0},{"id":8356,"index":1102,"char":"₤","width":22,"height":31,"xoffset":2,"yoffset":16,"xadvance":25,"chnl":15,"x":594,"y":0,"page":0},{"id":8358,"index":1103,"char":"₦","width":24,"height":31,"xoffset":1,"yoffset":16,"xadvance":25,"chnl":15,"x":430,"y":448,"page":0},{"id":8359,"index":1104,"char":"₧","width":26,"height":31,"xoffset":1,"yoffset":16,"xadvance":25,"chnl":15,"x":440,"y":414,"page":0},{"id":8361,"index":1105,"char":"₩","width":25,"height":31,"xoffset":0,"yoffset":16,"xadvance":25,"chnl":15,"x":453,"y":376,"page":0},{"id":8366,"index":1113,"char":"₮","width":23,"height":31,"xoffset":1,"yoffset":16,"xadvance":25,"chnl":15,"x":467,"y":339,"page":0},{"id":8369,"index":1107,"char":"₱","width":26,"height":31,"xoffset":1,"yoffset":16,"xadvance":25,"chnl":15,"x":489,"y":300,"page":0},{"id":8376,"index":1114,"char":"₸","width":23,"height":31,"xoffset":1,"yoffset":16,"xadvance":25,"chnl":15,"x":509,"y":264,"page":0},{"id":8377,"index":1111,"char":"₹","width":21,"height":31,"xoffset":3,"yoffset":16,"xadvance":25,"chnl":15,"x":525,"y":229,"page":0},{"id":8378,"index":1112,"char":"₺","width":23,"height":31,"xoffset":1,"yoffset":16,"xadvance":25,"chnl":15,"x":546,"y":196,"page":0},{"id":8381,"index":1115,"char":"₽","width":25,"height":31,"xoffset":1,"yoffset":16,"xadvance":25,"chnl":15,"x":558,"y":163,"page":0},{"id":339,"index":393,"char":"œ","width":29,"height":25,"xoffset":-2,"yoffset":22,"xadvance":25,"chnl":15,"x":463,"y":904,"page":0},{"id":8212,"index":928,"char":"—","width":29,"height":6,"xoffset":-2,"yoffset":32,"xadvance":25,"chnl":15,"x":72,"y":1018,"page":0},{"id":8213,"index":930,"char":"―","width":29,"height":6,"xoffset":-2,"yoffset":32,"xadvance":25,"chnl":15,"x":489,"y":332,"page":0},{"id":8260,"index":1117,"char":"⁄","width":26,"height":29,"xoffset":0,"yoffset":17,"xadvance":25,"chnl":15,"x":575,"y":130,"page":0},{"id":8725,"index":1118,"char":"∕","width":26,"height":29,"xoffset":0,"yoffset":17,"xadvance":25,"chnl":15,"x":486,"y":871,"page":0},{"id":8734,"index":1161,"char":"∞","width":29,"height":17,"xoffset":-2,"yoffset":23,"xadvance":25,"chnl":15,"x":428,"y":1007,"page":0},{"id":119,"index":50,"char":"w","width":28,"height":24,"xoffset":-1,"yoffset":23,"xadvance":25,"chnl":15,"x":458,"y":996,"page":0},{"id":230,"index":282,"char":"æ","width":28,"height":25,"xoffset":-1,"yoffset":22,"xadvance":25,"chnl":15,"x":579,"y":97,"page":0},{"id":60,"index":1148,"char":"<","width":19,"height":27,"xoffset":3,"yoffset":18,"xadvance":25,"chnl":15,"x":272,"y":651,"page":0},{"id":62,"index":1149,"char":">","width":19,"height":27,"xoffset":3,"yoffset":18,"xadvance":25,"chnl":15,"x":492,"y":838,"page":0},{"id":177,"index":1152,"char":"±","width":21,"height":27,"xoffset":2,"yoffset":20,"xadvance":25,"chnl":15,"x":585,"y":64,"page":0},{"id":8592,"index":1182,"char":"←","width":27,"height":26,"xoffset":-1,"yoffset":21,"xadvance":25,"chnl":15,"x":599,"y":32,"page":0},{"id":8593,"index":1183,"char":"↑","width":26,"height":27,"xoffset":-1,"yoffset":21,"xadvance":25,"chnl":15,"x":617,"y":0,"page":0},{"id":8594,"index":1184,"char":"→","width":27,"height":26,"xoffset":-1,"yoffset":21,"xadvance":25,"chnl":15,"x":516,"y":296,"page":0},{"id":8595,"index":1185,"char":"↓","width":26,"height":27,"xoffset":-1,"yoffset":21,"xadvance":25,"chnl":15,"x":533,"y":261,"page":0},{"id":248,"index":391,"char":"ø","width":23,"height":26,"xoffset":1,"yoffset":22,"xadvance":25,"chnl":15,"x":547,"y":228,"page":0},{"id":8804,"index":1150,"char":"≤","width":21,"height":26,"xoffset":2,"yoffset":21,"xadvance":25,"chnl":15,"x":215,"y":885,"page":0},{"id":8805,"index":1151,"char":"≥","width":21,"height":26,"xoffset":2,"yoffset":21,"xadvance":25,"chnl":15,"x":237,"y":921,"page":0},{"id":58,"index":904,"char":":","width":8,"height":25,"xoffset":8,"yoffset":22,"xadvance":25,"chnl":15,"x":253,"y":543,"page":0},{"id":97,"index":28,"char":"a","width":21,"height":25,"xoffset":2,"yoffset":22,"xadvance":25,"chnl":15,"x":570,"y":195,"page":0},{"id":99,"index":30,"char":"c","width":23,"height":25,"xoffset":2,"yoffset":22,"xadvance":25,"chnl":15,"x":584,"y":160,"page":0},{"id":101,"index":32,"char":"e","width":23,"height":25,"xoffset":1,"yoffset":22,"xadvance":25,"chnl":15,"x":602,"y":123,"page":0},{"id":109,"index":40,"char":"m","width":23,"height":25,"xoffset":1,"yoffset":22,"xadvance":25,"chnl":15,"x":607,"y":59,"page":0},{"id":110,"index":41,"char":"n","width":21,"height":25,"xoffset":3,"yoffset":22,"xadvance":25,"chnl":15,"x":627,"y":28,"page":0},{"id":111,"index":42,"char":"o","width":23,"height":25,"xoffset":1,"yoffset":22,"xadvance":25,"chnl":15,"x":644,"y":0,"page":0},{"id":114,"index":45,"char":"r","width":19,"height":25,"xoffset":5,"yoffset":22,"xadvance":25,"chnl":15,"x":194,"y":849,"page":0},{"id":115,"index":46,"char":"s","width":22,"height":25,"xoffset":2,"yoffset":22,"xadvance":25,"chnl":15,"x":608,"y":85,"page":0},{"id":117,"index":48,"char":"u","width":21,"height":25,"xoffset":2,"yoffset":23,"xadvance":25,"chnl":15,"x":436,"y":480,"page":0},{"id":601,"index":477,"char":"ə","width":23,"height":25,"xoffset":1,"yoffset":22,"xadvance":25,"chnl":15,"x":455,"y":446,"page":0},{"id":95,"index":946,"char":"_","width":24,"height":6,"xoffset":1,"yoffset":46,"xadvance":25,"chnl":15,"x":97,"y":885,"page":0},{"id":118,"index":49,"char":"v","width":24,"height":24,"xoffset":1,"yoffset":23,"xadvance":25,"chnl":15,"x":467,"y":408,"page":0},{"id":120,"index":51,"char":"x","width":22,"height":24,"xoffset":2,"yoffset":23,"xadvance":25,"chnl":15,"x":479,"y":371,"page":0},{"id":122,"index":53,"char":"z","width":23,"height":24,"xoffset":1,"yoffset":23,"xadvance":25,"chnl":15,"x":491,"y":339,"page":0},{"id":305,"index":341,"char":"ı","width":16,"height":24,"xoffset":2,"yoffset":23,"xadvance":25,"chnl":15,"x":298,"y":686,"page":0},{"id":312,"index":346,"char":"ĸ","width":22,"height":24,"xoffset":3,"yoffset":23,"xadvance":25,"chnl":15,"x":456,"y":506,"page":0},{"id":8230,"index":906,"char":"…","width":24,"height":9,"xoffset":0,"yoffset":39,"xadvance":25,"chnl":15,"x":136,"y":479,"page":0},{"id":8800,"index":1154,"char":"≠","width":21,"height":24,"xoffset":2,"yoffset":19,"xadvance":25,"chnl":15,"x":458,"y":472,"page":0},{"id":164,"index":1094,"char":"¤","width":23,"height":23,"xoffset":1,"yoffset":19,"xadvance":25,"chnl":15,"x":309,"y":1001,"page":0},{"id":42,"index":960,"char":"*","width":21,"height":22,"xoffset":2,"yoffset":20,"xadvance":25,"chnl":15,"x":292,"y":787,"page":0},{"id":43,"index":1141,"char":"+","width":21,"height":22,"xoffset":2,"yoffset":20,"xadvance":25,"chnl":15,"x":456,"y":531,"page":0},{"id":247,"index":1144,"char":"÷","width":21,"height":22,"xoffset":2,"yoffset":20,"xadvance":25,"chnl":15,"x":470,"y":554,"page":0},{"id":8210,"index":929,"char":"‒","width":22,"height":6,"xoffset":1,"yoffset":32,"xadvance":25,"chnl":15,"x":90,"y":492,"page":0},{"id":8211,"index":927,"char":"–","width":22,"height":6,"xoffset":1,"yoffset":32,"xadvance":25,"chnl":15,"x":93,"y":398,"page":0},{"id":8801,"index":1147,"char":"≡","width":21,"height":22,"xoffset":2,"yoffset":20,"xadvance":25,"chnl":15,"x":478,"y":531,"page":0},{"id":45,"index":924,"char":"-","width":21,"height":5,"xoffset":2,"yoffset":29,"xadvance":25,"chnl":15,"x":50,"y":271,"page":0},{"id":61,"index":1146,"char":"=","width":21,"height":14,"xoffset":2,"yoffset":24,"xadvance":25,"chnl":15,"x":167,"y":1007,"page":0},{"id":126,"index":1155,"char":"~","width":21,"height":9,"xoffset":2,"yoffset":27,"xadvance":25,"chnl":15,"x":470,"y":577,"page":0},{"id":172,"index":1157,"char":"¬","width":21,"height":14,"xoffset":2,"yoffset":29,"xadvance":25,"chnl":15,"x":263,"y":810,"page":0},{"id":173,"index":925,"char":"­","width":21,"height":5,"xoffset":2,"yoffset":29,"xadvance":25,"chnl":15,"x":276,"y":389,"page":0},{"id":178,"index":997,"char":"²","width":16,"height":21,"xoffset":5,"yoffset":9,"xadvance":25,"chnl":15,"x":252,"y":679,"page":0},{"id":179,"index":998,"char":"³","width":16,"height":21,"xoffset":4,"yoffset":9,"xadvance":25,"chnl":15,"x":407,"y":772,"page":0},{"id":8208,"index":926,"char":"‐","width":21,"height":5,"xoffset":2,"yoffset":29,"xadvance":25,"chnl":15,"x":547,"y":255,"page":0},{"id":8722,"index":1142,"char":"−","width":21,"height":5,"xoffset":2,"yoffset":29,"xadvance":25,"chnl":15,"x":267,"y":1019,"page":0},{"id":8776,"index":1156,"char":"≈","width":21,"height":17,"xoffset":2,"yoffset":22,"xadvance":25,"chnl":15,"x":493,"y":785,"page":0},{"id":94,"index":1153,"char":"^","width":18,"height":20,"xoffset":4,"yoffset":15,"xadvance":25,"chnl":15,"x":337,"y":508,"page":0},{"id":174,"index":984,"char":"®","width":19,"height":20,"xoffset":3,"yoffset":13,"xadvance":25,"chnl":15,"x":271,"y":751,"page":0},{"id":185,"index":996,"char":"¹","width":16,"height":20,"xoffset":6,"yoffset":9,"xadvance":25,"chnl":15,"x":424,"y":805,"page":0},{"id":215,"index":1143,"char":"×","width":19,"height":20,"xoffset":3,"yoffset":21,"xadvance":25,"chnl":15,"x":471,"y":587,"page":0},{"id":171,"index":922,"char":"«","width":19,"height":19,"xoffset":3,"yoffset":25,"xadvance":25,"chnl":15,"x":413,"y":521,"page":0},{"id":187,"index":923,"char":"»","width":19,"height":19,"xoffset":3,"yoffset":25,"xadvance":25,"chnl":15,"x":479,"y":497,"page":0},{"id":8249,"index":920,"char":"‹","width":11,"height":19,"xoffset":7,"yoffset":25,"xadvance":25,"chnl":15,"x":161,"y":733,"page":0},{"id":8250,"index":921,"char":"›","width":11,"height":19,"xoffset":8,"yoffset":25,"xadvance":25,"chnl":15,"x":319,"y":855,"page":0},{"id":170,"index":1051,"char":"ª","width":15,"height":18,"xoffset":5,"yoffset":12,"xadvance":25,"chnl":15,"x":307,"y":914,"page":0},{"id":186,"index":1053,"char":"º","width":17,"height":18,"xoffset":4,"yoffset":12,"xadvance":25,"chnl":15,"x":331,"y":889,"page":0},{"id":8220,"index":915,"char":"“","width":18,"height":17,"xoffset":3,"yoffset":14,"xadvance":25,"chnl":15,"x":510,"y":803,"page":0},{"id":8221,"index":916,"char":"”","width":18,"height":17,"xoffset":3,"yoffset":14,"xadvance":25,"chnl":15,"x":515,"y":785,"page":0},{"id":8222,"index":918,"char":"„","width":18,"height":17,"xoffset":3,"yoffset":40,"xadvance":25,"chnl":15,"x":479,"y":433,"page":0},{"id":44,"index":903,"char":",","width":11,"height":17,"xoffset":7,"yoffset":39,"xadvance":25,"chnl":15,"x":149,"y":693,"page":0},{"id":699,"index":1237,"char":"ʻ","width":10,"height":17,"xoffset":8,"yoffset":14,"xadvance":25,"chnl":15,"x":283,"y":933,"page":0},{"id":700,"index":1238,"char":"ʼ","width":10,"height":17,"xoffset":8,"yoffset":14,"xadvance":25,"chnl":15,"x":374,"y":640,"page":0},{"id":732,"index":1254,"char":"˜","width":17,"height":9,"xoffset":4,"yoffset":13,"xadvance":25,"chnl":15,"x":207,"y":719,"page":0},{"id":8216,"index":913,"char":"‘","width":10,"height":17,"xoffset":8,"yoffset":14,"xadvance":25,"chnl":15,"x":359,"y":574,"page":0},{"id":8217,"index":914,"char":"’","width":10,"height":17,"xoffset":8,"yoffset":14,"xadvance":25,"chnl":15,"x":372,"y":389,"page":0},{"id":8218,"index":917,"char":"‚","width":10,"height":17,"xoffset":8,"yoffset":40,"xadvance":25,"chnl":15,"x":394,"y":455,"page":0},{"id":34,"index":912,"char":"\"","width":15,"height":16,"xoffset":5,"yoffset":14,"xadvance":25,"chnl":15,"x":356,"y":857,"page":0},{"id":39,"index":911,"char":"'","width":7,"height":16,"xoffset":9,"yoffset":14,"xadvance":25,"chnl":15,"x":134,"y":613,"page":0},{"id":702,"index":1239,"char":"ʾ","width":11,"height":16,"xoffset":8,"yoffset":8,"xadvance":25,"chnl":15,"x":231,"y":702,"page":0},{"id":703,"index":1240,"char":"ʿ","width":11,"height":16,"xoffset":6,"yoffset":8,"xadvance":25,"chnl":15,"x":249,"y":774,"page":0},{"id":712,"index":1249,"char":"ˈ","width":7,"height":16,"xoffset":9,"yoffset":14,"xadvance":25,"chnl":15,"x":230,"y":569,"page":0},{"id":716,"index":1253,"char":"ˌ","width":7,"height":16,"xoffset":9,"yoffset":41,"xadvance":25,"chnl":15,"x":244,"y":643,"page":0},{"id":728,"index":1257,"char":"˘","width":16,"height":10,"xoffset":4,"yoffset":13,"xadvance":25,"chnl":15,"x":116,"y":439,"page":0},{"id":710,"index":1247,"char":"ˆ","width":15,"height":11,"xoffset":5,"yoffset":12,"xadvance":25,"chnl":15,"x":340,"y":743,"page":0},{"id":711,"index":1248,"char":"ˇ","width":15,"height":11,"xoffset":5,"yoffset":12,"xadvance":25,"chnl":15,"x":386,"y":706,"page":0},{"id":8226,"index":932,"char":"•","width":15,"height":15,"xoffset":5,"yoffset":26,"xadvance":25,"chnl":15,"x":117,"y":573,"page":0},{"id":168,"index":1255,"char":"¨","width":14,"height":7,"xoffset":6,"yoffset":15,"xadvance":25,"chnl":15,"x":126,"y":346,"page":0},{"id":175,"index":1256,"char":"¯","width":14,"height":5,"xoffset":6,"yoffset":16,"xadvance":25,"chnl":15,"x":47,"y":590,"page":0},{"id":176,"index":1162,"char":"°","width":13,"height":14,"xoffset":6,"yoffset":14,"xadvance":25,"chnl":15,"x":239,"y":507,"page":0},{"id":713,"index":1250,"char":"ˉ","width":14,"height":5,"xoffset":6,"yoffset":16,"xadvance":25,"chnl":15,"x":75,"y":714,"page":0},{"id":731,"index":1262,"char":"˛","width":11,"height":14,"xoffset":7,"yoffset":43,"xadvance":25,"chnl":15,"x":217,"y":531,"page":0},{"id":733,"index":1259,"char":"˝","width":14,"height":11,"xoffset":7,"yoffset":12,"xadvance":25,"chnl":15,"x":608,"y":111,"page":0},{"id":184,"index":1261,"char":"¸","width":10,"height":13,"xoffset":7,"yoffset":43,"xadvance":25,"chnl":15,"x":365,"y":809,"page":0},{"id":697,"index":1236,"char":"ʹ","width":6,"height":12,"xoffset":10,"yoffset":14,"xadvance":25,"chnl":15,"x":162,"y":466,"page":0},{"id":730,"index":1258,"char":"˚","width":12,"height":12,"xoffset":7,"yoffset":11,"xadvance":25,"chnl":15,"x":192,"y":546,"page":0},{"id":8242,"index":1163,"char":"′","width":6,"height":12,"xoffset":10,"yoffset":14,"xadvance":25,"chnl":15,"x":183,"y":506,"page":0},{"id":8243,"index":1164,"char":"″","width":12,"height":12,"xoffset":7,"yoffset":14,"xadvance":25,"chnl":15,"x":227,"y":791,"page":0},{"id":8245,"index":1165,"char":"‵","width":6,"height":12,"xoffset":9,"yoffset":14,"xadvance":25,"chnl":15,"x":209,"y":586,"page":0},{"id":96,"index":1245,"char":"`","width":11,"height":11,"xoffset":6,"yoffset":12,"xadvance":25,"chnl":15,"x":479,"y":396,"page":0},{"id":180,"index":1246,"char":"´","width":11,"height":11,"xoffset":8,"yoffset":12,"xadvance":25,"chnl":15,"x":471,"y":608,"page":0},{"id":714,"index":1251,"char":"ˊ","width":11,"height":11,"xoffset":8,"yoffset":12,"xadvance":25,"chnl":15,"x":467,"y":433,"page":0},{"id":715,"index":1252,"char":"ˋ","width":11,"height":11,"xoffset":6,"yoffset":12,"xadvance":25,"chnl":15,"x":623,"y":111,"page":0},{"id":46,"index":902,"char":".","width":8,"height":9,"xoffset":8,"yoffset":39,"xadvance":25,"chnl":15,"x":82,"y":356,"page":0},{"id":183,"index":931,"char":"·","width":8,"height":9,"xoffset":8,"yoffset":26,"xadvance":25,"chnl":15,"x":161,"y":519,"page":0},{"id":8729,"index":1145,"char":"∙","width":8,"height":9,"xoffset":8,"yoffset":26,"xadvance":25,"chnl":15,"x":217,"y":358,"page":0},{"id":729,"index":1260,"char":"˙","width":7,"height":8,"xoffset":9,"yoffset":14,"xadvance":25,"chnl":15,"x":72,"y":314,"page":0},{"id":32,"index":1,"char":" ","width":0,"height":0,"xoffset":-2,"yoffset":43,"xadvance":25,"chnl":15,"x":22,"y":143,"page":0},{"id":8199,"index":1379,"char":" ","width":0,"height":0,"xoffset":-2,"yoffset":43,"xadvance":25,"chnl":15,"x":32,"y":46,"page":0}],"info":{"face":"SourceCodePro-VariableFontwght","size":42,"bold":0,"italic":0,"charset":["!","\"","#","$","%","&","'","(",")","*","+",",","-",".","/","0","1","2","3","4","5","6","7","8","9",":",";","<","=",">","?","@","A","B","C","D","E","F","G","H","I","J","K","L","M","N","O","P","Q","R","S","T","U","V","W","X","Y","Z","[","\\","]","^","_","`","a","b","c","d","e","f","g","h","i","j","k","l","m","n","o","p","q","r","s","t","u","v","w","x","y","z","{","|","}","~"," ","¡","¢","£","¤","¥","¦","§","¨","©","ª","«","¬","­","®","¯","°","±","²","³","´","µ","¶","·","¸","¹","º","»","¼","½","¾","¿","À","Á","Â","Ã","Ä","Å","Æ","Ç","È","É","Ê","Ë","Ì","Í","Î","Ï","Ð","Ñ","Ò","Ó","Ô","Õ","Ö","×","Ø","Ù","Ú","Û","Ü","Ý","Þ","ß","à","á","â","ã","ä","å","æ","ç","è","é","ê","ë","ì","í","î","ï","ð","ñ","ò","ó","ô","õ","ö","÷","ø","ù","ú","û","ü","ý","þ","ÿ","Ā","ā","Ă","ă","Ą","ą","Ć","ć","Ĉ","ĉ","Ċ","ċ","Č","č","Ď","ď","Đ","đ","Ē","ē","Ĕ","ĕ","Ė","ė","Ę","ę","Ě","ě","Ĝ","ĝ","Ğ","ğ","Ġ","ġ","Ģ","ģ","Ĥ","ĥ","Ħ","ħ","Ĩ","ĩ","Ī","ī","Ĭ","ĭ","Į","į","İ","ı","Ĵ","ĵ","Ķ","ķ","ĸ","Ĺ","ĺ","Ļ","ļ","Ľ","ľ","Ŀ","ŀ","Ł","ł","Ń","ń","Ņ","ņ","Ň","ň","Ŋ","ŋ","Ō","ō","Ŏ","ŏ","Ő","ő","Œ","œ","Ŕ","ŕ","Ŗ","ŗ","Ř","ř","Ś","ś","Ŝ","ŝ","Ş","ş","Š","š","Ţ","ţ","Ť","ť","Ŧ","ŧ","Ũ","ũ","Ū","ū","Ŭ","ŭ","Ů","ů","Ű","ű","Ų","ų","Ŵ","ŵ","Ŷ","ŷ","Ÿ","Ź","ź","Ż","ż","Ž","ž","Ə","ƒ","Ơ","ơ","Ư","ư","Ǆ","ǅ","ǆ","Ǉ","ǈ","ǉ","Ǌ","ǋ","ǌ","Ǎ","ǎ","Ǐ","ǐ","Ǒ","ǒ","Ǔ","ǔ","Ǖ","ǖ","Ǘ","ǘ","Ǚ","ǚ","Ǜ","ǜ","Ǧ","ǧ","Ǫ","ǫ","Ǻ","ǻ","Ǽ","ǽ","Ǿ","ǿ","Ȁ","ȁ","Ȃ","ȃ","Ȅ","ȅ","Ȇ","ȇ","Ȉ","ȉ","Ȋ","ȋ","Ȍ","ȍ","Ȏ","ȏ","Ȑ","ȑ","Ȓ","ȓ","Ȕ","ȕ","Ȗ","ȗ","Ș","ș","Ț","ț","Ȫ","ȫ","Ȭ","ȭ","Ȱ","ȱ","Ȳ","ȳ","ȷ","ə","ʹ","ʺ","ʻ","ʼ","ʾ","ʿ","ˆ","ˇ","ˈ","ˉ","ˊ","ˋ","ˌ","˘","˙","˚","˛","˜","˝","Ḉ","ḉ","Ḍ","ḍ","Ḏ","ḏ","Ḕ","ḕ","Ḗ","ḗ","Ḝ","ḝ","Ḡ","ḡ","Ḥ","ḥ","Ḫ","ḫ","Ḯ","ḯ","Ḱ","ḱ","Ḷ","ḷ","Ḻ","ḻ","Ṃ","ṃ","Ṅ","ṅ","Ṇ","ṇ","Ṉ","ṉ","Ṍ","ṍ","Ṏ","ṏ","Ṑ","ṑ","Ṓ","ṓ","Ṛ","ṛ","Ṟ","ṟ","Ṡ","ṡ","Ṣ","ṣ","Ṥ","ṥ","Ṧ","ṧ","Ṩ","ṩ","Ṭ","ṭ","Ṯ","ṯ","Ṹ","ṹ","Ṻ","ṻ","Ẁ","ẁ","Ẃ","ẃ","Ẅ","ẅ","Ẏ","ẏ","Ẓ","ẓ","ẗ","ẞ","Ạ","ạ","Ả","ả","Ấ","ấ","Ầ","ầ","Ẩ","ẩ","Ẫ","ẫ","Ậ","ậ","Ắ","ắ","Ằ","ằ","Ẳ","ẳ","Ẵ","ẵ","Ặ","ặ","Ẹ","ẹ","Ẻ","ẻ","Ẽ","ẽ","Ế","ế","Ề","ề","Ể","ể","Ễ","ễ","Ệ","ệ","Ỉ","ỉ","Ị","ị","Ọ","ọ","Ỏ","ỏ","Ố","ố","Ồ","ồ","Ổ","ổ","Ỗ","ỗ","Ộ","ộ","Ớ","ớ","Ờ","ờ","Ở","ở","Ỡ","ỡ","Ợ","ợ","Ụ","ụ","Ủ","ủ","Ứ","ứ","Ừ","ừ","Ử","ử","Ữ","ữ","Ự","ự","Ỳ","ỳ","Ỵ","ỵ","Ỷ","ỷ","Ỹ","ỹ"," "," "," "," "," "," "," "," "," "," "," ","​","‐","‑","‒","–","—","―","‘","’","‚","“","”","„","†","‡","•","…","‰","′","″","‴","‵","‹","›","⁄","⁒","₡","₣","₤","₦","₧","₩","₫","€","₭","₮","₱","₲","₴","₵","₸","₹","₺","₼","₽","←","↑","→","↓","∂","∅","∆","∏","∑","−","∕","∙","√","∞","∫","∶","≈","≠","≡","≢","≤","≥"],"unicode":1,"stretchH":100,"smooth":1,"aa":1,"padding":[2,2,2,2],"spacing":[0,0]},"common":{"lineHeight":53,"base":43,"scaleW":1024,"scaleH":1024,"pages":1,"packed":0,"alphaChnl":0,"redChnl":0,"greenChnl":0,"blueChnl":0},"distanceField":{"fieldType":"msdf","distanceRange":4},"kernings":[]}